Category,Target Term,Template,Search Phrase
Romantic partner,partner,got back to,My post got back to my partner
Romantic partner,partner,found my [obj],My partner found my post
Romantic partner,partner,found out about my [obj],My partner found out about my post
Romantic partner,partner,found my [obj],My partner found my posts
Romantic partner,partner,found out about my [obj],My partner found out about my posts
Romantic partner,partner,found my [obj],My partner found my Reddit
Romantic partner,partner,found out about my [obj],My partner found out about my Reddit
Romantic partner,partner,found my [obj],My partner found my account
Romantic partner,partner,found out about my [obj],My partner found out about my account
Romantic partner,partner,found my [obj],My partner found my page
Romantic partner,partner,found out about my [obj],My partner found out about my page
Romantic partner,partner,found my [obj],My partner found my profile
Romantic partner,partner,found out about my [obj],My partner found out about my profile
Romantic partner,partner,found my [obj],My partner found my comment
Romantic partner,partner,found out about my [obj],My partner found out about my comment
Romantic partner,partner,found my [obj],My partner found my comments
Romantic partner,partner,found out about my [obj],My partner found out about my comments
Romantic partner,partner,saw my [obj],My partner saw my post
Romantic partner,partner,saw my [obj],My partner saw my posts
Romantic partner,partner,saw my [obj],My partner saw my Reddit
Romantic partner,partner,saw my [obj],My partner saw my account
Romantic partner,partner,saw my [obj],My partner saw my page
Romantic partner,partner,saw my [obj],My partner saw my profile
Romantic partner,partner,saw my [obj],My partner saw my comment
Romantic partner,partner,saw my [obj],My partner saw my comments
Romantic partner,partner,exposed my [obj],My partner exposed my post
Romantic partner,partner,exposed my [obj],My partner exposed my posts
Romantic partner,partner,exposed my [obj],My partner exposed my Reddit
Romantic partner,partner,exposed my [obj],My partner exposed my account
Romantic partner,partner,exposed my [obj],My partner exposed my page
Romantic partner,partner,exposed my [obj],My partner exposed my profile
Romantic partner,partner,exposed my [obj],My partner exposed my comment
Romantic partner,partner,exposed my [obj],My partner exposed my comments
Romantic partner,partner,knows about my [obj],My partner knows about my post
Romantic partner,partner,knows about my [obj],My partner knows about my posts
Romantic partner,partner,knows about my [obj],My partner knows about my Reddit
Romantic partner,partner,knows about my [obj],My partner knows about my account
Romantic partner,partner,knows about my [obj],My partner knows about my page
Romantic partner,partner,knows about my [obj],My partner knows about my profile
Romantic partner,partner,knows about my [obj],My partner knows about my comment
Romantic partner,partner,knows about my [obj],My partner knows about my comments
Romantic partner,partner,knows my [obj],My partner knows my username
Romantic partner,partner,knows my [obj],My partner knows my account
Romantic partner,partner,knows my [obj],My partner knows my Reddit
Romantic partner,partner,lurks [where],My partner lurks here
Romantic partner,partner,lurks [where],My partner lurks on Reddit
Romantic partner,partner,is a lurker,My partner is a lurker
Romantic partner,partner,found the [obj],My partner found the thread
Romantic partner,partner,found the [obj],My partner found the post
Romantic partner,partner,found the [obj],My partner found the posts
Romantic partner,partner,found the [obj],My partner found the comment
Romantic partner,partner,found the [obj],My partner found the comments
Romantic partner,partner,sent this [obj] to,Sent this thread to my partner
Romantic partner,partner,sent this [obj] to,Sent this post to my partner
Romantic partner,partner,came across [det] [obj],My partner came across the post
Romantic partner,partner,came across [det] [obj],My partner came across the Reddit
Romantic partner,partner,came across [det] [obj],My partner came across the account
Romantic partner,partner,came across [det] [obj],My partner came across the comment
Romantic partner,partner,came across [det] [obj],My partner came across the thread
Romantic partner,partner,came across [det] [obj],My partner came across my post
Romantic partner,partner,came across [det] [obj],My partner came across my Reddit
Romantic partner,partner,came across [det] [obj],My partner came across my account
Romantic partner,partner,came across [det] [obj],My partner came across my comment
Romantic partner,partner,came across [det] [obj],My partner came across my thread
Romantic partner,partner,came across [det] [obj],My partner came across this post
Romantic partner,partner,came across [det] [obj],My partner came across this Reddit
Romantic partner,partner,came across [det] [obj],My partner came across this account
Romantic partner,partner,came across [det] [obj],My partner came across this comment
Romantic partner,partner,came across [det] [obj],My partner came across this thread
Romantic partner,partner,stumbled across [det] [obj],My partner stumbled across the post
Romantic partner,partner,stumbled across [det] [obj],My partner stumbled across the Reddit
Romantic partner,partner,stumbled across [det] [obj],My partner stumbled across the account
Romantic partner,partner,stumbled across [det] [obj],My partner stumbled across the thread
Romantic partner,partner,stumbled across [det] [obj],My partner stumbled across the comment
Romantic partner,partner,stumbled across [det] [obj],My partner stumbled across my post
Romantic partner,partner,stumbled across [det] [obj],My partner stumbled across my Reddit
Romantic partner,partner,stumbled across [det] [obj],My partner stumbled across my account
Romantic partner,partner,stumbled across [det] [obj],My partner stumbled across my thread
Romantic partner,partner,stumbled across [det] [obj],My partner stumbled across my comment
Romantic partner,partner,stumbled across [det] [obj],My partner stumbled across this post
Romantic partner,partner,stumbled across [det] [obj],My partner stumbled across this Reddit
Romantic partner,partner,stumbled across [det] [obj],My partner stumbled across this account
Romantic partner,partner,stumbled across [det] [obj],My partner stumbled across this thread
Romantic partner,partner,stumbled across [det] [obj],My partner stumbled across this comment
Romantic partner,partner,found out I [obj],My partner found out I posted
Romantic partner,partner,found out I [obj],My partner found out I made this
Romantic partner,partner,traced my [obj],My partner traced my post
Romantic partner,partner,traced my [obj],My partner traced my Reddit
Romantic partner,partner,traced my [obj],My partner traced my account
Romantic partner,partner,traced my [obj],My partner traced my comment
Romantic partner,partner,traced my [obj],My partner traced my thread
Romantic partner,partner,got shared with,My post got shared with my partner
Romantic partner,partner,got shared with,My Reddit got shared with my partner
Romantic partner,partner,got shared with,My account got shared with my partner
Romantic partner,partner,got shared with,My comment got shared with my partner
Romantic partner,partner,got shared with,My thread got shared with my partner
Romantic partner,significant other,got back to,My post got back to my significant other
Romantic partner,significant other,found my [obj],My significant other found my post
Romantic partner,significant other,found out about my [obj],My significant other found out about my post
Romantic partner,significant other,found my [obj],My significant other found my posts
Romantic partner,significant other,found out about my [obj],My significant other found out about my posts
Romantic partner,significant other,found my [obj],My significant other found my Reddit
Romantic partner,significant other,found out about my [obj],My significant other found out about my Reddit
Romantic partner,significant other,found my [obj],My significant other found my account
Romantic partner,significant other,found out about my [obj],My significant other found out about my account
Romantic partner,significant other,found my [obj],My significant other found my page
Romantic partner,significant other,found out about my [obj],My significant other found out about my page
Romantic partner,significant other,found my [obj],My significant other found my profile
Romantic partner,significant other,found out about my [obj],My significant other found out about my profile
Romantic partner,significant other,found my [obj],My significant other found my comment
Romantic partner,significant other,found out about my [obj],My significant other found out about my comment
Romantic partner,significant other,found my [obj],My significant other found my comments
Romantic partner,significant other,found out about my [obj],My significant other found out about my comments
Romantic partner,significant other,saw my [obj],My significant other saw my post
Romantic partner,significant other,saw my [obj],My significant other saw my posts
Romantic partner,significant other,saw my [obj],My significant other saw my Reddit
Romantic partner,significant other,saw my [obj],My significant other saw my account
Romantic partner,significant other,saw my [obj],My significant other saw my page
Romantic partner,significant other,saw my [obj],My significant other saw my profile
Romantic partner,significant other,saw my [obj],My significant other saw my comment
Romantic partner,significant other,saw my [obj],My significant other saw my comments
Romantic partner,significant other,exposed my [obj],My significant other exposed my post
Romantic partner,significant other,exposed my [obj],My significant other exposed my posts
Romantic partner,significant other,exposed my [obj],My significant other exposed my Reddit
Romantic partner,significant other,exposed my [obj],My significant other exposed my account
Romantic partner,significant other,exposed my [obj],My significant other exposed my page
Romantic partner,significant other,exposed my [obj],My significant other exposed my profile
Romantic partner,significant other,exposed my [obj],My significant other exposed my comment
Romantic partner,significant other,exposed my [obj],My significant other exposed my comments
Romantic partner,significant other,knows about my [obj],My significant other knows about my post
Romantic partner,significant other,knows about my [obj],My significant other knows about my posts
Romantic partner,significant other,knows about my [obj],My significant other knows about my Reddit
Romantic partner,significant other,knows about my [obj],My significant other knows about my account
Romantic partner,significant other,knows about my [obj],My significant other knows about my page
Romantic partner,significant other,knows about my [obj],My significant other knows about my profile
Romantic partner,significant other,knows about my [obj],My significant other knows about my comment
Romantic partner,significant other,knows about my [obj],My significant other knows about my comments
Romantic partner,significant other,knows my [obj],My significant other knows my username
Romantic partner,significant other,knows my [obj],My significant other knows my account
Romantic partner,significant other,knows my [obj],My significant other knows my Reddit
Romantic partner,significant other,lurks [where],My significant other lurks here
Romantic partner,significant other,lurks [where],My significant other lurks on Reddit
Romantic partner,significant other,is a lurker,My significant other is a lurker
Romantic partner,significant other,found the [obj],My significant other found the thread
Romantic partner,significant other,found the [obj],My significant other found the post
Romantic partner,significant other,found the [obj],My significant other found the posts
Romantic partner,significant other,found the [obj],My significant other found the comment
Romantic partner,significant other,found the [obj],My significant other found the comments
Romantic partner,significant other,sent this [obj] to,Sent this thread to my significant other
Romantic partner,significant other,sent this [obj] to,Sent this post to my significant other
Romantic partner,significant other,came across [det] [obj],My significant other came across the post
Romantic partner,significant other,came across [det] [obj],My significant other came across the Reddit
Romantic partner,significant other,came across [det] [obj],My significant other came across the account
Romantic partner,significant other,came across [det] [obj],My significant other came across the comment
Romantic partner,significant other,came across [det] [obj],My significant other came across the thread
Romantic partner,significant other,came across [det] [obj],My significant other came across my post
Romantic partner,significant other,came across [det] [obj],My significant other came across my Reddit
Romantic partner,significant other,came across [det] [obj],My significant other came across my account
Romantic partner,significant other,came across [det] [obj],My significant other came across my comment
Romantic partner,significant other,came across [det] [obj],My significant other came across my thread
Romantic partner,significant other,came across [det] [obj],My significant other came across this post
Romantic partner,significant other,came across [det] [obj],My significant other came across this Reddit
Romantic partner,significant other,came across [det] [obj],My significant other came across this account
Romantic partner,significant other,came across [det] [obj],My significant other came across this comment
Romantic partner,significant other,came across [det] [obj],My significant other came across this thread
Romantic partner,significant other,stumbled across [det] [obj],My significant other stumbled across the post
Romantic partner,significant other,stumbled across [det] [obj],My significant other stumbled across the Reddit
Romantic partner,significant other,stumbled across [det] [obj],My significant other stumbled across the account
Romantic partner,significant other,stumbled across [det] [obj],My significant other stumbled across the thread
Romantic partner,significant other,stumbled across [det] [obj],My significant other stumbled across the comment
Romantic partner,significant other,stumbled across [det] [obj],My significant other stumbled across my post
Romantic partner,significant other,stumbled across [det] [obj],My significant other stumbled across my Reddit
Romantic partner,significant other,stumbled across [det] [obj],My significant other stumbled across my account
Romantic partner,significant other,stumbled across [det] [obj],My significant other stumbled across my thread
Romantic partner,significant other,stumbled across [det] [obj],My significant other stumbled across my comment
Romantic partner,significant other,stumbled across [det] [obj],My significant other stumbled across this post
Romantic partner,significant other,stumbled across [det] [obj],My significant other stumbled across this Reddit
Romantic partner,significant other,stumbled across [det] [obj],My significant other stumbled across this account
Romantic partner,significant other,stumbled across [det] [obj],My significant other stumbled across this thread
Romantic partner,significant other,stumbled across [det] [obj],My significant other stumbled across this comment
Romantic partner,significant other,found out I [obj],My significant other found out I posted
Romantic partner,significant other,found out I [obj],My significant other found out I made this
Romantic partner,significant other,traced my [obj],My significant other traced my post
Romantic partner,significant other,traced my [obj],My significant other traced my Reddit
Romantic partner,significant other,traced my [obj],My significant other traced my account
Romantic partner,significant other,traced my [obj],My significant other traced my comment
Romantic partner,significant other,traced my [obj],My significant other traced my thread
Romantic partner,significant other,got shared with,My post got shared with my significant other
Romantic partner,significant other,got shared with,My Reddit got shared with my significant other
Romantic partner,significant other,got shared with,My account got shared with my significant other
Romantic partner,significant other,got shared with,My comment got shared with my significant other
Romantic partner,significant other,got shared with,My thread got shared with my significant other
Romantic partner,spouse,got back to,My post got back to my spouse
Romantic partner,spouse,found my [obj],My spouse found my post
Romantic partner,spouse,found out about my [obj],My spouse found out about my post
Romantic partner,spouse,found my [obj],My spouse found my posts
Romantic partner,spouse,found out about my [obj],My spouse found out about my posts
Romantic partner,spouse,found my [obj],My spouse found my Reddit
Romantic partner,spouse,found out about my [obj],My spouse found out about my Reddit
Romantic partner,spouse,found my [obj],My spouse found my account
Romantic partner,spouse,found out about my [obj],My spouse found out about my account
Romantic partner,spouse,found my [obj],My spouse found my page
Romantic partner,spouse,found out about my [obj],My spouse found out about my page
Romantic partner,spouse,found my [obj],My spouse found my profile
Romantic partner,spouse,found out about my [obj],My spouse found out about my profile
Romantic partner,spouse,found my [obj],My spouse found my comment
Romantic partner,spouse,found out about my [obj],My spouse found out about my comment
Romantic partner,spouse,found my [obj],My spouse found my comments
Romantic partner,spouse,found out about my [obj],My spouse found out about my comments
Romantic partner,spouse,saw my [obj],My spouse saw my post
Romantic partner,spouse,saw my [obj],My spouse saw my posts
Romantic partner,spouse,saw my [obj],My spouse saw my Reddit
Romantic partner,spouse,saw my [obj],My spouse saw my account
Romantic partner,spouse,saw my [obj],My spouse saw my page
Romantic partner,spouse,saw my [obj],My spouse saw my profile
Romantic partner,spouse,saw my [obj],My spouse saw my comment
Romantic partner,spouse,saw my [obj],My spouse saw my comments
Romantic partner,spouse,exposed my [obj],My spouse exposed my post
Romantic partner,spouse,exposed my [obj],My spouse exposed my posts
Romantic partner,spouse,exposed my [obj],My spouse exposed my Reddit
Romantic partner,spouse,exposed my [obj],My spouse exposed my account
Romantic partner,spouse,exposed my [obj],My spouse exposed my page
Romantic partner,spouse,exposed my [obj],My spouse exposed my profile
Romantic partner,spouse,exposed my [obj],My spouse exposed my comment
Romantic partner,spouse,exposed my [obj],My spouse exposed my comments
Romantic partner,spouse,knows about my [obj],My spouse knows about my post
Romantic partner,spouse,knows about my [obj],My spouse knows about my posts
Romantic partner,spouse,knows about my [obj],My spouse knows about my Reddit
Romantic partner,spouse,knows about my [obj],My spouse knows about my account
Romantic partner,spouse,knows about my [obj],My spouse knows about my page
Romantic partner,spouse,knows about my [obj],My spouse knows about my profile
Romantic partner,spouse,knows about my [obj],My spouse knows about my comment
Romantic partner,spouse,knows about my [obj],My spouse knows about my comments
Romantic partner,spouse,knows my [obj],My spouse knows my username
Romantic partner,spouse,knows my [obj],My spouse knows my account
Romantic partner,spouse,knows my [obj],My spouse knows my Reddit
Romantic partner,spouse,lurks [where],My spouse lurks here
Romantic partner,spouse,lurks [where],My spouse lurks on Reddit
Romantic partner,spouse,is a lurker,My spouse is a lurker
Romantic partner,spouse,found the [obj],My spouse found the thread
Romantic partner,spouse,found the [obj],My spouse found the post
Romantic partner,spouse,found the [obj],My spouse found the posts
Romantic partner,spouse,found the [obj],My spouse found the comment
Romantic partner,spouse,found the [obj],My spouse found the comments
Romantic partner,spouse,sent this [obj] to,Sent this thread to my spouse
Romantic partner,spouse,sent this [obj] to,Sent this post to my spouse
Romantic partner,spouse,came across [det] [obj],My spouse came across the post
Romantic partner,spouse,came across [det] [obj],My spouse came across the Reddit
Romantic partner,spouse,came across [det] [obj],My spouse came across the account
Romantic partner,spouse,came across [det] [obj],My spouse came across the comment
Romantic partner,spouse,came across [det] [obj],My spouse came across the thread
Romantic partner,spouse,came across [det] [obj],My spouse came across my post
Romantic partner,spouse,came across [det] [obj],My spouse came across my Reddit
Romantic partner,spouse,came across [det] [obj],My spouse came across my account
Romantic partner,spouse,came across [det] [obj],My spouse came across my comment
Romantic partner,spouse,came across [det] [obj],My spouse came across my thread
Romantic partner,spouse,came across [det] [obj],My spouse came across this post
Romantic partner,spouse,came across [det] [obj],My spouse came across this Reddit
Romantic partner,spouse,came across [det] [obj],My spouse came across this account
Romantic partner,spouse,came across [det] [obj],My spouse came across this comment
Romantic partner,spouse,came across [det] [obj],My spouse came across this thread
Romantic partner,spouse,stumbled across [det] [obj],My spouse stumbled across the post
Romantic partner,spouse,stumbled across [det] [obj],My spouse stumbled across the Reddit
Romantic partner,spouse,stumbled across [det] [obj],My spouse stumbled across the account
Romantic partner,spouse,stumbled across [det] [obj],My spouse stumbled across the thread
Romantic partner,spouse,stumbled across [det] [obj],My spouse stumbled across the comment
Romantic partner,spouse,stumbled across [det] [obj],My spouse stumbled across my post
Romantic partner,spouse,stumbled across [det] [obj],My spouse stumbled across my Reddit
Romantic partner,spouse,stumbled across [det] [obj],My spouse stumbled across my account
Romantic partner,spouse,stumbled across [det] [obj],My spouse stumbled across my thread
Romantic partner,spouse,stumbled across [det] [obj],My spouse stumbled across my comment
Romantic partner,spouse,stumbled across [det] [obj],My spouse stumbled across this post
Romantic partner,spouse,stumbled across [det] [obj],My spouse stumbled across this Reddit
Romantic partner,spouse,stumbled across [det] [obj],My spouse stumbled across this account
Romantic partner,spouse,stumbled across [det] [obj],My spouse stumbled across this thread
Romantic partner,spouse,stumbled across [det] [obj],My spouse stumbled across this comment
Romantic partner,spouse,found out I [obj],My spouse found out I posted
Romantic partner,spouse,found out I [obj],My spouse found out I made this
Romantic partner,spouse,traced my [obj],My spouse traced my post
Romantic partner,spouse,traced my [obj],My spouse traced my Reddit
Romantic partner,spouse,traced my [obj],My spouse traced my account
Romantic partner,spouse,traced my [obj],My spouse traced my comment
Romantic partner,spouse,traced my [obj],My spouse traced my thread
Romantic partner,spouse,got shared with,My post got shared with my spouse
Romantic partner,spouse,got shared with,My Reddit got shared with my spouse
Romantic partner,spouse,got shared with,My account got shared with my spouse
Romantic partner,spouse,got shared with,My comment got shared with my spouse
Romantic partner,spouse,got shared with,My thread got shared with my spouse
Romantic partner,wife,got back to,My post got back to my wife
Romantic partner,wife,found my [obj],My wife found my post
Romantic partner,wife,found out about my [obj],My wife found out about my post
Romantic partner,wife,found my [obj],My wife found my posts
Romantic partner,wife,found out about my [obj],My wife found out about my posts
Romantic partner,wife,found my [obj],My wife found my Reddit
Romantic partner,wife,found out about my [obj],My wife found out about my Reddit
Romantic partner,wife,found my [obj],My wife found my account
Romantic partner,wife,found out about my [obj],My wife found out about my account
Romantic partner,wife,found my [obj],My wife found my page
Romantic partner,wife,found out about my [obj],My wife found out about my page
Romantic partner,wife,found my [obj],My wife found my profile
Romantic partner,wife,found out about my [obj],My wife found out about my profile
Romantic partner,wife,found my [obj],My wife found my comment
Romantic partner,wife,found out about my [obj],My wife found out about my comment
Romantic partner,wife,found my [obj],My wife found my comments
Romantic partner,wife,found out about my [obj],My wife found out about my comments
Romantic partner,wife,saw my [obj],My wife saw my post
Romantic partner,wife,saw my [obj],My wife saw my posts
Romantic partner,wife,saw my [obj],My wife saw my Reddit
Romantic partner,wife,saw my [obj],My wife saw my account
Romantic partner,wife,saw my [obj],My wife saw my page
Romantic partner,wife,saw my [obj],My wife saw my profile
Romantic partner,wife,saw my [obj],My wife saw my comment
Romantic partner,wife,saw my [obj],My wife saw my comments
Romantic partner,wife,exposed my [obj],My wife exposed my post
Romantic partner,wife,exposed my [obj],My wife exposed my posts
Romantic partner,wife,exposed my [obj],My wife exposed my Reddit
Romantic partner,wife,exposed my [obj],My wife exposed my account
Romantic partner,wife,exposed my [obj],My wife exposed my page
Romantic partner,wife,exposed my [obj],My wife exposed my profile
Romantic partner,wife,exposed my [obj],My wife exposed my comment
Romantic partner,wife,exposed my [obj],My wife exposed my comments
Romantic partner,wife,knows about my [obj],My wife knows about my post
Romantic partner,wife,knows about my [obj],My wife knows about my posts
Romantic partner,wife,knows about my [obj],My wife knows about my Reddit
Romantic partner,wife,knows about my [obj],My wife knows about my account
Romantic partner,wife,knows about my [obj],My wife knows about my page
Romantic partner,wife,knows about my [obj],My wife knows about my profile
Romantic partner,wife,knows about my [obj],My wife knows about my comment
Romantic partner,wife,knows about my [obj],My wife knows about my comments
Romantic partner,wife,knows my [obj],My wife knows my username
Romantic partner,wife,knows my [obj],My wife knows my account
Romantic partner,wife,knows my [obj],My wife knows my Reddit
Romantic partner,wife,lurks [where],My wife lurks here
Romantic partner,wife,lurks [where],My wife lurks on Reddit
Romantic partner,wife,is a lurker,My wife is a lurker
Romantic partner,wife,found the [obj],My wife found the thread
Romantic partner,wife,found the [obj],My wife found the post
Romantic partner,wife,found the [obj],My wife found the posts
Romantic partner,wife,found the [obj],My wife found the comment
Romantic partner,wife,found the [obj],My wife found the comments
Romantic partner,wife,sent this [obj] to,Sent this thread to my wife
Romantic partner,wife,sent this [obj] to,Sent this post to my wife
Romantic partner,wife,came across [det] [obj],My wife came across the post
Romantic partner,wife,came across [det] [obj],My wife came across the Reddit
Romantic partner,wife,came across [det] [obj],My wife came across the account
Romantic partner,wife,came across [det] [obj],My wife came across the comment
Romantic partner,wife,came across [det] [obj],My wife came across the thread
Romantic partner,wife,came across [det] [obj],My wife came across my post
Romantic partner,wife,came across [det] [obj],My wife came across my Reddit
Romantic partner,wife,came across [det] [obj],My wife came across my account
Romantic partner,wife,came across [det] [obj],My wife came across my comment
Romantic partner,wife,came across [det] [obj],My wife came across my thread
Romantic partner,wife,came across [det] [obj],My wife came across this post
Romantic partner,wife,came across [det] [obj],My wife came across this Reddit
Romantic partner,wife,came across [det] [obj],My wife came across this account
Romantic partner,wife,came across [det] [obj],My wife came across this comment
Romantic partner,wife,came across [det] [obj],My wife came across this thread
Romantic partner,wife,stumbled across [det] [obj],My wife stumbled across the post
Romantic partner,wife,stumbled across [det] [obj],My wife stumbled across the Reddit
Romantic partner,wife,stumbled across [det] [obj],My wife stumbled across the account
Romantic partner,wife,stumbled across [det] [obj],My wife stumbled across the thread
Romantic partner,wife,stumbled across [det] [obj],My wife stumbled across the comment
Romantic partner,wife,stumbled across [det] [obj],My wife stumbled across my post
Romantic partner,wife,stumbled across [det] [obj],My wife stumbled across my Reddit
Romantic partner,wife,stumbled across [det] [obj],My wife stumbled across my account
Romantic partner,wife,stumbled across [det] [obj],My wife stumbled across my thread
Romantic partner,wife,stumbled across [det] [obj],My wife stumbled across my comment
Romantic partner,wife,stumbled across [det] [obj],My wife stumbled across this post
Romantic partner,wife,stumbled across [det] [obj],My wife stumbled across this Reddit
Romantic partner,wife,stumbled across [det] [obj],My wife stumbled across this account
Romantic partner,wife,stumbled across [det] [obj],My wife stumbled across this thread
Romantic partner,wife,stumbled across [det] [obj],My wife stumbled across this comment
Romantic partner,wife,found out I [obj],My wife found out I posted
Romantic partner,wife,found out I [obj],My wife found out I made this
Romantic partner,wife,traced my [obj],My wife traced my post
Romantic partner,wife,traced my [obj],My wife traced my Reddit
Romantic partner,wife,traced my [obj],My wife traced my account
Romantic partner,wife,traced my [obj],My wife traced my comment
Romantic partner,wife,traced my [obj],My wife traced my thread
Romantic partner,wife,got shared with,My post got shared with my wife
Romantic partner,wife,got shared with,My Reddit got shared with my wife
Romantic partner,wife,got shared with,My account got shared with my wife
Romantic partner,wife,got shared with,My comment got shared with my wife
Romantic partner,wife,got shared with,My thread got shared with my wife
Romantic partner,husband,got back to,My post got back to my husband
Romantic partner,husband,found my [obj],My husband found my post
Romantic partner,husband,found out about my [obj],My husband found out about my post
Romantic partner,husband,found my [obj],My husband found my posts
Romantic partner,husband,found out about my [obj],My husband found out about my posts
Romantic partner,husband,found my [obj],My husband found my Reddit
Romantic partner,husband,found out about my [obj],My husband found out about my Reddit
Romantic partner,husband,found my [obj],My husband found my account
Romantic partner,husband,found out about my [obj],My husband found out about my account
Romantic partner,husband,found my [obj],My husband found my page
Romantic partner,husband,found out about my [obj],My husband found out about my page
Romantic partner,husband,found my [obj],My husband found my profile
Romantic partner,husband,found out about my [obj],My husband found out about my profile
Romantic partner,husband,found my [obj],My husband found my comment
Romantic partner,husband,found out about my [obj],My husband found out about my comment
Romantic partner,husband,found my [obj],My husband found my comments
Romantic partner,husband,found out about my [obj],My husband found out about my comments
Romantic partner,husband,saw my [obj],My husband saw my post
Romantic partner,husband,saw my [obj],My husband saw my posts
Romantic partner,husband,saw my [obj],My husband saw my Reddit
Romantic partner,husband,saw my [obj],My husband saw my account
Romantic partner,husband,saw my [obj],My husband saw my page
Romantic partner,husband,saw my [obj],My husband saw my profile
Romantic partner,husband,saw my [obj],My husband saw my comment
Romantic partner,husband,saw my [obj],My husband saw my comments
Romantic partner,husband,exposed my [obj],My husband exposed my post
Romantic partner,husband,exposed my [obj],My husband exposed my posts
Romantic partner,husband,exposed my [obj],My husband exposed my Reddit
Romantic partner,husband,exposed my [obj],My husband exposed my account
Romantic partner,husband,exposed my [obj],My husband exposed my page
Romantic partner,husband,exposed my [obj],My husband exposed my profile
Romantic partner,husband,exposed my [obj],My husband exposed my comment
Romantic partner,husband,exposed my [obj],My husband exposed my comments
Romantic partner,husband,knows about my [obj],My husband knows about my post
Romantic partner,husband,knows about my [obj],My husband knows about my posts
Romantic partner,husband,knows about my [obj],My husband knows about my Reddit
Romantic partner,husband,knows about my [obj],My husband knows about my account
Romantic partner,husband,knows about my [obj],My husband knows about my page
Romantic partner,husband,knows about my [obj],My husband knows about my profile
Romantic partner,husband,knows about my [obj],My husband knows about my comment
Romantic partner,husband,knows about my [obj],My husband knows about my comments
Romantic partner,husband,knows my [obj],My husband knows my username
Romantic partner,husband,knows my [obj],My husband knows my account
Romantic partner,husband,knows my [obj],My husband knows my Reddit
Romantic partner,husband,lurks [where],My husband lurks here
Romantic partner,husband,lurks [where],My husband lurks on Reddit
Romantic partner,husband,is a lurker,My husband is a lurker
Romantic partner,husband,found the [obj],My husband found the thread
Romantic partner,husband,found the [obj],My husband found the post
Romantic partner,husband,found the [obj],My husband found the posts
Romantic partner,husband,found the [obj],My husband found the comment
Romantic partner,husband,found the [obj],My husband found the comments
Romantic partner,husband,sent this [obj] to,Sent this thread to my husband
Romantic partner,husband,sent this [obj] to,Sent this post to my husband
Romantic partner,husband,came across [det] [obj],My husband came across the post
Romantic partner,husband,came across [det] [obj],My husband came across the Reddit
Romantic partner,husband,came across [det] [obj],My husband came across the account
Romantic partner,husband,came across [det] [obj],My husband came across the comment
Romantic partner,husband,came across [det] [obj],My husband came across the thread
Romantic partner,husband,came across [det] [obj],My husband came across my post
Romantic partner,husband,came across [det] [obj],My husband came across my Reddit
Romantic partner,husband,came across [det] [obj],My husband came across my account
Romantic partner,husband,came across [det] [obj],My husband came across my comment
Romantic partner,husband,came across [det] [obj],My husband came across my thread
Romantic partner,husband,came across [det] [obj],My husband came across this post
Romantic partner,husband,came across [det] [obj],My husband came across this Reddit
Romantic partner,husband,came across [det] [obj],My husband came across this account
Romantic partner,husband,came across [det] [obj],My husband came across this comment
Romantic partner,husband,came across [det] [obj],My husband came across this thread
Romantic partner,husband,stumbled across [det] [obj],My husband stumbled across the post
Romantic partner,husband,stumbled across [det] [obj],My husband stumbled across the Reddit
Romantic partner,husband,stumbled across [det] [obj],My husband stumbled across the account
Romantic partner,husband,stumbled across [det] [obj],My husband stumbled across the thread
Romantic partner,husband,stumbled across [det] [obj],My husband stumbled across the comment
Romantic partner,husband,stumbled across [det] [obj],My husband stumbled across my post
Romantic partner,husband,stumbled across [det] [obj],My husband stumbled across my Reddit
Romantic partner,husband,stumbled across [det] [obj],My husband stumbled across my account
Romantic partner,husband,stumbled across [det] [obj],My husband stumbled across my thread
Romantic partner,husband,stumbled across [det] [obj],My husband stumbled across my comment
Romantic partner,husband,stumbled across [det] [obj],My husband stumbled across this post
Romantic partner,husband,stumbled across [det] [obj],My husband stumbled across this Reddit
Romantic partner,husband,stumbled across [det] [obj],My husband stumbled across this account
Romantic partner,husband,stumbled across [det] [obj],My husband stumbled across this thread
Romantic partner,husband,stumbled across [det] [obj],My husband stumbled across this comment
Romantic partner,husband,found out I [obj],My husband found out I posted
Romantic partner,husband,found out I [obj],My husband found out I made this
Romantic partner,husband,traced my [obj],My husband traced my post
Romantic partner,husband,traced my [obj],My husband traced my Reddit
Romantic partner,husband,traced my [obj],My husband traced my account
Romantic partner,husband,traced my [obj],My husband traced my comment
Romantic partner,husband,traced my [obj],My husband traced my thread
Romantic partner,husband,got shared with,My post got shared with my husband
Romantic partner,husband,got shared with,My Reddit got shared with my husband
Romantic partner,husband,got shared with,My account got shared with my husband
Romantic partner,husband,got shared with,My comment got shared with my husband
Romantic partner,husband,got shared with,My thread got shared with my husband
Romantic partner,hubby,got back to,My post got back to my hubby
Romantic partner,hubby,found my [obj],My hubby found my post
Romantic partner,hubby,found out about my [obj],My hubby found out about my post
Romantic partner,hubby,found my [obj],My hubby found my posts
Romantic partner,hubby,found out about my [obj],My hubby found out about my posts
Romantic partner,hubby,found my [obj],My hubby found my Reddit
Romantic partner,hubby,found out about my [obj],My hubby found out about my Reddit
Romantic partner,hubby,found my [obj],My hubby found my account
Romantic partner,hubby,found out about my [obj],My hubby found out about my account
Romantic partner,hubby,found my [obj],My hubby found my page
Romantic partner,hubby,found out about my [obj],My hubby found out about my page
Romantic partner,hubby,found my [obj],My hubby found my profile
Romantic partner,hubby,found out about my [obj],My hubby found out about my profile
Romantic partner,hubby,found my [obj],My hubby found my comment
Romantic partner,hubby,found out about my [obj],My hubby found out about my comment
Romantic partner,hubby,found my [obj],My hubby found my comments
Romantic partner,hubby,found out about my [obj],My hubby found out about my comments
Romantic partner,hubby,saw my [obj],My hubby saw my post
Romantic partner,hubby,saw my [obj],My hubby saw my posts
Romantic partner,hubby,saw my [obj],My hubby saw my Reddit
Romantic partner,hubby,saw my [obj],My hubby saw my account
Romantic partner,hubby,saw my [obj],My hubby saw my page
Romantic partner,hubby,saw my [obj],My hubby saw my profile
Romantic partner,hubby,saw my [obj],My hubby saw my comment
Romantic partner,hubby,saw my [obj],My hubby saw my comments
Romantic partner,hubby,exposed my [obj],My hubby exposed my post
Romantic partner,hubby,exposed my [obj],My hubby exposed my posts
Romantic partner,hubby,exposed my [obj],My hubby exposed my Reddit
Romantic partner,hubby,exposed my [obj],My hubby exposed my account
Romantic partner,hubby,exposed my [obj],My hubby exposed my page
Romantic partner,hubby,exposed my [obj],My hubby exposed my profile
Romantic partner,hubby,exposed my [obj],My hubby exposed my comment
Romantic partner,hubby,exposed my [obj],My hubby exposed my comments
Romantic partner,hubby,knows about my [obj],My hubby knows about my post
Romantic partner,hubby,knows about my [obj],My hubby knows about my posts
Romantic partner,hubby,knows about my [obj],My hubby knows about my Reddit
Romantic partner,hubby,knows about my [obj],My hubby knows about my account
Romantic partner,hubby,knows about my [obj],My hubby knows about my page
Romantic partner,hubby,knows about my [obj],My hubby knows about my profile
Romantic partner,hubby,knows about my [obj],My hubby knows about my comment
Romantic partner,hubby,knows about my [obj],My hubby knows about my comments
Romantic partner,hubby,knows my [obj],My hubby knows my username
Romantic partner,hubby,knows my [obj],My hubby knows my account
Romantic partner,hubby,knows my [obj],My hubby knows my Reddit
Romantic partner,hubby,lurks [where],My hubby lurks here
Romantic partner,hubby,lurks [where],My hubby lurks on Reddit
Romantic partner,hubby,is a lurker,My hubby is a lurker
Romantic partner,hubby,found the [obj],My hubby found the thread
Romantic partner,hubby,found the [obj],My hubby found the post
Romantic partner,hubby,found the [obj],My hubby found the posts
Romantic partner,hubby,found the [obj],My hubby found the comment
Romantic partner,hubby,found the [obj],My hubby found the comments
Romantic partner,hubby,sent this [obj] to,Sent this thread to my hubby
Romantic partner,hubby,sent this [obj] to,Sent this post to my hubby
Romantic partner,hubby,came across [det] [obj],My hubby came across the post
Romantic partner,hubby,came across [det] [obj],My hubby came across the Reddit
Romantic partner,hubby,came across [det] [obj],My hubby came across the account
Romantic partner,hubby,came across [det] [obj],My hubby came across the comment
Romantic partner,hubby,came across [det] [obj],My hubby came across the thread
Romantic partner,hubby,came across [det] [obj],My hubby came across my post
Romantic partner,hubby,came across [det] [obj],My hubby came across my Reddit
Romantic partner,hubby,came across [det] [obj],My hubby came across my account
Romantic partner,hubby,came across [det] [obj],My hubby came across my comment
Romantic partner,hubby,came across [det] [obj],My hubby came across my thread
Romantic partner,hubby,came across [det] [obj],My hubby came across this post
Romantic partner,hubby,came across [det] [obj],My hubby came across this Reddit
Romantic partner,hubby,came across [det] [obj],My hubby came across this account
Romantic partner,hubby,came across [det] [obj],My hubby came across this comment
Romantic partner,hubby,came across [det] [obj],My hubby came across this thread
Romantic partner,hubby,stumbled across [det] [obj],My hubby stumbled across the post
Romantic partner,hubby,stumbled across [det] [obj],My hubby stumbled across the Reddit
Romantic partner,hubby,stumbled across [det] [obj],My hubby stumbled across the account
Romantic partner,hubby,stumbled across [det] [obj],My hubby stumbled across the thread
Romantic partner,hubby,stumbled across [det] [obj],My hubby stumbled across the comment
Romantic partner,hubby,stumbled across [det] [obj],My hubby stumbled across my post
Romantic partner,hubby,stumbled across [det] [obj],My hubby stumbled across my Reddit
Romantic partner,hubby,stumbled across [det] [obj],My hubby stumbled across my account
Romantic partner,hubby,stumbled across [det] [obj],My hubby stumbled across my thread
Romantic partner,hubby,stumbled across [det] [obj],My hubby stumbled across my comment
Romantic partner,hubby,stumbled across [det] [obj],My hubby stumbled across this post
Romantic partner,hubby,stumbled across [det] [obj],My hubby stumbled across this Reddit
Romantic partner,hubby,stumbled across [det] [obj],My hubby stumbled across this account
Romantic partner,hubby,stumbled across [det] [obj],My hubby stumbled across this thread
Romantic partner,hubby,stumbled across [det] [obj],My hubby stumbled across this comment
Romantic partner,hubby,found out I [obj],My hubby found out I posted
Romantic partner,hubby,found out I [obj],My hubby found out I made this
Romantic partner,hubby,traced my [obj],My hubby traced my post
Romantic partner,hubby,traced my [obj],My hubby traced my Reddit
Romantic partner,hubby,traced my [obj],My hubby traced my account
Romantic partner,hubby,traced my [obj],My hubby traced my comment
Romantic partner,hubby,traced my [obj],My hubby traced my thread
Romantic partner,hubby,got shared with,My post got shared with my hubby
Romantic partner,hubby,got shared with,My Reddit got shared with my hubby
Romantic partner,hubby,got shared with,My account got shared with my hubby
Romantic partner,hubby,got shared with,My comment got shared with my hubby
Romantic partner,hubby,got shared with,My thread got shared with my hubby
Romantic partner,girlfriend,got back to,My post got back to my girlfriend
Romantic partner,girlfriend,found my [obj],My girlfriend found my post
Romantic partner,girlfriend,found out about my [obj],My girlfriend found out about my post
Romantic partner,girlfriend,found my [obj],My girlfriend found my posts
Romantic partner,girlfriend,found out about my [obj],My girlfriend found out about my posts
Romantic partner,girlfriend,found my [obj],My girlfriend found my Reddit
Romantic partner,girlfriend,found out about my [obj],My girlfriend found out about my Reddit
Romantic partner,girlfriend,found my [obj],My girlfriend found my account
Romantic partner,girlfriend,found out about my [obj],My girlfriend found out about my account
Romantic partner,girlfriend,found my [obj],My girlfriend found my page
Romantic partner,girlfriend,found out about my [obj],My girlfriend found out about my page
Romantic partner,girlfriend,found my [obj],My girlfriend found my profile
Romantic partner,girlfriend,found out about my [obj],My girlfriend found out about my profile
Romantic partner,girlfriend,found my [obj],My girlfriend found my comment
Romantic partner,girlfriend,found out about my [obj],My girlfriend found out about my comment
Romantic partner,girlfriend,found my [obj],My girlfriend found my comments
Romantic partner,girlfriend,found out about my [obj],My girlfriend found out about my comments
Romantic partner,girlfriend,saw my [obj],My girlfriend saw my post
Romantic partner,girlfriend,saw my [obj],My girlfriend saw my posts
Romantic partner,girlfriend,saw my [obj],My girlfriend saw my Reddit
Romantic partner,girlfriend,saw my [obj],My girlfriend saw my account
Romantic partner,girlfriend,saw my [obj],My girlfriend saw my page
Romantic partner,girlfriend,saw my [obj],My girlfriend saw my profile
Romantic partner,girlfriend,saw my [obj],My girlfriend saw my comment
Romantic partner,girlfriend,saw my [obj],My girlfriend saw my comments
Romantic partner,girlfriend,exposed my [obj],My girlfriend exposed my post
Romantic partner,girlfriend,exposed my [obj],My girlfriend exposed my posts
Romantic partner,girlfriend,exposed my [obj],My girlfriend exposed my Reddit
Romantic partner,girlfriend,exposed my [obj],My girlfriend exposed my account
Romantic partner,girlfriend,exposed my [obj],My girlfriend exposed my page
Romantic partner,girlfriend,exposed my [obj],My girlfriend exposed my profile
Romantic partner,girlfriend,exposed my [obj],My girlfriend exposed my comment
Romantic partner,girlfriend,exposed my [obj],My girlfriend exposed my comments
Romantic partner,girlfriend,knows about my [obj],My girlfriend knows about my post
Romantic partner,girlfriend,knows about my [obj],My girlfriend knows about my posts
Romantic partner,girlfriend,knows about my [obj],My girlfriend knows about my Reddit
Romantic partner,girlfriend,knows about my [obj],My girlfriend knows about my account
Romantic partner,girlfriend,knows about my [obj],My girlfriend knows about my page
Romantic partner,girlfriend,knows about my [obj],My girlfriend knows about my profile
Romantic partner,girlfriend,knows about my [obj],My girlfriend knows about my comment
Romantic partner,girlfriend,knows about my [obj],My girlfriend knows about my comments
Romantic partner,girlfriend,knows my [obj],My girlfriend knows my username
Romantic partner,girlfriend,knows my [obj],My girlfriend knows my account
Romantic partner,girlfriend,knows my [obj],My girlfriend knows my Reddit
Romantic partner,girlfriend,lurks [where],My girlfriend lurks here
Romantic partner,girlfriend,lurks [where],My girlfriend lurks on Reddit
Romantic partner,girlfriend,is a lurker,My girlfriend is a lurker
Romantic partner,girlfriend,found the [obj],My girlfriend found the thread
Romantic partner,girlfriend,found the [obj],My girlfriend found the post
Romantic partner,girlfriend,found the [obj],My girlfriend found the posts
Romantic partner,girlfriend,found the [obj],My girlfriend found the comment
Romantic partner,girlfriend,found the [obj],My girlfriend found the comments
Romantic partner,girlfriend,sent this [obj] to,Sent this thread to my girlfriend
Romantic partner,girlfriend,sent this [obj] to,Sent this post to my girlfriend
Romantic partner,girlfriend,came across [det] [obj],My girlfriend came across the post
Romantic partner,girlfriend,came across [det] [obj],My girlfriend came across the Reddit
Romantic partner,girlfriend,came across [det] [obj],My girlfriend came across the account
Romantic partner,girlfriend,came across [det] [obj],My girlfriend came across the comment
Romantic partner,girlfriend,came across [det] [obj],My girlfriend came across the thread
Romantic partner,girlfriend,came across [det] [obj],My girlfriend came across my post
Romantic partner,girlfriend,came across [det] [obj],My girlfriend came across my Reddit
Romantic partner,girlfriend,came across [det] [obj],My girlfriend came across my account
Romantic partner,girlfriend,came across [det] [obj],My girlfriend came across my comment
Romantic partner,girlfriend,came across [det] [obj],My girlfriend came across my thread
Romantic partner,girlfriend,came across [det] [obj],My girlfriend came across this post
Romantic partner,girlfriend,came across [det] [obj],My girlfriend came across this Reddit
Romantic partner,girlfriend,came across [det] [obj],My girlfriend came across this account
Romantic partner,girlfriend,came across [det] [obj],My girlfriend came across this comment
Romantic partner,girlfriend,came across [det] [obj],My girlfriend came across this thread
Romantic partner,girlfriend,stumbled across [det] [obj],My girlfriend stumbled across the post
Romantic partner,girlfriend,stumbled across [det] [obj],My girlfriend stumbled across the Reddit
Romantic partner,girlfriend,stumbled across [det] [obj],My girlfriend stumbled across the account
Romantic partner,girlfriend,stumbled across [det] [obj],My girlfriend stumbled across the thread
Romantic partner,girlfriend,stumbled across [det] [obj],My girlfriend stumbled across the comment
Romantic partner,girlfriend,stumbled across [det] [obj],My girlfriend stumbled across my post
Romantic partner,girlfriend,stumbled across [det] [obj],My girlfriend stumbled across my Reddit
Romantic partner,girlfriend,stumbled across [det] [obj],My girlfriend stumbled across my account
Romantic partner,girlfriend,stumbled across [det] [obj],My girlfriend stumbled across my thread
Romantic partner,girlfriend,stumbled across [det] [obj],My girlfriend stumbled across my comment
Romantic partner,girlfriend,stumbled across [det] [obj],My girlfriend stumbled across this post
Romantic partner,girlfriend,stumbled across [det] [obj],My girlfriend stumbled across this Reddit
Romantic partner,girlfriend,stumbled across [det] [obj],My girlfriend stumbled across this account
Romantic partner,girlfriend,stumbled across [det] [obj],My girlfriend stumbled across this thread
Romantic partner,girlfriend,stumbled across [det] [obj],My girlfriend stumbled across this comment
Romantic partner,girlfriend,found out I [obj],My girlfriend found out I posted
Romantic partner,girlfriend,found out I [obj],My girlfriend found out I made this
Romantic partner,girlfriend,traced my [obj],My girlfriend traced my post
Romantic partner,girlfriend,traced my [obj],My girlfriend traced my Reddit
Romantic partner,girlfriend,traced my [obj],My girlfriend traced my account
Romantic partner,girlfriend,traced my [obj],My girlfriend traced my comment
Romantic partner,girlfriend,traced my [obj],My girlfriend traced my thread
Romantic partner,girlfriend,got shared with,My post got shared with my girlfriend
Romantic partner,girlfriend,got shared with,My Reddit got shared with my girlfriend
Romantic partner,girlfriend,got shared with,My account got shared with my girlfriend
Romantic partner,girlfriend,got shared with,My comment got shared with my girlfriend
Romantic partner,girlfriend,got shared with,My thread got shared with my girlfriend
Romantic partner,gf,got back to,My post got back to my gf
Romantic partner,gf,found my [obj],My gf found my post
Romantic partner,gf,found out about my [obj],My gf found out about my post
Romantic partner,gf,found my [obj],My gf found my posts
Romantic partner,gf,found out about my [obj],My gf found out about my posts
Romantic partner,gf,found my [obj],My gf found my Reddit
Romantic partner,gf,found out about my [obj],My gf found out about my Reddit
Romantic partner,gf,found my [obj],My gf found my account
Romantic partner,gf,found out about my [obj],My gf found out about my account
Romantic partner,gf,found my [obj],My gf found my page
Romantic partner,gf,found out about my [obj],My gf found out about my page
Romantic partner,gf,found my [obj],My gf found my profile
Romantic partner,gf,found out about my [obj],My gf found out about my profile
Romantic partner,gf,found my [obj],My gf found my comment
Romantic partner,gf,found out about my [obj],My gf found out about my comment
Romantic partner,gf,found my [obj],My gf found my comments
Romantic partner,gf,found out about my [obj],My gf found out about my comments
Romantic partner,gf,saw my [obj],My gf saw my post
Romantic partner,gf,saw my [obj],My gf saw my posts
Romantic partner,gf,saw my [obj],My gf saw my Reddit
Romantic partner,gf,saw my [obj],My gf saw my account
Romantic partner,gf,saw my [obj],My gf saw my page
Romantic partner,gf,saw my [obj],My gf saw my profile
Romantic partner,gf,saw my [obj],My gf saw my comment
Romantic partner,gf,saw my [obj],My gf saw my comments
Romantic partner,gf,exposed my [obj],My gf exposed my post
Romantic partner,gf,exposed my [obj],My gf exposed my posts
Romantic partner,gf,exposed my [obj],My gf exposed my Reddit
Romantic partner,gf,exposed my [obj],My gf exposed my account
Romantic partner,gf,exposed my [obj],My gf exposed my page
Romantic partner,gf,exposed my [obj],My gf exposed my profile
Romantic partner,gf,exposed my [obj],My gf exposed my comment
Romantic partner,gf,exposed my [obj],My gf exposed my comments
Romantic partner,gf,knows about my [obj],My gf knows about my post
Romantic partner,gf,knows about my [obj],My gf knows about my posts
Romantic partner,gf,knows about my [obj],My gf knows about my Reddit
Romantic partner,gf,knows about my [obj],My gf knows about my account
Romantic partner,gf,knows about my [obj],My gf knows about my page
Romantic partner,gf,knows about my [obj],My gf knows about my profile
Romantic partner,gf,knows about my [obj],My gf knows about my comment
Romantic partner,gf,knows about my [obj],My gf knows about my comments
Romantic partner,gf,knows my [obj],My gf knows my username
Romantic partner,gf,knows my [obj],My gf knows my account
Romantic partner,gf,knows my [obj],My gf knows my Reddit
Romantic partner,gf,lurks [where],My gf lurks here
Romantic partner,gf,lurks [where],My gf lurks on Reddit
Romantic partner,gf,is a lurker,My gf is a lurker
Romantic partner,gf,found the [obj],My gf found the thread
Romantic partner,gf,found the [obj],My gf found the post
Romantic partner,gf,found the [obj],My gf found the posts
Romantic partner,gf,found the [obj],My gf found the comment
Romantic partner,gf,found the [obj],My gf found the comments
Romantic partner,gf,sent this [obj] to,Sent this thread to my gf
Romantic partner,gf,sent this [obj] to,Sent this post to my gf
Romantic partner,gf,came across [det] [obj],My gf came across the post
Romantic partner,gf,came across [det] [obj],My gf came across the Reddit
Romantic partner,gf,came across [det] [obj],My gf came across the account
Romantic partner,gf,came across [det] [obj],My gf came across the comment
Romantic partner,gf,came across [det] [obj],My gf came across the thread
Romantic partner,gf,came across [det] [obj],My gf came across my post
Romantic partner,gf,came across [det] [obj],My gf came across my Reddit
Romantic partner,gf,came across [det] [obj],My gf came across my account
Romantic partner,gf,came across [det] [obj],My gf came across my comment
Romantic partner,gf,came across [det] [obj],My gf came across my thread
Romantic partner,gf,came across [det] [obj],My gf came across this post
Romantic partner,gf,came across [det] [obj],My gf came across this Reddit
Romantic partner,gf,came across [det] [obj],My gf came across this account
Romantic partner,gf,came across [det] [obj],My gf came across this comment
Romantic partner,gf,came across [det] [obj],My gf came across this thread
Romantic partner,gf,stumbled across [det] [obj],My gf stumbled across the post
Romantic partner,gf,stumbled across [det] [obj],My gf stumbled across the Reddit
Romantic partner,gf,stumbled across [det] [obj],My gf stumbled across the account
Romantic partner,gf,stumbled across [det] [obj],My gf stumbled across the thread
Romantic partner,gf,stumbled across [det] [obj],My gf stumbled across the comment
Romantic partner,gf,stumbled across [det] [obj],My gf stumbled across my post
Romantic partner,gf,stumbled across [det] [obj],My gf stumbled across my Reddit
Romantic partner,gf,stumbled across [det] [obj],My gf stumbled across my account
Romantic partner,gf,stumbled across [det] [obj],My gf stumbled across my thread
Romantic partner,gf,stumbled across [det] [obj],My gf stumbled across my comment
Romantic partner,gf,stumbled across [det] [obj],My gf stumbled across this post
Romantic partner,gf,stumbled across [det] [obj],My gf stumbled across this Reddit
Romantic partner,gf,stumbled across [det] [obj],My gf stumbled across this account
Romantic partner,gf,stumbled across [det] [obj],My gf stumbled across this thread
Romantic partner,gf,stumbled across [det] [obj],My gf stumbled across this comment
Romantic partner,gf,found out I [obj],My gf found out I posted
Romantic partner,gf,found out I [obj],My gf found out I made this
Romantic partner,gf,traced my [obj],My gf traced my post
Romantic partner,gf,traced my [obj],My gf traced my Reddit
Romantic partner,gf,traced my [obj],My gf traced my account
Romantic partner,gf,traced my [obj],My gf traced my comment
Romantic partner,gf,traced my [obj],My gf traced my thread
Romantic partner,gf,got shared with,My post got shared with my gf
Romantic partner,gf,got shared with,My Reddit got shared with my gf
Romantic partner,gf,got shared with,My account got shared with my gf
Romantic partner,gf,got shared with,My comment got shared with my gf
Romantic partner,gf,got shared with,My thread got shared with my gf
Romantic partner,boyfriend,got back to,My post got back to my boyfriend
Romantic partner,boyfriend,found my [obj],My boyfriend found my post
Romantic partner,boyfriend,found out about my [obj],My boyfriend found out about my post
Romantic partner,boyfriend,found my [obj],My boyfriend found my posts
Romantic partner,boyfriend,found out about my [obj],My boyfriend found out about my posts
Romantic partner,boyfriend,found my [obj],My boyfriend found my Reddit
Romantic partner,boyfriend,found out about my [obj],My boyfriend found out about my Reddit
Romantic partner,boyfriend,found my [obj],My boyfriend found my account
Romantic partner,boyfriend,found out about my [obj],My boyfriend found out about my account
Romantic partner,boyfriend,found my [obj],My boyfriend found my page
Romantic partner,boyfriend,found out about my [obj],My boyfriend found out about my page
Romantic partner,boyfriend,found my [obj],My boyfriend found my profile
Romantic partner,boyfriend,found out about my [obj],My boyfriend found out about my profile
Romantic partner,boyfriend,found my [obj],My boyfriend found my comment
Romantic partner,boyfriend,found out about my [obj],My boyfriend found out about my comment
Romantic partner,boyfriend,found my [obj],My boyfriend found my comments
Romantic partner,boyfriend,found out about my [obj],My boyfriend found out about my comments
Romantic partner,boyfriend,saw my [obj],My boyfriend saw my post
Romantic partner,boyfriend,saw my [obj],My boyfriend saw my posts
Romantic partner,boyfriend,saw my [obj],My boyfriend saw my Reddit
Romantic partner,boyfriend,saw my [obj],My boyfriend saw my account
Romantic partner,boyfriend,saw my [obj],My boyfriend saw my page
Romantic partner,boyfriend,saw my [obj],My boyfriend saw my profile
Romantic partner,boyfriend,saw my [obj],My boyfriend saw my comment
Romantic partner,boyfriend,saw my [obj],My boyfriend saw my comments
Romantic partner,boyfriend,exposed my [obj],My boyfriend exposed my post
Romantic partner,boyfriend,exposed my [obj],My boyfriend exposed my posts
Romantic partner,boyfriend,exposed my [obj],My boyfriend exposed my Reddit
Romantic partner,boyfriend,exposed my [obj],My boyfriend exposed my account
Romantic partner,boyfriend,exposed my [obj],My boyfriend exposed my page
Romantic partner,boyfriend,exposed my [obj],My boyfriend exposed my profile
Romantic partner,boyfriend,exposed my [obj],My boyfriend exposed my comment
Romantic partner,boyfriend,exposed my [obj],My boyfriend exposed my comments
Romantic partner,boyfriend,knows about my [obj],My boyfriend knows about my post
Romantic partner,boyfriend,knows about my [obj],My boyfriend knows about my posts
Romantic partner,boyfriend,knows about my [obj],My boyfriend knows about my Reddit
Romantic partner,boyfriend,knows about my [obj],My boyfriend knows about my account
Romantic partner,boyfriend,knows about my [obj],My boyfriend knows about my page
Romantic partner,boyfriend,knows about my [obj],My boyfriend knows about my profile
Romantic partner,boyfriend,knows about my [obj],My boyfriend knows about my comment
Romantic partner,boyfriend,knows about my [obj],My boyfriend knows about my comments
Romantic partner,boyfriend,knows my [obj],My boyfriend knows my username
Romantic partner,boyfriend,knows my [obj],My boyfriend knows my account
Romantic partner,boyfriend,knows my [obj],My boyfriend knows my Reddit
Romantic partner,boyfriend,lurks [where],My boyfriend lurks here
Romantic partner,boyfriend,lurks [where],My boyfriend lurks on Reddit
Romantic partner,boyfriend,is a lurker,My boyfriend is a lurker
Romantic partner,boyfriend,found the [obj],My boyfriend found the thread
Romantic partner,boyfriend,found the [obj],My boyfriend found the post
Romantic partner,boyfriend,found the [obj],My boyfriend found the posts
Romantic partner,boyfriend,found the [obj],My boyfriend found the comment
Romantic partner,boyfriend,found the [obj],My boyfriend found the comments
Romantic partner,boyfriend,sent this [obj] to,Sent this thread to my boyfriend
Romantic partner,boyfriend,sent this [obj] to,Sent this post to my boyfriend
Romantic partner,boyfriend,came across [det] [obj],My boyfriend came across the post
Romantic partner,boyfriend,came across [det] [obj],My boyfriend came across the Reddit
Romantic partner,boyfriend,came across [det] [obj],My boyfriend came across the account
Romantic partner,boyfriend,came across [det] [obj],My boyfriend came across the comment
Romantic partner,boyfriend,came across [det] [obj],My boyfriend came across the thread
Romantic partner,boyfriend,came across [det] [obj],My boyfriend came across my post
Romantic partner,boyfriend,came across [det] [obj],My boyfriend came across my Reddit
Romantic partner,boyfriend,came across [det] [obj],My boyfriend came across my account
Romantic partner,boyfriend,came across [det] [obj],My boyfriend came across my comment
Romantic partner,boyfriend,came across [det] [obj],My boyfriend came across my thread
Romantic partner,boyfriend,came across [det] [obj],My boyfriend came across this post
Romantic partner,boyfriend,came across [det] [obj],My boyfriend came across this Reddit
Romantic partner,boyfriend,came across [det] [obj],My boyfriend came across this account
Romantic partner,boyfriend,came across [det] [obj],My boyfriend came across this comment
Romantic partner,boyfriend,came across [det] [obj],My boyfriend came across this thread
Romantic partner,boyfriend,stumbled across [det] [obj],My boyfriend stumbled across the post
Romantic partner,boyfriend,stumbled across [det] [obj],My boyfriend stumbled across the Reddit
Romantic partner,boyfriend,stumbled across [det] [obj],My boyfriend stumbled across the account
Romantic partner,boyfriend,stumbled across [det] [obj],My boyfriend stumbled across the thread
Romantic partner,boyfriend,stumbled across [det] [obj],My boyfriend stumbled across the comment
Romantic partner,boyfriend,stumbled across [det] [obj],My boyfriend stumbled across my post
Romantic partner,boyfriend,stumbled across [det] [obj],My boyfriend stumbled across my Reddit
Romantic partner,boyfriend,stumbled across [det] [obj],My boyfriend stumbled across my account
Romantic partner,boyfriend,stumbled across [det] [obj],My boyfriend stumbled across my thread
Romantic partner,boyfriend,stumbled across [det] [obj],My boyfriend stumbled across my comment
Romantic partner,boyfriend,stumbled across [det] [obj],My boyfriend stumbled across this post
Romantic partner,boyfriend,stumbled across [det] [obj],My boyfriend stumbled across this Reddit
Romantic partner,boyfriend,stumbled across [det] [obj],My boyfriend stumbled across this account
Romantic partner,boyfriend,stumbled across [det] [obj],My boyfriend stumbled across this thread
Romantic partner,boyfriend,stumbled across [det] [obj],My boyfriend stumbled across this comment
Romantic partner,boyfriend,found out I [obj],My boyfriend found out I posted
Romantic partner,boyfriend,found out I [obj],My boyfriend found out I made this
Romantic partner,boyfriend,traced my [obj],My boyfriend traced my post
Romantic partner,boyfriend,traced my [obj],My boyfriend traced my Reddit
Romantic partner,boyfriend,traced my [obj],My boyfriend traced my account
Romantic partner,boyfriend,traced my [obj],My boyfriend traced my comment
Romantic partner,boyfriend,traced my [obj],My boyfriend traced my thread
Romantic partner,boyfriend,got shared with,My post got shared with my boyfriend
Romantic partner,boyfriend,got shared with,My Reddit got shared with my boyfriend
Romantic partner,boyfriend,got shared with,My account got shared with my boyfriend
Romantic partner,boyfriend,got shared with,My comment got shared with my boyfriend
Romantic partner,boyfriend,got shared with,My thread got shared with my boyfriend
Romantic partner,bf,got back to,My post got back to my bf
Romantic partner,bf,found my [obj],My bf found my post
Romantic partner,bf,found out about my [obj],My bf found out about my post
Romantic partner,bf,found my [obj],My bf found my posts
Romantic partner,bf,found out about my [obj],My bf found out about my posts
Romantic partner,bf,found my [obj],My bf found my Reddit
Romantic partner,bf,found out about my [obj],My bf found out about my Reddit
Romantic partner,bf,found my [obj],My bf found my account
Romantic partner,bf,found out about my [obj],My bf found out about my account
Romantic partner,bf,found my [obj],My bf found my page
Romantic partner,bf,found out about my [obj],My bf found out about my page
Romantic partner,bf,found my [obj],My bf found my profile
Romantic partner,bf,found out about my [obj],My bf found out about my profile
Romantic partner,bf,found my [obj],My bf found my comment
Romantic partner,bf,found out about my [obj],My bf found out about my comment
Romantic partner,bf,found my [obj],My bf found my comments
Romantic partner,bf,found out about my [obj],My bf found out about my comments
Romantic partner,bf,saw my [obj],My bf saw my post
Romantic partner,bf,saw my [obj],My bf saw my posts
Romantic partner,bf,saw my [obj],My bf saw my Reddit
Romantic partner,bf,saw my [obj],My bf saw my account
Romantic partner,bf,saw my [obj],My bf saw my page
Romantic partner,bf,saw my [obj],My bf saw my profile
Romantic partner,bf,saw my [obj],My bf saw my comment
Romantic partner,bf,saw my [obj],My bf saw my comments
Romantic partner,bf,exposed my [obj],My bf exposed my post
Romantic partner,bf,exposed my [obj],My bf exposed my posts
Romantic partner,bf,exposed my [obj],My bf exposed my Reddit
Romantic partner,bf,exposed my [obj],My bf exposed my account
Romantic partner,bf,exposed my [obj],My bf exposed my page
Romantic partner,bf,exposed my [obj],My bf exposed my profile
Romantic partner,bf,exposed my [obj],My bf exposed my comment
Romantic partner,bf,exposed my [obj],My bf exposed my comments
Romantic partner,bf,knows about my [obj],My bf knows about my post
Romantic partner,bf,knows about my [obj],My bf knows about my posts
Romantic partner,bf,knows about my [obj],My bf knows about my Reddit
Romantic partner,bf,knows about my [obj],My bf knows about my account
Romantic partner,bf,knows about my [obj],My bf knows about my page
Romantic partner,bf,knows about my [obj],My bf knows about my profile
Romantic partner,bf,knows about my [obj],My bf knows about my comment
Romantic partner,bf,knows about my [obj],My bf knows about my comments
Romantic partner,bf,knows my [obj],My bf knows my username
Romantic partner,bf,knows my [obj],My bf knows my account
Romantic partner,bf,knows my [obj],My bf knows my Reddit
Romantic partner,bf,lurks [where],My bf lurks here
Romantic partner,bf,lurks [where],My bf lurks on Reddit
Romantic partner,bf,is a lurker,My bf is a lurker
Romantic partner,bf,found the [obj],My bf found the thread
Romantic partner,bf,found the [obj],My bf found the post
Romantic partner,bf,found the [obj],My bf found the posts
Romantic partner,bf,found the [obj],My bf found the comment
Romantic partner,bf,found the [obj],My bf found the comments
Romantic partner,bf,sent this [obj] to,Sent this thread to my bf
Romantic partner,bf,sent this [obj] to,Sent this post to my bf
Romantic partner,bf,came across [det] [obj],My bf came across the post
Romantic partner,bf,came across [det] [obj],My bf came across the Reddit
Romantic partner,bf,came across [det] [obj],My bf came across the account
Romantic partner,bf,came across [det] [obj],My bf came across the comment
Romantic partner,bf,came across [det] [obj],My bf came across the thread
Romantic partner,bf,came across [det] [obj],My bf came across my post
Romantic partner,bf,came across [det] [obj],My bf came across my Reddit
Romantic partner,bf,came across [det] [obj],My bf came across my account
Romantic partner,bf,came across [det] [obj],My bf came across my comment
Romantic partner,bf,came across [det] [obj],My bf came across my thread
Romantic partner,bf,came across [det] [obj],My bf came across this post
Romantic partner,bf,came across [det] [obj],My bf came across this Reddit
Romantic partner,bf,came across [det] [obj],My bf came across this account
Romantic partner,bf,came across [det] [obj],My bf came across this comment
Romantic partner,bf,came across [det] [obj],My bf came across this thread
Romantic partner,bf,stumbled across [det] [obj],My bf stumbled across the post
Romantic partner,bf,stumbled across [det] [obj],My bf stumbled across the Reddit
Romantic partner,bf,stumbled across [det] [obj],My bf stumbled across the account
Romantic partner,bf,stumbled across [det] [obj],My bf stumbled across the thread
Romantic partner,bf,stumbled across [det] [obj],My bf stumbled across the comment
Romantic partner,bf,stumbled across [det] [obj],My bf stumbled across my post
Romantic partner,bf,stumbled across [det] [obj],My bf stumbled across my Reddit
Romantic partner,bf,stumbled across [det] [obj],My bf stumbled across my account
Romantic partner,bf,stumbled across [det] [obj],My bf stumbled across my thread
Romantic partner,bf,stumbled across [det] [obj],My bf stumbled across my comment
Romantic partner,bf,stumbled across [det] [obj],My bf stumbled across this post
Romantic partner,bf,stumbled across [det] [obj],My bf stumbled across this Reddit
Romantic partner,bf,stumbled across [det] [obj],My bf stumbled across this account
Romantic partner,bf,stumbled across [det] [obj],My bf stumbled across this thread
Romantic partner,bf,stumbled across [det] [obj],My bf stumbled across this comment
Romantic partner,bf,found out I [obj],My bf found out I posted
Romantic partner,bf,found out I [obj],My bf found out I made this
Romantic partner,bf,traced my [obj],My bf traced my post
Romantic partner,bf,traced my [obj],My bf traced my Reddit
Romantic partner,bf,traced my [obj],My bf traced my account
Romantic partner,bf,traced my [obj],My bf traced my comment
Romantic partner,bf,traced my [obj],My bf traced my thread
Romantic partner,bf,got shared with,My post got shared with my bf
Romantic partner,bf,got shared with,My Reddit got shared with my bf
Romantic partner,bf,got shared with,My account got shared with my bf
Romantic partner,bf,got shared with,My comment got shared with my bf
Romantic partner,bf,got shared with,My thread got shared with my bf
Romantic partner,ex-husband,got back to,My post got back to my ex-husband
Romantic partner,ex-husband,found my [obj],My ex-husband found my post
Romantic partner,ex-husband,found out about my [obj],My ex-husband found out about my post
Romantic partner,ex-husband,found my [obj],My ex-husband found my posts
Romantic partner,ex-husband,found out about my [obj],My ex-husband found out about my posts
Romantic partner,ex-husband,found my [obj],My ex-husband found my Reddit
Romantic partner,ex-husband,found out about my [obj],My ex-husband found out about my Reddit
Romantic partner,ex-husband,found my [obj],My ex-husband found my account
Romantic partner,ex-husband,found out about my [obj],My ex-husband found out about my account
Romantic partner,ex-husband,found my [obj],My ex-husband found my page
Romantic partner,ex-husband,found out about my [obj],My ex-husband found out about my page
Romantic partner,ex-husband,found my [obj],My ex-husband found my profile
Romantic partner,ex-husband,found out about my [obj],My ex-husband found out about my profile
Romantic partner,ex-husband,found my [obj],My ex-husband found my comment
Romantic partner,ex-husband,found out about my [obj],My ex-husband found out about my comment
Romantic partner,ex-husband,found my [obj],My ex-husband found my comments
Romantic partner,ex-husband,found out about my [obj],My ex-husband found out about my comments
Romantic partner,ex-husband,saw my [obj],My ex-husband saw my post
Romantic partner,ex-husband,saw my [obj],My ex-husband saw my posts
Romantic partner,ex-husband,saw my [obj],My ex-husband saw my Reddit
Romantic partner,ex-husband,saw my [obj],My ex-husband saw my account
Romantic partner,ex-husband,saw my [obj],My ex-husband saw my page
Romantic partner,ex-husband,saw my [obj],My ex-husband saw my profile
Romantic partner,ex-husband,saw my [obj],My ex-husband saw my comment
Romantic partner,ex-husband,saw my [obj],My ex-husband saw my comments
Romantic partner,ex-husband,exposed my [obj],My ex-husband exposed my post
Romantic partner,ex-husband,exposed my [obj],My ex-husband exposed my posts
Romantic partner,ex-husband,exposed my [obj],My ex-husband exposed my Reddit
Romantic partner,ex-husband,exposed my [obj],My ex-husband exposed my account
Romantic partner,ex-husband,exposed my [obj],My ex-husband exposed my page
Romantic partner,ex-husband,exposed my [obj],My ex-husband exposed my profile
Romantic partner,ex-husband,exposed my [obj],My ex-husband exposed my comment
Romantic partner,ex-husband,exposed my [obj],My ex-husband exposed my comments
Romantic partner,ex-husband,knows about my [obj],My ex-husband knows about my post
Romantic partner,ex-husband,knows about my [obj],My ex-husband knows about my posts
Romantic partner,ex-husband,knows about my [obj],My ex-husband knows about my Reddit
Romantic partner,ex-husband,knows about my [obj],My ex-husband knows about my account
Romantic partner,ex-husband,knows about my [obj],My ex-husband knows about my page
Romantic partner,ex-husband,knows about my [obj],My ex-husband knows about my profile
Romantic partner,ex-husband,knows about my [obj],My ex-husband knows about my comment
Romantic partner,ex-husband,knows about my [obj],My ex-husband knows about my comments
Romantic partner,ex-husband,knows my [obj],My ex-husband knows my username
Romantic partner,ex-husband,knows my [obj],My ex-husband knows my account
Romantic partner,ex-husband,knows my [obj],My ex-husband knows my Reddit
Romantic partner,ex-husband,lurks [where],My ex-husband lurks here
Romantic partner,ex-husband,lurks [where],My ex-husband lurks on Reddit
Romantic partner,ex-husband,is a lurker,My ex-husband is a lurker
Romantic partner,ex-husband,found the [obj],My ex-husband found the thread
Romantic partner,ex-husband,found the [obj],My ex-husband found the post
Romantic partner,ex-husband,found the [obj],My ex-husband found the posts
Romantic partner,ex-husband,found the [obj],My ex-husband found the comment
Romantic partner,ex-husband,found the [obj],My ex-husband found the comments
Romantic partner,ex-husband,sent this [obj] to,Sent this thread to my ex-husband
Romantic partner,ex-husband,sent this [obj] to,Sent this post to my ex-husband
Romantic partner,ex-husband,came across [det] [obj],My ex-husband came across the post
Romantic partner,ex-husband,came across [det] [obj],My ex-husband came across the Reddit
Romantic partner,ex-husband,came across [det] [obj],My ex-husband came across the account
Romantic partner,ex-husband,came across [det] [obj],My ex-husband came across the comment
Romantic partner,ex-husband,came across [det] [obj],My ex-husband came across the thread
Romantic partner,ex-husband,came across [det] [obj],My ex-husband came across my post
Romantic partner,ex-husband,came across [det] [obj],My ex-husband came across my Reddit
Romantic partner,ex-husband,came across [det] [obj],My ex-husband came across my account
Romantic partner,ex-husband,came across [det] [obj],My ex-husband came across my comment
Romantic partner,ex-husband,came across [det] [obj],My ex-husband came across my thread
Romantic partner,ex-husband,came across [det] [obj],My ex-husband came across this post
Romantic partner,ex-husband,came across [det] [obj],My ex-husband came across this Reddit
Romantic partner,ex-husband,came across [det] [obj],My ex-husband came across this account
Romantic partner,ex-husband,came across [det] [obj],My ex-husband came across this comment
Romantic partner,ex-husband,came across [det] [obj],My ex-husband came across this thread
Romantic partner,ex-husband,stumbled across [det] [obj],My ex-husband stumbled across the post
Romantic partner,ex-husband,stumbled across [det] [obj],My ex-husband stumbled across the Reddit
Romantic partner,ex-husband,stumbled across [det] [obj],My ex-husband stumbled across the account
Romantic partner,ex-husband,stumbled across [det] [obj],My ex-husband stumbled across the thread
Romantic partner,ex-husband,stumbled across [det] [obj],My ex-husband stumbled across the comment
Romantic partner,ex-husband,stumbled across [det] [obj],My ex-husband stumbled across my post
Romantic partner,ex-husband,stumbled across [det] [obj],My ex-husband stumbled across my Reddit
Romantic partner,ex-husband,stumbled across [det] [obj],My ex-husband stumbled across my account
Romantic partner,ex-husband,stumbled across [det] [obj],My ex-husband stumbled across my thread
Romantic partner,ex-husband,stumbled across [det] [obj],My ex-husband stumbled across my comment
Romantic partner,ex-husband,stumbled across [det] [obj],My ex-husband stumbled across this post
Romantic partner,ex-husband,stumbled across [det] [obj],My ex-husband stumbled across this Reddit
Romantic partner,ex-husband,stumbled across [det] [obj],My ex-husband stumbled across this account
Romantic partner,ex-husband,stumbled across [det] [obj],My ex-husband stumbled across this thread
Romantic partner,ex-husband,stumbled across [det] [obj],My ex-husband stumbled across this comment
Romantic partner,ex-husband,found out I [obj],My ex-husband found out I posted
Romantic partner,ex-husband,found out I [obj],My ex-husband found out I made this
Romantic partner,ex-husband,traced my [obj],My ex-husband traced my post
Romantic partner,ex-husband,traced my [obj],My ex-husband traced my Reddit
Romantic partner,ex-husband,traced my [obj],My ex-husband traced my account
Romantic partner,ex-husband,traced my [obj],My ex-husband traced my comment
Romantic partner,ex-husband,traced my [obj],My ex-husband traced my thread
Romantic partner,ex-husband,got shared with,My post got shared with my ex-husband
Romantic partner,ex-husband,got shared with,My Reddit got shared with my ex-husband
Romantic partner,ex-husband,got shared with,My account got shared with my ex-husband
Romantic partner,ex-husband,got shared with,My comment got shared with my ex-husband
Romantic partner,ex-husband,got shared with,My thread got shared with my ex-husband
Romantic partner,ex-wife,got back to,My post got back to my ex-wife
Romantic partner,ex-wife,found my [obj],My ex-wife found my post
Romantic partner,ex-wife,found out about my [obj],My ex-wife found out about my post
Romantic partner,ex-wife,found my [obj],My ex-wife found my posts
Romantic partner,ex-wife,found out about my [obj],My ex-wife found out about my posts
Romantic partner,ex-wife,found my [obj],My ex-wife found my Reddit
Romantic partner,ex-wife,found out about my [obj],My ex-wife found out about my Reddit
Romantic partner,ex-wife,found my [obj],My ex-wife found my account
Romantic partner,ex-wife,found out about my [obj],My ex-wife found out about my account
Romantic partner,ex-wife,found my [obj],My ex-wife found my page
Romantic partner,ex-wife,found out about my [obj],My ex-wife found out about my page
Romantic partner,ex-wife,found my [obj],My ex-wife found my profile
Romantic partner,ex-wife,found out about my [obj],My ex-wife found out about my profile
Romantic partner,ex-wife,found my [obj],My ex-wife found my comment
Romantic partner,ex-wife,found out about my [obj],My ex-wife found out about my comment
Romantic partner,ex-wife,found my [obj],My ex-wife found my comments
Romantic partner,ex-wife,found out about my [obj],My ex-wife found out about my comments
Romantic partner,ex-wife,saw my [obj],My ex-wife saw my post
Romantic partner,ex-wife,saw my [obj],My ex-wife saw my posts
Romantic partner,ex-wife,saw my [obj],My ex-wife saw my Reddit
Romantic partner,ex-wife,saw my [obj],My ex-wife saw my account
Romantic partner,ex-wife,saw my [obj],My ex-wife saw my page
Romantic partner,ex-wife,saw my [obj],My ex-wife saw my profile
Romantic partner,ex-wife,saw my [obj],My ex-wife saw my comment
Romantic partner,ex-wife,saw my [obj],My ex-wife saw my comments
Romantic partner,ex-wife,exposed my [obj],My ex-wife exposed my post
Romantic partner,ex-wife,exposed my [obj],My ex-wife exposed my posts
Romantic partner,ex-wife,exposed my [obj],My ex-wife exposed my Reddit
Romantic partner,ex-wife,exposed my [obj],My ex-wife exposed my account
Romantic partner,ex-wife,exposed my [obj],My ex-wife exposed my page
Romantic partner,ex-wife,exposed my [obj],My ex-wife exposed my profile
Romantic partner,ex-wife,exposed my [obj],My ex-wife exposed my comment
Romantic partner,ex-wife,exposed my [obj],My ex-wife exposed my comments
Romantic partner,ex-wife,knows about my [obj],My ex-wife knows about my post
Romantic partner,ex-wife,knows about my [obj],My ex-wife knows about my posts
Romantic partner,ex-wife,knows about my [obj],My ex-wife knows about my Reddit
Romantic partner,ex-wife,knows about my [obj],My ex-wife knows about my account
Romantic partner,ex-wife,knows about my [obj],My ex-wife knows about my page
Romantic partner,ex-wife,knows about my [obj],My ex-wife knows about my profile
Romantic partner,ex-wife,knows about my [obj],My ex-wife knows about my comment
Romantic partner,ex-wife,knows about my [obj],My ex-wife knows about my comments
Romantic partner,ex-wife,knows my [obj],My ex-wife knows my username
Romantic partner,ex-wife,knows my [obj],My ex-wife knows my account
Romantic partner,ex-wife,knows my [obj],My ex-wife knows my Reddit
Romantic partner,ex-wife,lurks [where],My ex-wife lurks here
Romantic partner,ex-wife,lurks [where],My ex-wife lurks on Reddit
Romantic partner,ex-wife,is a lurker,My ex-wife is a lurker
Romantic partner,ex-wife,found the [obj],My ex-wife found the thread
Romantic partner,ex-wife,found the [obj],My ex-wife found the post
Romantic partner,ex-wife,found the [obj],My ex-wife found the posts
Romantic partner,ex-wife,found the [obj],My ex-wife found the comment
Romantic partner,ex-wife,found the [obj],My ex-wife found the comments
Romantic partner,ex-wife,sent this [obj] to,Sent this thread to my ex-wife
Romantic partner,ex-wife,sent this [obj] to,Sent this post to my ex-wife
Romantic partner,ex-wife,came across [det] [obj],My ex-wife came across the post
Romantic partner,ex-wife,came across [det] [obj],My ex-wife came across the Reddit
Romantic partner,ex-wife,came across [det] [obj],My ex-wife came across the account
Romantic partner,ex-wife,came across [det] [obj],My ex-wife came across the comment
Romantic partner,ex-wife,came across [det] [obj],My ex-wife came across the thread
Romantic partner,ex-wife,came across [det] [obj],My ex-wife came across my post
Romantic partner,ex-wife,came across [det] [obj],My ex-wife came across my Reddit
Romantic partner,ex-wife,came across [det] [obj],My ex-wife came across my account
Romantic partner,ex-wife,came across [det] [obj],My ex-wife came across my comment
Romantic partner,ex-wife,came across [det] [obj],My ex-wife came across my thread
Romantic partner,ex-wife,came across [det] [obj],My ex-wife came across this post
Romantic partner,ex-wife,came across [det] [obj],My ex-wife came across this Reddit
Romantic partner,ex-wife,came across [det] [obj],My ex-wife came across this account
Romantic partner,ex-wife,came across [det] [obj],My ex-wife came across this comment
Romantic partner,ex-wife,came across [det] [obj],My ex-wife came across this thread
Romantic partner,ex-wife,stumbled across [det] [obj],My ex-wife stumbled across the post
Romantic partner,ex-wife,stumbled across [det] [obj],My ex-wife stumbled across the Reddit
Romantic partner,ex-wife,stumbled across [det] [obj],My ex-wife stumbled across the account
Romantic partner,ex-wife,stumbled across [det] [obj],My ex-wife stumbled across the thread
Romantic partner,ex-wife,stumbled across [det] [obj],My ex-wife stumbled across the comment
Romantic partner,ex-wife,stumbled across [det] [obj],My ex-wife stumbled across my post
Romantic partner,ex-wife,stumbled across [det] [obj],My ex-wife stumbled across my Reddit
Romantic partner,ex-wife,stumbled across [det] [obj],My ex-wife stumbled across my account
Romantic partner,ex-wife,stumbled across [det] [obj],My ex-wife stumbled across my thread
Romantic partner,ex-wife,stumbled across [det] [obj],My ex-wife stumbled across my comment
Romantic partner,ex-wife,stumbled across [det] [obj],My ex-wife stumbled across this post
Romantic partner,ex-wife,stumbled across [det] [obj],My ex-wife stumbled across this Reddit
Romantic partner,ex-wife,stumbled across [det] [obj],My ex-wife stumbled across this account
Romantic partner,ex-wife,stumbled across [det] [obj],My ex-wife stumbled across this thread
Romantic partner,ex-wife,stumbled across [det] [obj],My ex-wife stumbled across this comment
Romantic partner,ex-wife,found out I [obj],My ex-wife found out I posted
Romantic partner,ex-wife,found out I [obj],My ex-wife found out I made this
Romantic partner,ex-wife,traced my [obj],My ex-wife traced my post
Romantic partner,ex-wife,traced my [obj],My ex-wife traced my Reddit
Romantic partner,ex-wife,traced my [obj],My ex-wife traced my account
Romantic partner,ex-wife,traced my [obj],My ex-wife traced my comment
Romantic partner,ex-wife,traced my [obj],My ex-wife traced my thread
Romantic partner,ex-wife,got shared with,My post got shared with my ex-wife
Romantic partner,ex-wife,got shared with,My Reddit got shared with my ex-wife
Romantic partner,ex-wife,got shared with,My account got shared with my ex-wife
Romantic partner,ex-wife,got shared with,My comment got shared with my ex-wife
Romantic partner,ex-wife,got shared with,My thread got shared with my ex-wife
Romantic partner,ex,got back to,My post got back to my ex
Romantic partner,ex,found my [obj],My ex found my post
Romantic partner,ex,found out about my [obj],My ex found out about my post
Romantic partner,ex,found my [obj],My ex found my posts
Romantic partner,ex,found out about my [obj],My ex found out about my posts
Romantic partner,ex,found my [obj],My ex found my Reddit
Romantic partner,ex,found out about my [obj],My ex found out about my Reddit
Romantic partner,ex,found my [obj],My ex found my account
Romantic partner,ex,found out about my [obj],My ex found out about my account
Romantic partner,ex,found my [obj],My ex found my page
Romantic partner,ex,found out about my [obj],My ex found out about my page
Romantic partner,ex,found my [obj],My ex found my profile
Romantic partner,ex,found out about my [obj],My ex found out about my profile
Romantic partner,ex,found my [obj],My ex found my comment
Romantic partner,ex,found out about my [obj],My ex found out about my comment
Romantic partner,ex,found my [obj],My ex found my comments
Romantic partner,ex,found out about my [obj],My ex found out about my comments
Romantic partner,ex,saw my [obj],My ex saw my post
Romantic partner,ex,saw my [obj],My ex saw my posts
Romantic partner,ex,saw my [obj],My ex saw my Reddit
Romantic partner,ex,saw my [obj],My ex saw my account
Romantic partner,ex,saw my [obj],My ex saw my page
Romantic partner,ex,saw my [obj],My ex saw my profile
Romantic partner,ex,saw my [obj],My ex saw my comment
Romantic partner,ex,saw my [obj],My ex saw my comments
Romantic partner,ex,exposed my [obj],My ex exposed my post
Romantic partner,ex,exposed my [obj],My ex exposed my posts
Romantic partner,ex,exposed my [obj],My ex exposed my Reddit
Romantic partner,ex,exposed my [obj],My ex exposed my account
Romantic partner,ex,exposed my [obj],My ex exposed my page
Romantic partner,ex,exposed my [obj],My ex exposed my profile
Romantic partner,ex,exposed my [obj],My ex exposed my comment
Romantic partner,ex,exposed my [obj],My ex exposed my comments
Romantic partner,ex,knows about my [obj],My ex knows about my post
Romantic partner,ex,knows about my [obj],My ex knows about my posts
Romantic partner,ex,knows about my [obj],My ex knows about my Reddit
Romantic partner,ex,knows about my [obj],My ex knows about my account
Romantic partner,ex,knows about my [obj],My ex knows about my page
Romantic partner,ex,knows about my [obj],My ex knows about my profile
Romantic partner,ex,knows about my [obj],My ex knows about my comment
Romantic partner,ex,knows about my [obj],My ex knows about my comments
Romantic partner,ex,knows my [obj],My ex knows my username
Romantic partner,ex,knows my [obj],My ex knows my account
Romantic partner,ex,knows my [obj],My ex knows my Reddit
Romantic partner,ex,lurks [where],My ex lurks here
Romantic partner,ex,lurks [where],My ex lurks on Reddit
Romantic partner,ex,is a lurker,My ex is a lurker
Romantic partner,ex,found the [obj],My ex found the thread
Romantic partner,ex,found the [obj],My ex found the post
Romantic partner,ex,found the [obj],My ex found the posts
Romantic partner,ex,found the [obj],My ex found the comment
Romantic partner,ex,found the [obj],My ex found the comments
Romantic partner,ex,sent this [obj] to,Sent this thread to my ex
Romantic partner,ex,sent this [obj] to,Sent this post to my ex
Romantic partner,ex,came across [det] [obj],My ex came across the post
Romantic partner,ex,came across [det] [obj],My ex came across the Reddit
Romantic partner,ex,came across [det] [obj],My ex came across the account
Romantic partner,ex,came across [det] [obj],My ex came across the comment
Romantic partner,ex,came across [det] [obj],My ex came across the thread
Romantic partner,ex,came across [det] [obj],My ex came across my post
Romantic partner,ex,came across [det] [obj],My ex came across my Reddit
Romantic partner,ex,came across [det] [obj],My ex came across my account
Romantic partner,ex,came across [det] [obj],My ex came across my comment
Romantic partner,ex,came across [det] [obj],My ex came across my thread
Romantic partner,ex,came across [det] [obj],My ex came across this post
Romantic partner,ex,came across [det] [obj],My ex came across this Reddit
Romantic partner,ex,came across [det] [obj],My ex came across this account
Romantic partner,ex,came across [det] [obj],My ex came across this comment
Romantic partner,ex,came across [det] [obj],My ex came across this thread
Romantic partner,ex,stumbled across [det] [obj],My ex stumbled across the post
Romantic partner,ex,stumbled across [det] [obj],My ex stumbled across the Reddit
Romantic partner,ex,stumbled across [det] [obj],My ex stumbled across the account
Romantic partner,ex,stumbled across [det] [obj],My ex stumbled across the thread
Romantic partner,ex,stumbled across [det] [obj],My ex stumbled across the comment
Romantic partner,ex,stumbled across [det] [obj],My ex stumbled across my post
Romantic partner,ex,stumbled across [det] [obj],My ex stumbled across my Reddit
Romantic partner,ex,stumbled across [det] [obj],My ex stumbled across my account
Romantic partner,ex,stumbled across [det] [obj],My ex stumbled across my thread
Romantic partner,ex,stumbled across [det] [obj],My ex stumbled across my comment
Romantic partner,ex,stumbled across [det] [obj],My ex stumbled across this post
Romantic partner,ex,stumbled across [det] [obj],My ex stumbled across this Reddit
Romantic partner,ex,stumbled across [det] [obj],My ex stumbled across this account
Romantic partner,ex,stumbled across [det] [obj],My ex stumbled across this thread
Romantic partner,ex,stumbled across [det] [obj],My ex stumbled across this comment
Romantic partner,ex,found out I [obj],My ex found out I posted
Romantic partner,ex,found out I [obj],My ex found out I made this
Romantic partner,ex,traced my [obj],My ex traced my post
Romantic partner,ex,traced my [obj],My ex traced my Reddit
Romantic partner,ex,traced my [obj],My ex traced my account
Romantic partner,ex,traced my [obj],My ex traced my comment
Romantic partner,ex,traced my [obj],My ex traced my thread
Romantic partner,ex,got shared with,My post got shared with my ex
Romantic partner,ex,got shared with,My Reddit got shared with my ex
Romantic partner,ex,got shared with,My account got shared with my ex
Romantic partner,ex,got shared with,My comment got shared with my ex
Romantic partner,ex,got shared with,My thread got shared with my ex
Romantic partner,lover,got back to,My post got back to my lover
Romantic partner,lover,found my [obj],My lover found my post
Romantic partner,lover,found out about my [obj],My lover found out about my post
Romantic partner,lover,found my [obj],My lover found my posts
Romantic partner,lover,found out about my [obj],My lover found out about my posts
Romantic partner,lover,found my [obj],My lover found my Reddit
Romantic partner,lover,found out about my [obj],My lover found out about my Reddit
Romantic partner,lover,found my [obj],My lover found my account
Romantic partner,lover,found out about my [obj],My lover found out about my account
Romantic partner,lover,found my [obj],My lover found my page
Romantic partner,lover,found out about my [obj],My lover found out about my page
Romantic partner,lover,found my [obj],My lover found my profile
Romantic partner,lover,found out about my [obj],My lover found out about my profile
Romantic partner,lover,found my [obj],My lover found my comment
Romantic partner,lover,found out about my [obj],My lover found out about my comment
Romantic partner,lover,found my [obj],My lover found my comments
Romantic partner,lover,found out about my [obj],My lover found out about my comments
Romantic partner,lover,saw my [obj],My lover saw my post
Romantic partner,lover,saw my [obj],My lover saw my posts
Romantic partner,lover,saw my [obj],My lover saw my Reddit
Romantic partner,lover,saw my [obj],My lover saw my account
Romantic partner,lover,saw my [obj],My lover saw my page
Romantic partner,lover,saw my [obj],My lover saw my profile
Romantic partner,lover,saw my [obj],My lover saw my comment
Romantic partner,lover,saw my [obj],My lover saw my comments
Romantic partner,lover,exposed my [obj],My lover exposed my post
Romantic partner,lover,exposed my [obj],My lover exposed my posts
Romantic partner,lover,exposed my [obj],My lover exposed my Reddit
Romantic partner,lover,exposed my [obj],My lover exposed my account
Romantic partner,lover,exposed my [obj],My lover exposed my page
Romantic partner,lover,exposed my [obj],My lover exposed my profile
Romantic partner,lover,exposed my [obj],My lover exposed my comment
Romantic partner,lover,exposed my [obj],My lover exposed my comments
Romantic partner,lover,knows about my [obj],My lover knows about my post
Romantic partner,lover,knows about my [obj],My lover knows about my posts
Romantic partner,lover,knows about my [obj],My lover knows about my Reddit
Romantic partner,lover,knows about my [obj],My lover knows about my account
Romantic partner,lover,knows about my [obj],My lover knows about my page
Romantic partner,lover,knows about my [obj],My lover knows about my profile
Romantic partner,lover,knows about my [obj],My lover knows about my comment
Romantic partner,lover,knows about my [obj],My lover knows about my comments
Romantic partner,lover,knows my [obj],My lover knows my username
Romantic partner,lover,knows my [obj],My lover knows my account
Romantic partner,lover,knows my [obj],My lover knows my Reddit
Romantic partner,lover,lurks [where],My lover lurks here
Romantic partner,lover,lurks [where],My lover lurks on Reddit
Romantic partner,lover,is a lurker,My lover is a lurker
Romantic partner,lover,found the [obj],My lover found the thread
Romantic partner,lover,found the [obj],My lover found the post
Romantic partner,lover,found the [obj],My lover found the posts
Romantic partner,lover,found the [obj],My lover found the comment
Romantic partner,lover,found the [obj],My lover found the comments
Romantic partner,lover,sent this [obj] to,Sent this thread to my lover
Romantic partner,lover,sent this [obj] to,Sent this post to my lover
Romantic partner,lover,came across [det] [obj],My lover came across the post
Romantic partner,lover,came across [det] [obj],My lover came across the Reddit
Romantic partner,lover,came across [det] [obj],My lover came across the account
Romantic partner,lover,came across [det] [obj],My lover came across the comment
Romantic partner,lover,came across [det] [obj],My lover came across the thread
Romantic partner,lover,came across [det] [obj],My lover came across my post
Romantic partner,lover,came across [det] [obj],My lover came across my Reddit
Romantic partner,lover,came across [det] [obj],My lover came across my account
Romantic partner,lover,came across [det] [obj],My lover came across my comment
Romantic partner,lover,came across [det] [obj],My lover came across my thread
Romantic partner,lover,came across [det] [obj],My lover came across this post
Romantic partner,lover,came across [det] [obj],My lover came across this Reddit
Romantic partner,lover,came across [det] [obj],My lover came across this account
Romantic partner,lover,came across [det] [obj],My lover came across this comment
Romantic partner,lover,came across [det] [obj],My lover came across this thread
Romantic partner,lover,stumbled across [det] [obj],My lover stumbled across the post
Romantic partner,lover,stumbled across [det] [obj],My lover stumbled across the Reddit
Romantic partner,lover,stumbled across [det] [obj],My lover stumbled across the account
Romantic partner,lover,stumbled across [det] [obj],My lover stumbled across the thread
Romantic partner,lover,stumbled across [det] [obj],My lover stumbled across the comment
Romantic partner,lover,stumbled across [det] [obj],My lover stumbled across my post
Romantic partner,lover,stumbled across [det] [obj],My lover stumbled across my Reddit
Romantic partner,lover,stumbled across [det] [obj],My lover stumbled across my account
Romantic partner,lover,stumbled across [det] [obj],My lover stumbled across my thread
Romantic partner,lover,stumbled across [det] [obj],My lover stumbled across my comment
Romantic partner,lover,stumbled across [det] [obj],My lover stumbled across this post
Romantic partner,lover,stumbled across [det] [obj],My lover stumbled across this Reddit
Romantic partner,lover,stumbled across [det] [obj],My lover stumbled across this account
Romantic partner,lover,stumbled across [det] [obj],My lover stumbled across this thread
Romantic partner,lover,stumbled across [det] [obj],My lover stumbled across this comment
Romantic partner,lover,found out I [obj],My lover found out I posted
Romantic partner,lover,found out I [obj],My lover found out I made this
Romantic partner,lover,traced my [obj],My lover traced my post
Romantic partner,lover,traced my [obj],My lover traced my Reddit
Romantic partner,lover,traced my [obj],My lover traced my account
Romantic partner,lover,traced my [obj],My lover traced my comment
Romantic partner,lover,traced my [obj],My lover traced my thread
Romantic partner,lover,got shared with,My post got shared with my lover
Romantic partner,lover,got shared with,My Reddit got shared with my lover
Romantic partner,lover,got shared with,My account got shared with my lover
Romantic partner,lover,got shared with,My comment got shared with my lover
Romantic partner,lover,got shared with,My thread got shared with my lover
Family,parent,got back to,My post got back to my parent
Family,parent,found my [obj],My parent found my post
Family,parent,found out about my [obj],My parent found out about my post
Family,parent,found my [obj],My parent found my posts
Family,parent,found out about my [obj],My parent found out about my posts
Family,parent,found my [obj],My parent found my Reddit
Family,parent,found out about my [obj],My parent found out about my Reddit
Family,parent,found my [obj],My parent found my account
Family,parent,found out about my [obj],My parent found out about my account
Family,parent,found my [obj],My parent found my page
Family,parent,found out about my [obj],My parent found out about my page
Family,parent,found my [obj],My parent found my profile
Family,parent,found out about my [obj],My parent found out about my profile
Family,parent,found my [obj],My parent found my comment
Family,parent,found out about my [obj],My parent found out about my comment
Family,parent,found my [obj],My parent found my comments
Family,parent,found out about my [obj],My parent found out about my comments
Family,parent,saw my [obj],My parent saw my post
Family,parent,saw my [obj],My parent saw my posts
Family,parent,saw my [obj],My parent saw my Reddit
Family,parent,saw my [obj],My parent saw my account
Family,parent,saw my [obj],My parent saw my page
Family,parent,saw my [obj],My parent saw my profile
Family,parent,saw my [obj],My parent saw my comment
Family,parent,saw my [obj],My parent saw my comments
Family,parent,exposed my [obj],My parent exposed my post
Family,parent,exposed my [obj],My parent exposed my posts
Family,parent,exposed my [obj],My parent exposed my Reddit
Family,parent,exposed my [obj],My parent exposed my account
Family,parent,exposed my [obj],My parent exposed my page
Family,parent,exposed my [obj],My parent exposed my profile
Family,parent,exposed my [obj],My parent exposed my comment
Family,parent,exposed my [obj],My parent exposed my comments
Family,parent,knows about my [obj],My parent knows about my post
Family,parent,knows about my [obj],My parent knows about my posts
Family,parent,knows about my [obj],My parent knows about my Reddit
Family,parent,knows about my [obj],My parent knows about my account
Family,parent,knows about my [obj],My parent knows about my page
Family,parent,knows about my [obj],My parent knows about my profile
Family,parent,knows about my [obj],My parent knows about my comment
Family,parent,knows about my [obj],My parent knows about my comments
Family,parent,knows my [obj],My parent knows my username
Family,parent,knows my [obj],My parent knows my account
Family,parent,knows my [obj],My parent knows my Reddit
Family,parent,lurks [where],My parent lurks here
Family,parent,lurks [where],My parent lurks on Reddit
Family,parent,is a lurker,My parent is a lurker
Family,parent,found the [obj],My parent found the thread
Family,parent,found the [obj],My parent found the post
Family,parent,found the [obj],My parent found the posts
Family,parent,found the [obj],My parent found the comment
Family,parent,found the [obj],My parent found the comments
Family,parent,sent this [obj] to,Sent this thread to my parent
Family,parent,sent this [obj] to,Sent this post to my parent
Family,parent,came across [det] [obj],My parent came across the post
Family,parent,came across [det] [obj],My parent came across the Reddit
Family,parent,came across [det] [obj],My parent came across the account
Family,parent,came across [det] [obj],My parent came across the comment
Family,parent,came across [det] [obj],My parent came across the thread
Family,parent,came across [det] [obj],My parent came across my post
Family,parent,came across [det] [obj],My parent came across my Reddit
Family,parent,came across [det] [obj],My parent came across my account
Family,parent,came across [det] [obj],My parent came across my comment
Family,parent,came across [det] [obj],My parent came across my thread
Family,parent,came across [det] [obj],My parent came across this post
Family,parent,came across [det] [obj],My parent came across this Reddit
Family,parent,came across [det] [obj],My parent came across this account
Family,parent,came across [det] [obj],My parent came across this comment
Family,parent,came across [det] [obj],My parent came across this thread
Family,parent,stumbled across [det] [obj],My parent stumbled across the post
Family,parent,stumbled across [det] [obj],My parent stumbled across the Reddit
Family,parent,stumbled across [det] [obj],My parent stumbled across the account
Family,parent,stumbled across [det] [obj],My parent stumbled across the thread
Family,parent,stumbled across [det] [obj],My parent stumbled across the comment
Family,parent,stumbled across [det] [obj],My parent stumbled across my post
Family,parent,stumbled across [det] [obj],My parent stumbled across my Reddit
Family,parent,stumbled across [det] [obj],My parent stumbled across my account
Family,parent,stumbled across [det] [obj],My parent stumbled across my thread
Family,parent,stumbled across [det] [obj],My parent stumbled across my comment
Family,parent,stumbled across [det] [obj],My parent stumbled across this post
Family,parent,stumbled across [det] [obj],My parent stumbled across this Reddit
Family,parent,stumbled across [det] [obj],My parent stumbled across this account
Family,parent,stumbled across [det] [obj],My parent stumbled across this thread
Family,parent,stumbled across [det] [obj],My parent stumbled across this comment
Family,parent,found out I [obj],My parent found out I posted
Family,parent,found out I [obj],My parent found out I made this
Family,parent,traced my [obj],My parent traced my post
Family,parent,traced my [obj],My parent traced my Reddit
Family,parent,traced my [obj],My parent traced my account
Family,parent,traced my [obj],My parent traced my comment
Family,parent,traced my [obj],My parent traced my thread
Family,parent,got shared with,My post got shared with my parent
Family,parent,got shared with,My Reddit got shared with my parent
Family,parent,got shared with,My account got shared with my parent
Family,parent,got shared with,My comment got shared with my parent
Family,parent,got shared with,My thread got shared with my parent
Family,parents,got back to,My post got back to my parents
Family,parents,found my [obj],My parents found my post
Family,parents,found out about my [obj],My parents found out about my post
Family,parents,found my [obj],My parents found my posts
Family,parents,found out about my [obj],My parents found out about my posts
Family,parents,found my [obj],My parents found my Reddit
Family,parents,found out about my [obj],My parents found out about my Reddit
Family,parents,found my [obj],My parents found my account
Family,parents,found out about my [obj],My parents found out about my account
Family,parents,found my [obj],My parents found my page
Family,parents,found out about my [obj],My parents found out about my page
Family,parents,found my [obj],My parents found my profile
Family,parents,found out about my [obj],My parents found out about my profile
Family,parents,found my [obj],My parents found my comment
Family,parents,found out about my [obj],My parents found out about my comment
Family,parents,found my [obj],My parents found my comments
Family,parents,found out about my [obj],My parents found out about my comments
Family,parents,saw my [obj],My parents saw my post
Family,parents,saw my [obj],My parents saw my posts
Family,parents,saw my [obj],My parents saw my Reddit
Family,parents,saw my [obj],My parents saw my account
Family,parents,saw my [obj],My parents saw my page
Family,parents,saw my [obj],My parents saw my profile
Family,parents,saw my [obj],My parents saw my comment
Family,parents,saw my [obj],My parents saw my comments
Family,parents,exposed my [obj],My parents exposed my post
Family,parents,exposed my [obj],My parents exposed my posts
Family,parents,exposed my [obj],My parents exposed my Reddit
Family,parents,exposed my [obj],My parents exposed my account
Family,parents,exposed my [obj],My parents exposed my page
Family,parents,exposed my [obj],My parents exposed my profile
Family,parents,exposed my [obj],My parents exposed my comment
Family,parents,exposed my [obj],My parents exposed my comments
Family,parents,knows about my [obj],My parents know about my post
Family,parents,knows about my [obj],My parents know about my posts
Family,parents,knows about my [obj],My parents know about my Reddit
Family,parents,knows about my [obj],My parents know about my account
Family,parents,knows about my [obj],My parents know about my page
Family,parents,knows about my [obj],My parents know about my profile
Family,parents,knows about my [obj],My parents know about my comment
Family,parents,knows about my [obj],My parents know about my comments
Family,parents,knows my [obj],My parents know my username
Family,parents,knows my [obj],My parents know my account
Family,parents,knows my [obj],My parents know my Reddit
Family,parents,lurks [where],My parents lurk here
Family,parents,lurks [where],My parents lurk on Reddit
Family,parents,is a lurker,My parents are lurkers
Family,parents,found the [obj],My parents found the thread
Family,parents,found the [obj],My parents found the post
Family,parents,found the [obj],My parents found the posts
Family,parents,found the [obj],My parents found the comment
Family,parents,found the [obj],My parents found the comments
Family,parents,sent this [obj] to,Sent this thread to my parents
Family,parents,sent this [obj] to,Sent this post to my parents
Family,parents,came across [det] [obj],My parents came across the post
Family,parents,came across [det] [obj],My parents came across the Reddit
Family,parents,came across [det] [obj],My parents came across the account
Family,parents,came across [det] [obj],My parents came across the comment
Family,parents,came across [det] [obj],My parents came across the thread
Family,parents,came across [det] [obj],My parents came across my post
Family,parents,came across [det] [obj],My parents came across my Reddit
Family,parents,came across [det] [obj],My parents came across my account
Family,parents,came across [det] [obj],My parents came across my comment
Family,parents,came across [det] [obj],My parents came across my thread
Family,parents,came across [det] [obj],My parents came across this post
Family,parents,came across [det] [obj],My parents came across this Reddit
Family,parents,came across [det] [obj],My parents came across this account
Family,parents,came across [det] [obj],My parents came across this comment
Family,parents,came across [det] [obj],My parents came across this thread
Family,parents,stumbled across [det] [obj],My parents stumbled across the post
Family,parents,stumbled across [det] [obj],My parents stumbled across the Reddit
Family,parents,stumbled across [det] [obj],My parents stumbled across the account
Family,parents,stumbled across [det] [obj],My parents stumbled across the thread
Family,parents,stumbled across [det] [obj],My parents stumbled across the comment
Family,parents,stumbled across [det] [obj],My parents stumbled across my post
Family,parents,stumbled across [det] [obj],My parents stumbled across my Reddit
Family,parents,stumbled across [det] [obj],My parents stumbled across my account
Family,parents,stumbled across [det] [obj],My parents stumbled across my thread
Family,parents,stumbled across [det] [obj],My parents stumbled across my comment
Family,parents,stumbled across [det] [obj],My parents stumbled across this post
Family,parents,stumbled across [det] [obj],My parents stumbled across this Reddit
Family,parents,stumbled across [det] [obj],My parents stumbled across this account
Family,parents,stumbled across [det] [obj],My parents stumbled across this thread
Family,parents,stumbled across [det] [obj],My parents stumbled across this comment
Family,parents,found out I [obj],My parents found out I posted
Family,parents,found out I [obj],My parents found out I made this
Family,parents,traced my [obj],My parents traced my post
Family,parents,traced my [obj],My parents traced my Reddit
Family,parents,traced my [obj],My parents traced my account
Family,parents,traced my [obj],My parents traced my comment
Family,parents,traced my [obj],My parents traced my thread
Family,parents,got shared with,My post got shared with my parents
Family,parents,got shared with,My Reddit got shared with my parents
Family,parents,got shared with,My account got shared with my parents
Family,parents,got shared with,My comment got shared with my parents
Family,parents,got shared with,My thread got shared with my parents
Family,mom,got back to,My post got back to my mom
Family,mom,found my [obj],My mom found my post
Family,mom,found out about my [obj],My mom found out about my post
Family,mom,found my [obj],My mom found my posts
Family,mom,found out about my [obj],My mom found out about my posts
Family,mom,found my [obj],My mom found my Reddit
Family,mom,found out about my [obj],My mom found out about my Reddit
Family,mom,found my [obj],My mom found my account
Family,mom,found out about my [obj],My mom found out about my account
Family,mom,found my [obj],My mom found my page
Family,mom,found out about my [obj],My mom found out about my page
Family,mom,found my [obj],My mom found my profile
Family,mom,found out about my [obj],My mom found out about my profile
Family,mom,found my [obj],My mom found my comment
Family,mom,found out about my [obj],My mom found out about my comment
Family,mom,found my [obj],My mom found my comments
Family,mom,found out about my [obj],My mom found out about my comments
Family,mom,saw my [obj],My mom saw my post
Family,mom,saw my [obj],My mom saw my posts
Family,mom,saw my [obj],My mom saw my Reddit
Family,mom,saw my [obj],My mom saw my account
Family,mom,saw my [obj],My mom saw my page
Family,mom,saw my [obj],My mom saw my profile
Family,mom,saw my [obj],My mom saw my comment
Family,mom,saw my [obj],My mom saw my comments
Family,mom,exposed my [obj],My mom exposed my post
Family,mom,exposed my [obj],My mom exposed my posts
Family,mom,exposed my [obj],My mom exposed my Reddit
Family,mom,exposed my [obj],My mom exposed my account
Family,mom,exposed my [obj],My mom exposed my page
Family,mom,exposed my [obj],My mom exposed my profile
Family,mom,exposed my [obj],My mom exposed my comment
Family,mom,exposed my [obj],My mom exposed my comments
Family,mom,knows about my [obj],My mom knows about my post
Family,mom,knows about my [obj],My mom knows about my posts
Family,mom,knows about my [obj],My mom knows about my Reddit
Family,mom,knows about my [obj],My mom knows about my account
Family,mom,knows about my [obj],My mom knows about my page
Family,mom,knows about my [obj],My mom knows about my profile
Family,mom,knows about my [obj],My mom knows about my comment
Family,mom,knows about my [obj],My mom knows about my comments
Family,mom,knows my [obj],My mom knows my username
Family,mom,knows my [obj],My mom knows my account
Family,mom,knows my [obj],My mom knows my Reddit
Family,mom,lurks [where],My mom lurks here
Family,mom,lurks [where],My mom lurks on Reddit
Family,mom,is a lurker,My mom is a lurker
Family,mom,found the [obj],My mom found the thread
Family,mom,found the [obj],My mom found the post
Family,mom,found the [obj],My mom found the posts
Family,mom,found the [obj],My mom found the comment
Family,mom,found the [obj],My mom found the comments
Family,mom,sent this [obj] to,Sent this thread to my mom
Family,mom,sent this [obj] to,Sent this post to my mom
Family,mom,came across [det] [obj],My mom came across the post
Family,mom,came across [det] [obj],My mom came across the Reddit
Family,mom,came across [det] [obj],My mom came across the account
Family,mom,came across [det] [obj],My mom came across the comment
Family,mom,came across [det] [obj],My mom came across the thread
Family,mom,came across [det] [obj],My mom came across my post
Family,mom,came across [det] [obj],My mom came across my Reddit
Family,mom,came across [det] [obj],My mom came across my account
Family,mom,came across [det] [obj],My mom came across my comment
Family,mom,came across [det] [obj],My mom came across my thread
Family,mom,came across [det] [obj],My mom came across this post
Family,mom,came across [det] [obj],My mom came across this Reddit
Family,mom,came across [det] [obj],My mom came across this account
Family,mom,came across [det] [obj],My mom came across this comment
Family,mom,came across [det] [obj],My mom came across this thread
Family,mom,stumbled across [det] [obj],My mom stumbled across the post
Family,mom,stumbled across [det] [obj],My mom stumbled across the Reddit
Family,mom,stumbled across [det] [obj],My mom stumbled across the account
Family,mom,stumbled across [det] [obj],My mom stumbled across the thread
Family,mom,stumbled across [det] [obj],My mom stumbled across the comment
Family,mom,stumbled across [det] [obj],My mom stumbled across my post
Family,mom,stumbled across [det] [obj],My mom stumbled across my Reddit
Family,mom,stumbled across [det] [obj],My mom stumbled across my account
Family,mom,stumbled across [det] [obj],My mom stumbled across my thread
Family,mom,stumbled across [det] [obj],My mom stumbled across my comment
Family,mom,stumbled across [det] [obj],My mom stumbled across this post
Family,mom,stumbled across [det] [obj],My mom stumbled across this Reddit
Family,mom,stumbled across [det] [obj],My mom stumbled across this account
Family,mom,stumbled across [det] [obj],My mom stumbled across this thread
Family,mom,stumbled across [det] [obj],My mom stumbled across this comment
Family,mom,found out I [obj],My mom found out I posted
Family,mom,found out I [obj],My mom found out I made this
Family,mom,traced my [obj],My mom traced my post
Family,mom,traced my [obj],My mom traced my Reddit
Family,mom,traced my [obj],My mom traced my account
Family,mom,traced my [obj],My mom traced my comment
Family,mom,traced my [obj],My mom traced my thread
Family,mom,got shared with,My post got shared with my mom
Family,mom,got shared with,My Reddit got shared with my mom
Family,mom,got shared with,My account got shared with my mom
Family,mom,got shared with,My comment got shared with my mom
Family,mom,got shared with,My thread got shared with my mom
Family,dad,got back to,My post got back to my dad
Family,dad,found my [obj],My dad found my post
Family,dad,found out about my [obj],My dad found out about my post
Family,dad,found my [obj],My dad found my posts
Family,dad,found out about my [obj],My dad found out about my posts
Family,dad,found my [obj],My dad found my Reddit
Family,dad,found out about my [obj],My dad found out about my Reddit
Family,dad,found my [obj],My dad found my account
Family,dad,found out about my [obj],My dad found out about my account
Family,dad,found my [obj],My dad found my page
Family,dad,found out about my [obj],My dad found out about my page
Family,dad,found my [obj],My dad found my profile
Family,dad,found out about my [obj],My dad found out about my profile
Family,dad,found my [obj],My dad found my comment
Family,dad,found out about my [obj],My dad found out about my comment
Family,dad,found my [obj],My dad found my comments
Family,dad,found out about my [obj],My dad found out about my comments
Family,dad,saw my [obj],My dad saw my post
Family,dad,saw my [obj],My dad saw my posts
Family,dad,saw my [obj],My dad saw my Reddit
Family,dad,saw my [obj],My dad saw my account
Family,dad,saw my [obj],My dad saw my page
Family,dad,saw my [obj],My dad saw my profile
Family,dad,saw my [obj],My dad saw my comment
Family,dad,saw my [obj],My dad saw my comments
Family,dad,exposed my [obj],My dad exposed my post
Family,dad,exposed my [obj],My dad exposed my posts
Family,dad,exposed my [obj],My dad exposed my Reddit
Family,dad,exposed my [obj],My dad exposed my account
Family,dad,exposed my [obj],My dad exposed my page
Family,dad,exposed my [obj],My dad exposed my profile
Family,dad,exposed my [obj],My dad exposed my comment
Family,dad,exposed my [obj],My dad exposed my comments
Family,dad,knows about my [obj],My dad knows about my post
Family,dad,knows about my [obj],My dad knows about my posts
Family,dad,knows about my [obj],My dad knows about my Reddit
Family,dad,knows about my [obj],My dad knows about my account
Family,dad,knows about my [obj],My dad knows about my page
Family,dad,knows about my [obj],My dad knows about my profile
Family,dad,knows about my [obj],My dad knows about my comment
Family,dad,knows about my [obj],My dad knows about my comments
Family,dad,knows my [obj],My dad knows my username
Family,dad,knows my [obj],My dad knows my account
Family,dad,knows my [obj],My dad knows my Reddit
Family,dad,lurks [where],My dad lurks here
Family,dad,lurks [where],My dad lurks on Reddit
Family,dad,is a lurker,My dad is a lurker
Family,dad,found the [obj],My dad found the thread
Family,dad,found the [obj],My dad found the post
Family,dad,found the [obj],My dad found the posts
Family,dad,found the [obj],My dad found the comment
Family,dad,found the [obj],My dad found the comments
Family,dad,sent this [obj] to,Sent this thread to my dad
Family,dad,sent this [obj] to,Sent this post to my dad
Family,dad,came across [det] [obj],My dad came across the post
Family,dad,came across [det] [obj],My dad came across the Reddit
Family,dad,came across [det] [obj],My dad came across the account
Family,dad,came across [det] [obj],My dad came across the comment
Family,dad,came across [det] [obj],My dad came across the thread
Family,dad,came across [det] [obj],My dad came across my post
Family,dad,came across [det] [obj],My dad came across my Reddit
Family,dad,came across [det] [obj],My dad came across my account
Family,dad,came across [det] [obj],My dad came across my comment
Family,dad,came across [det] [obj],My dad came across my thread
Family,dad,came across [det] [obj],My dad came across this post
Family,dad,came across [det] [obj],My dad came across this Reddit
Family,dad,came across [det] [obj],My dad came across this account
Family,dad,came across [det] [obj],My dad came across this comment
Family,dad,came across [det] [obj],My dad came across this thread
Family,dad,stumbled across [det] [obj],My dad stumbled across the post
Family,dad,stumbled across [det] [obj],My dad stumbled across the Reddit
Family,dad,stumbled across [det] [obj],My dad stumbled across the account
Family,dad,stumbled across [det] [obj],My dad stumbled across the thread
Family,dad,stumbled across [det] [obj],My dad stumbled across the comment
Family,dad,stumbled across [det] [obj],My dad stumbled across my post
Family,dad,stumbled across [det] [obj],My dad stumbled across my Reddit
Family,dad,stumbled across [det] [obj],My dad stumbled across my account
Family,dad,stumbled across [det] [obj],My dad stumbled across my thread
Family,dad,stumbled across [det] [obj],My dad stumbled across my comment
Family,dad,stumbled across [det] [obj],My dad stumbled across this post
Family,dad,stumbled across [det] [obj],My dad stumbled across this Reddit
Family,dad,stumbled across [det] [obj],My dad stumbled across this account
Family,dad,stumbled across [det] [obj],My dad stumbled across this thread
Family,dad,stumbled across [det] [obj],My dad stumbled across this comment
Family,dad,found out I [obj],My dad found out I posted
Family,dad,found out I [obj],My dad found out I made this
Family,dad,traced my [obj],My dad traced my post
Family,dad,traced my [obj],My dad traced my Reddit
Family,dad,traced my [obj],My dad traced my account
Family,dad,traced my [obj],My dad traced my comment
Family,dad,traced my [obj],My dad traced my thread
Family,dad,got shared with,My post got shared with my dad
Family,dad,got shared with,My Reddit got shared with my dad
Family,dad,got shared with,My account got shared with my dad
Family,dad,got shared with,My comment got shared with my dad
Family,dad,got shared with,My thread got shared with my dad
Family,sibling,got back to,My post got back to my sibling
Family,sibling,found my [obj],My sibling found my post
Family,sibling,found out about my [obj],My sibling found out about my post
Family,sibling,found my [obj],My sibling found my posts
Family,sibling,found out about my [obj],My sibling found out about my posts
Family,sibling,found my [obj],My sibling found my Reddit
Family,sibling,found out about my [obj],My sibling found out about my Reddit
Family,sibling,found my [obj],My sibling found my account
Family,sibling,found out about my [obj],My sibling found out about my account
Family,sibling,found my [obj],My sibling found my page
Family,sibling,found out about my [obj],My sibling found out about my page
Family,sibling,found my [obj],My sibling found my profile
Family,sibling,found out about my [obj],My sibling found out about my profile
Family,sibling,found my [obj],My sibling found my comment
Family,sibling,found out about my [obj],My sibling found out about my comment
Family,sibling,found my [obj],My sibling found my comments
Family,sibling,found out about my [obj],My sibling found out about my comments
Family,sibling,saw my [obj],My sibling saw my post
Family,sibling,saw my [obj],My sibling saw my posts
Family,sibling,saw my [obj],My sibling saw my Reddit
Family,sibling,saw my [obj],My sibling saw my account
Family,sibling,saw my [obj],My sibling saw my page
Family,sibling,saw my [obj],My sibling saw my profile
Family,sibling,saw my [obj],My sibling saw my comment
Family,sibling,saw my [obj],My sibling saw my comments
Family,sibling,exposed my [obj],My sibling exposed my post
Family,sibling,exposed my [obj],My sibling exposed my posts
Family,sibling,exposed my [obj],My sibling exposed my Reddit
Family,sibling,exposed my [obj],My sibling exposed my account
Family,sibling,exposed my [obj],My sibling exposed my page
Family,sibling,exposed my [obj],My sibling exposed my profile
Family,sibling,exposed my [obj],My sibling exposed my comment
Family,sibling,exposed my [obj],My sibling exposed my comments
Family,sibling,knows about my [obj],My sibling knows about my post
Family,sibling,knows about my [obj],My sibling knows about my posts
Family,sibling,knows about my [obj],My sibling knows about my Reddit
Family,sibling,knows about my [obj],My sibling knows about my account
Family,sibling,knows about my [obj],My sibling knows about my page
Family,sibling,knows about my [obj],My sibling knows about my profile
Family,sibling,knows about my [obj],My sibling knows about my comment
Family,sibling,knows about my [obj],My sibling knows about my comments
Family,sibling,knows my [obj],My sibling knows my username
Family,sibling,knows my [obj],My sibling knows my account
Family,sibling,knows my [obj],My sibling knows my Reddit
Family,sibling,lurks [where],My sibling lurks here
Family,sibling,lurks [where],My sibling lurks on Reddit
Family,sibling,is a lurker,My sibling is a lurker
Family,sibling,found the [obj],My sibling found the thread
Family,sibling,found the [obj],My sibling found the post
Family,sibling,found the [obj],My sibling found the posts
Family,sibling,found the [obj],My sibling found the comment
Family,sibling,found the [obj],My sibling found the comments
Family,sibling,sent this [obj] to,Sent this thread to my sibling
Family,sibling,sent this [obj] to,Sent this post to my sibling
Family,sibling,came across [det] [obj],My sibling came across the post
Family,sibling,came across [det] [obj],My sibling came across the Reddit
Family,sibling,came across [det] [obj],My sibling came across the account
Family,sibling,came across [det] [obj],My sibling came across the comment
Family,sibling,came across [det] [obj],My sibling came across the thread
Family,sibling,came across [det] [obj],My sibling came across my post
Family,sibling,came across [det] [obj],My sibling came across my Reddit
Family,sibling,came across [det] [obj],My sibling came across my account
Family,sibling,came across [det] [obj],My sibling came across my comment
Family,sibling,came across [det] [obj],My sibling came across my thread
Family,sibling,came across [det] [obj],My sibling came across this post
Family,sibling,came across [det] [obj],My sibling came across this Reddit
Family,sibling,came across [det] [obj],My sibling came across this account
Family,sibling,came across [det] [obj],My sibling came across this comment
Family,sibling,came across [det] [obj],My sibling came across this thread
Family,sibling,stumbled across [det] [obj],My sibling stumbled across the post
Family,sibling,stumbled across [det] [obj],My sibling stumbled across the Reddit
Family,sibling,stumbled across [det] [obj],My sibling stumbled across the account
Family,sibling,stumbled across [det] [obj],My sibling stumbled across the thread
Family,sibling,stumbled across [det] [obj],My sibling stumbled across the comment
Family,sibling,stumbled across [det] [obj],My sibling stumbled across my post
Family,sibling,stumbled across [det] [obj],My sibling stumbled across my Reddit
Family,sibling,stumbled across [det] [obj],My sibling stumbled across my account
Family,sibling,stumbled across [det] [obj],My sibling stumbled across my thread
Family,sibling,stumbled across [det] [obj],My sibling stumbled across my comment
Family,sibling,stumbled across [det] [obj],My sibling stumbled across this post
Family,sibling,stumbled across [det] [obj],My sibling stumbled across this Reddit
Family,sibling,stumbled across [det] [obj],My sibling stumbled across this account
Family,sibling,stumbled across [det] [obj],My sibling stumbled across this thread
Family,sibling,stumbled across [det] [obj],My sibling stumbled across this comment
Family,sibling,found out I [obj],My sibling found out I posted
Family,sibling,found out I [obj],My sibling found out I made this
Family,sibling,traced my [obj],My sibling traced my post
Family,sibling,traced my [obj],My sibling traced my Reddit
Family,sibling,traced my [obj],My sibling traced my account
Family,sibling,traced my [obj],My sibling traced my comment
Family,sibling,traced my [obj],My sibling traced my thread
Family,sibling,got shared with,My post got shared with my sibling
Family,sibling,got shared with,My Reddit got shared with my sibling
Family,sibling,got shared with,My account got shared with my sibling
Family,sibling,got shared with,My comment got shared with my sibling
Family,sibling,got shared with,My thread got shared with my sibling
Family,siblings,got back to,My post got back to my siblings
Family,siblings,found my [obj],My siblings found my post
Family,siblings,found out about my [obj],My siblings found out about my post
Family,siblings,found my [obj],My siblings found my posts
Family,siblings,found out about my [obj],My siblings found out about my posts
Family,siblings,found my [obj],My siblings found my Reddit
Family,siblings,found out about my [obj],My siblings found out about my Reddit
Family,siblings,found my [obj],My siblings found my account
Family,siblings,found out about my [obj],My siblings found out about my account
Family,siblings,found my [obj],My siblings found my page
Family,siblings,found out about my [obj],My siblings found out about my page
Family,siblings,found my [obj],My siblings found my profile
Family,siblings,found out about my [obj],My siblings found out about my profile
Family,siblings,found my [obj],My siblings found my comment
Family,siblings,found out about my [obj],My siblings found out about my comment
Family,siblings,found my [obj],My siblings found my comments
Family,siblings,found out about my [obj],My siblings found out about my comments
Family,siblings,saw my [obj],My siblings saw my post
Family,siblings,saw my [obj],My siblings saw my posts
Family,siblings,saw my [obj],My siblings saw my Reddit
Family,siblings,saw my [obj],My siblings saw my account
Family,siblings,saw my [obj],My siblings saw my page
Family,siblings,saw my [obj],My siblings saw my profile
Family,siblings,saw my [obj],My siblings saw my comment
Family,siblings,saw my [obj],My siblings saw my comments
Family,siblings,exposed my [obj],My siblings exposed my post
Family,siblings,exposed my [obj],My siblings exposed my posts
Family,siblings,exposed my [obj],My siblings exposed my Reddit
Family,siblings,exposed my [obj],My siblings exposed my account
Family,siblings,exposed my [obj],My siblings exposed my page
Family,siblings,exposed my [obj],My siblings exposed my profile
Family,siblings,exposed my [obj],My siblings exposed my comment
Family,siblings,exposed my [obj],My siblings exposed my comments
Family,siblings,knows about my [obj],My siblings know about my post
Family,siblings,knows about my [obj],My siblings know about my posts
Family,siblings,knows about my [obj],My siblings know about my Reddit
Family,siblings,knows about my [obj],My siblings know about my account
Family,siblings,knows about my [obj],My siblings know about my page
Family,siblings,knows about my [obj],My siblings know about my profile
Family,siblings,knows about my [obj],My siblings know about my comment
Family,siblings,knows about my [obj],My siblings know about my comments
Family,siblings,knows my [obj],My siblings know my username
Family,siblings,knows my [obj],My siblings know my account
Family,siblings,knows my [obj],My siblings know my Reddit
Family,siblings,lurks [where],My siblings lurk here
Family,siblings,lurks [where],My siblings lurk on Reddit
Family,siblings,is a lurker,My siblings are lurkers
Family,siblings,found the [obj],My siblings found the thread
Family,siblings,found the [obj],My siblings found the post
Family,siblings,found the [obj],My siblings found the posts
Family,siblings,found the [obj],My siblings found the comment
Family,siblings,found the [obj],My siblings found the comments
Family,siblings,sent this [obj] to,Sent this thread to my siblings
Family,siblings,sent this [obj] to,Sent this post to my siblings
Family,siblings,came across [det] [obj],My siblings came across the post
Family,siblings,came across [det] [obj],My siblings came across the Reddit
Family,siblings,came across [det] [obj],My siblings came across the account
Family,siblings,came across [det] [obj],My siblings came across the comment
Family,siblings,came across [det] [obj],My siblings came across the thread
Family,siblings,came across [det] [obj],My siblings came across my post
Family,siblings,came across [det] [obj],My siblings came across my Reddit
Family,siblings,came across [det] [obj],My siblings came across my account
Family,siblings,came across [det] [obj],My siblings came across my comment
Family,siblings,came across [det] [obj],My siblings came across my thread
Family,siblings,came across [det] [obj],My siblings came across this post
Family,siblings,came across [det] [obj],My siblings came across this Reddit
Family,siblings,came across [det] [obj],My siblings came across this account
Family,siblings,came across [det] [obj],My siblings came across this comment
Family,siblings,came across [det] [obj],My siblings came across this thread
Family,siblings,stumbled across [det] [obj],My siblings stumbled across the post
Family,siblings,stumbled across [det] [obj],My siblings stumbled across the Reddit
Family,siblings,stumbled across [det] [obj],My siblings stumbled across the account
Family,siblings,stumbled across [det] [obj],My siblings stumbled across the thread
Family,siblings,stumbled across [det] [obj],My siblings stumbled across the comment
Family,siblings,stumbled across [det] [obj],My siblings stumbled across my post
Family,siblings,stumbled across [det] [obj],My siblings stumbled across my Reddit
Family,siblings,stumbled across [det] [obj],My siblings stumbled across my account
Family,siblings,stumbled across [det] [obj],My siblings stumbled across my thread
Family,siblings,stumbled across [det] [obj],My siblings stumbled across my comment
Family,siblings,stumbled across [det] [obj],My siblings stumbled across this post
Family,siblings,stumbled across [det] [obj],My siblings stumbled across this Reddit
Family,siblings,stumbled across [det] [obj],My siblings stumbled across this account
Family,siblings,stumbled across [det] [obj],My siblings stumbled across this thread
Family,siblings,stumbled across [det] [obj],My siblings stumbled across this comment
Family,siblings,found out I [obj],My siblings found out I posted
Family,siblings,found out I [obj],My siblings found out I made this
Family,siblings,traced my [obj],My siblings traced my post
Family,siblings,traced my [obj],My siblings traced my Reddit
Family,siblings,traced my [obj],My siblings traced my account
Family,siblings,traced my [obj],My siblings traced my comment
Family,siblings,traced my [obj],My siblings traced my thread
Family,siblings,got shared with,My post got shared with my siblings
Family,siblings,got shared with,My Reddit got shared with my siblings
Family,siblings,got shared with,My account got shared with my siblings
Family,siblings,got shared with,My comment got shared with my siblings
Family,siblings,got shared with,My thread got shared with my siblings
Family,sister,got back to,My post got back to my sister
Family,sister,found my [obj],My sister found my post
Family,sister,found out about my [obj],My sister found out about my post
Family,sister,found my [obj],My sister found my posts
Family,sister,found out about my [obj],My sister found out about my posts
Family,sister,found my [obj],My sister found my Reddit
Family,sister,found out about my [obj],My sister found out about my Reddit
Family,sister,found my [obj],My sister found my account
Family,sister,found out about my [obj],My sister found out about my account
Family,sister,found my [obj],My sister found my page
Family,sister,found out about my [obj],My sister found out about my page
Family,sister,found my [obj],My sister found my profile
Family,sister,found out about my [obj],My sister found out about my profile
Family,sister,found my [obj],My sister found my comment
Family,sister,found out about my [obj],My sister found out about my comment
Family,sister,found my [obj],My sister found my comments
Family,sister,found out about my [obj],My sister found out about my comments
Family,sister,saw my [obj],My sister saw my post
Family,sister,saw my [obj],My sister saw my posts
Family,sister,saw my [obj],My sister saw my Reddit
Family,sister,saw my [obj],My sister saw my account
Family,sister,saw my [obj],My sister saw my page
Family,sister,saw my [obj],My sister saw my profile
Family,sister,saw my [obj],My sister saw my comment
Family,sister,saw my [obj],My sister saw my comments
Family,sister,exposed my [obj],My sister exposed my post
Family,sister,exposed my [obj],My sister exposed my posts
Family,sister,exposed my [obj],My sister exposed my Reddit
Family,sister,exposed my [obj],My sister exposed my account
Family,sister,exposed my [obj],My sister exposed my page
Family,sister,exposed my [obj],My sister exposed my profile
Family,sister,exposed my [obj],My sister exposed my comment
Family,sister,exposed my [obj],My sister exposed my comments
Family,sister,knows about my [obj],My sister knows about my post
Family,sister,knows about my [obj],My sister knows about my posts
Family,sister,knows about my [obj],My sister knows about my Reddit
Family,sister,knows about my [obj],My sister knows about my account
Family,sister,knows about my [obj],My sister knows about my page
Family,sister,knows about my [obj],My sister knows about my profile
Family,sister,knows about my [obj],My sister knows about my comment
Family,sister,knows about my [obj],My sister knows about my comments
Family,sister,knows my [obj],My sister knows my username
Family,sister,knows my [obj],My sister knows my account
Family,sister,knows my [obj],My sister knows my Reddit
Family,sister,lurks [where],My sister lurks here
Family,sister,lurks [where],My sister lurks on Reddit
Family,sister,is a lurker,My sister is a lurker
Family,sister,found the [obj],My sister found the thread
Family,sister,found the [obj],My sister found the post
Family,sister,found the [obj],My sister found the posts
Family,sister,found the [obj],My sister found the comment
Family,sister,found the [obj],My sister found the comments
Family,sister,sent this [obj] to,Sent this thread to my sister
Family,sister,sent this [obj] to,Sent this post to my sister
Family,sister,came across [det] [obj],My sister came across the post
Family,sister,came across [det] [obj],My sister came across the Reddit
Family,sister,came across [det] [obj],My sister came across the account
Family,sister,came across [det] [obj],My sister came across the comment
Family,sister,came across [det] [obj],My sister came across the thread
Family,sister,came across [det] [obj],My sister came across my post
Family,sister,came across [det] [obj],My sister came across my Reddit
Family,sister,came across [det] [obj],My sister came across my account
Family,sister,came across [det] [obj],My sister came across my comment
Family,sister,came across [det] [obj],My sister came across my thread
Family,sister,came across [det] [obj],My sister came across this post
Family,sister,came across [det] [obj],My sister came across this Reddit
Family,sister,came across [det] [obj],My sister came across this account
Family,sister,came across [det] [obj],My sister came across this comment
Family,sister,came across [det] [obj],My sister came across this thread
Family,sister,stumbled across [det] [obj],My sister stumbled across the post
Family,sister,stumbled across [det] [obj],My sister stumbled across the Reddit
Family,sister,stumbled across [det] [obj],My sister stumbled across the account
Family,sister,stumbled across [det] [obj],My sister stumbled across the thread
Family,sister,stumbled across [det] [obj],My sister stumbled across the comment
Family,sister,stumbled across [det] [obj],My sister stumbled across my post
Family,sister,stumbled across [det] [obj],My sister stumbled across my Reddit
Family,sister,stumbled across [det] [obj],My sister stumbled across my account
Family,sister,stumbled across [det] [obj],My sister stumbled across my thread
Family,sister,stumbled across [det] [obj],My sister stumbled across my comment
Family,sister,stumbled across [det] [obj],My sister stumbled across this post
Family,sister,stumbled across [det] [obj],My sister stumbled across this Reddit
Family,sister,stumbled across [det] [obj],My sister stumbled across this account
Family,sister,stumbled across [det] [obj],My sister stumbled across this thread
Family,sister,stumbled across [det] [obj],My sister stumbled across this comment
Family,sister,found out I [obj],My sister found out I posted
Family,sister,found out I [obj],My sister found out I made this
Family,sister,traced my [obj],My sister traced my post
Family,sister,traced my [obj],My sister traced my Reddit
Family,sister,traced my [obj],My sister traced my account
Family,sister,traced my [obj],My sister traced my comment
Family,sister,traced my [obj],My sister traced my thread
Family,sister,got shared with,My post got shared with my sister
Family,sister,got shared with,My Reddit got shared with my sister
Family,sister,got shared with,My account got shared with my sister
Family,sister,got shared with,My comment got shared with my sister
Family,sister,got shared with,My thread got shared with my sister
Family,brother,got back to,My post got back to my brother
Family,brother,found my [obj],My brother found my post
Family,brother,found out about my [obj],My brother found out about my post
Family,brother,found my [obj],My brother found my posts
Family,brother,found out about my [obj],My brother found out about my posts
Family,brother,found my [obj],My brother found my Reddit
Family,brother,found out about my [obj],My brother found out about my Reddit
Family,brother,found my [obj],My brother found my account
Family,brother,found out about my [obj],My brother found out about my account
Family,brother,found my [obj],My brother found my page
Family,brother,found out about my [obj],My brother found out about my page
Family,brother,found my [obj],My brother found my profile
Family,brother,found out about my [obj],My brother found out about my profile
Family,brother,found my [obj],My brother found my comment
Family,brother,found out about my [obj],My brother found out about my comment
Family,brother,found my [obj],My brother found my comments
Family,brother,found out about my [obj],My brother found out about my comments
Family,brother,saw my [obj],My brother saw my post
Family,brother,saw my [obj],My brother saw my posts
Family,brother,saw my [obj],My brother saw my Reddit
Family,brother,saw my [obj],My brother saw my account
Family,brother,saw my [obj],My brother saw my page
Family,brother,saw my [obj],My brother saw my profile
Family,brother,saw my [obj],My brother saw my comment
Family,brother,saw my [obj],My brother saw my comments
Family,brother,exposed my [obj],My brother exposed my post
Family,brother,exposed my [obj],My brother exposed my posts
Family,brother,exposed my [obj],My brother exposed my Reddit
Family,brother,exposed my [obj],My brother exposed my account
Family,brother,exposed my [obj],My brother exposed my page
Family,brother,exposed my [obj],My brother exposed my profile
Family,brother,exposed my [obj],My brother exposed my comment
Family,brother,exposed my [obj],My brother exposed my comments
Family,brother,knows about my [obj],My brother knows about my post
Family,brother,knows about my [obj],My brother knows about my posts
Family,brother,knows about my [obj],My brother knows about my Reddit
Family,brother,knows about my [obj],My brother knows about my account
Family,brother,knows about my [obj],My brother knows about my page
Family,brother,knows about my [obj],My brother knows about my profile
Family,brother,knows about my [obj],My brother knows about my comment
Family,brother,knows about my [obj],My brother knows about my comments
Family,brother,knows my [obj],My brother knows my username
Family,brother,knows my [obj],My brother knows my account
Family,brother,knows my [obj],My brother knows my Reddit
Family,brother,lurks [where],My brother lurks here
Family,brother,lurks [where],My brother lurks on Reddit
Family,brother,is a lurker,My brother is a lurker
Family,brother,found the [obj],My brother found the thread
Family,brother,found the [obj],My brother found the post
Family,brother,found the [obj],My brother found the posts
Family,brother,found the [obj],My brother found the comment
Family,brother,found the [obj],My brother found the comments
Family,brother,sent this [obj] to,Sent this thread to my brother
Family,brother,sent this [obj] to,Sent this post to my brother
Family,brother,came across [det] [obj],My brother came across the post
Family,brother,came across [det] [obj],My brother came across the Reddit
Family,brother,came across [det] [obj],My brother came across the account
Family,brother,came across [det] [obj],My brother came across the comment
Family,brother,came across [det] [obj],My brother came across the thread
Family,brother,came across [det] [obj],My brother came across my post
Family,brother,came across [det] [obj],My brother came across my Reddit
Family,brother,came across [det] [obj],My brother came across my account
Family,brother,came across [det] [obj],My brother came across my comment
Family,brother,came across [det] [obj],My brother came across my thread
Family,brother,came across [det] [obj],My brother came across this post
Family,brother,came across [det] [obj],My brother came across this Reddit
Family,brother,came across [det] [obj],My brother came across this account
Family,brother,came across [det] [obj],My brother came across this comment
Family,brother,came across [det] [obj],My brother came across this thread
Family,brother,stumbled across [det] [obj],My brother stumbled across the post
Family,brother,stumbled across [det] [obj],My brother stumbled across the Reddit
Family,brother,stumbled across [det] [obj],My brother stumbled across the account
Family,brother,stumbled across [det] [obj],My brother stumbled across the thread
Family,brother,stumbled across [det] [obj],My brother stumbled across the comment
Family,brother,stumbled across [det] [obj],My brother stumbled across my post
Family,brother,stumbled across [det] [obj],My brother stumbled across my Reddit
Family,brother,stumbled across [det] [obj],My brother stumbled across my account
Family,brother,stumbled across [det] [obj],My brother stumbled across my thread
Family,brother,stumbled across [det] [obj],My brother stumbled across my comment
Family,brother,stumbled across [det] [obj],My brother stumbled across this post
Family,brother,stumbled across [det] [obj],My brother stumbled across this Reddit
Family,brother,stumbled across [det] [obj],My brother stumbled across this account
Family,brother,stumbled across [det] [obj],My brother stumbled across this thread
Family,brother,stumbled across [det] [obj],My brother stumbled across this comment
Family,brother,found out I [obj],My brother found out I posted
Family,brother,found out I [obj],My brother found out I made this
Family,brother,traced my [obj],My brother traced my post
Family,brother,traced my [obj],My brother traced my Reddit
Family,brother,traced my [obj],My brother traced my account
Family,brother,traced my [obj],My brother traced my comment
Family,brother,traced my [obj],My brother traced my thread
Family,brother,got shared with,My post got shared with my brother
Family,brother,got shared with,My Reddit got shared with my brother
Family,brother,got shared with,My account got shared with my brother
Family,brother,got shared with,My comment got shared with my brother
Family,brother,got shared with,My thread got shared with my brother
Family,cousin,got back to,My post got back to my cousin
Family,cousin,found my [obj],My cousin found my post
Family,cousin,found out about my [obj],My cousin found out about my post
Family,cousin,found my [obj],My cousin found my posts
Family,cousin,found out about my [obj],My cousin found out about my posts
Family,cousin,found my [obj],My cousin found my Reddit
Family,cousin,found out about my [obj],My cousin found out about my Reddit
Family,cousin,found my [obj],My cousin found my account
Family,cousin,found out about my [obj],My cousin found out about my account
Family,cousin,found my [obj],My cousin found my page
Family,cousin,found out about my [obj],My cousin found out about my page
Family,cousin,found my [obj],My cousin found my profile
Family,cousin,found out about my [obj],My cousin found out about my profile
Family,cousin,found my [obj],My cousin found my comment
Family,cousin,found out about my [obj],My cousin found out about my comment
Family,cousin,found my [obj],My cousin found my comments
Family,cousin,found out about my [obj],My cousin found out about my comments
Family,cousin,saw my [obj],My cousin saw my post
Family,cousin,saw my [obj],My cousin saw my posts
Family,cousin,saw my [obj],My cousin saw my Reddit
Family,cousin,saw my [obj],My cousin saw my account
Family,cousin,saw my [obj],My cousin saw my page
Family,cousin,saw my [obj],My cousin saw my profile
Family,cousin,saw my [obj],My cousin saw my comment
Family,cousin,saw my [obj],My cousin saw my comments
Family,cousin,exposed my [obj],My cousin exposed my post
Family,cousin,exposed my [obj],My cousin exposed my posts
Family,cousin,exposed my [obj],My cousin exposed my Reddit
Family,cousin,exposed my [obj],My cousin exposed my account
Family,cousin,exposed my [obj],My cousin exposed my page
Family,cousin,exposed my [obj],My cousin exposed my profile
Family,cousin,exposed my [obj],My cousin exposed my comment
Family,cousin,exposed my [obj],My cousin exposed my comments
Family,cousin,knows about my [obj],My cousin knows about my post
Family,cousin,knows about my [obj],My cousin knows about my posts
Family,cousin,knows about my [obj],My cousin knows about my Reddit
Family,cousin,knows about my [obj],My cousin knows about my account
Family,cousin,knows about my [obj],My cousin knows about my page
Family,cousin,knows about my [obj],My cousin knows about my profile
Family,cousin,knows about my [obj],My cousin knows about my comment
Family,cousin,knows about my [obj],My cousin knows about my comments
Family,cousin,knows my [obj],My cousin knows my username
Family,cousin,knows my [obj],My cousin knows my account
Family,cousin,knows my [obj],My cousin knows my Reddit
Family,cousin,lurks [where],My cousin lurks here
Family,cousin,lurks [where],My cousin lurks on Reddit
Family,cousin,is a lurker,My cousin is a lurker
Family,cousin,found the [obj],My cousin found the thread
Family,cousin,found the [obj],My cousin found the post
Family,cousin,found the [obj],My cousin found the posts
Family,cousin,found the [obj],My cousin found the comment
Family,cousin,found the [obj],My cousin found the comments
Family,cousin,sent this [obj] to,Sent this thread to my cousin
Family,cousin,sent this [obj] to,Sent this post to my cousin
Family,cousin,came across [det] [obj],My cousin came across the post
Family,cousin,came across [det] [obj],My cousin came across the Reddit
Family,cousin,came across [det] [obj],My cousin came across the account
Family,cousin,came across [det] [obj],My cousin came across the comment
Family,cousin,came across [det] [obj],My cousin came across the thread
Family,cousin,came across [det] [obj],My cousin came across my post
Family,cousin,came across [det] [obj],My cousin came across my Reddit
Family,cousin,came across [det] [obj],My cousin came across my account
Family,cousin,came across [det] [obj],My cousin came across my comment
Family,cousin,came across [det] [obj],My cousin came across my thread
Family,cousin,came across [det] [obj],My cousin came across this post
Family,cousin,came across [det] [obj],My cousin came across this Reddit
Family,cousin,came across [det] [obj],My cousin came across this account
Family,cousin,came across [det] [obj],My cousin came across this comment
Family,cousin,came across [det] [obj],My cousin came across this thread
Family,cousin,stumbled across [det] [obj],My cousin stumbled across the post
Family,cousin,stumbled across [det] [obj],My cousin stumbled across the Reddit
Family,cousin,stumbled across [det] [obj],My cousin stumbled across the account
Family,cousin,stumbled across [det] [obj],My cousin stumbled across the thread
Family,cousin,stumbled across [det] [obj],My cousin stumbled across the comment
Family,cousin,stumbled across [det] [obj],My cousin stumbled across my post
Family,cousin,stumbled across [det] [obj],My cousin stumbled across my Reddit
Family,cousin,stumbled across [det] [obj],My cousin stumbled across my account
Family,cousin,stumbled across [det] [obj],My cousin stumbled across my thread
Family,cousin,stumbled across [det] [obj],My cousin stumbled across my comment
Family,cousin,stumbled across [det] [obj],My cousin stumbled across this post
Family,cousin,stumbled across [det] [obj],My cousin stumbled across this Reddit
Family,cousin,stumbled across [det] [obj],My cousin stumbled across this account
Family,cousin,stumbled across [det] [obj],My cousin stumbled across this thread
Family,cousin,stumbled across [det] [obj],My cousin stumbled across this comment
Family,cousin,found out I [obj],My cousin found out I posted
Family,cousin,found out I [obj],My cousin found out I made this
Family,cousin,traced my [obj],My cousin traced my post
Family,cousin,traced my [obj],My cousin traced my Reddit
Family,cousin,traced my [obj],My cousin traced my account
Family,cousin,traced my [obj],My cousin traced my comment
Family,cousin,traced my [obj],My cousin traced my thread
Family,cousin,got shared with,My post got shared with my cousin
Family,cousin,got shared with,My Reddit got shared with my cousin
Family,cousin,got shared with,My account got shared with my cousin
Family,cousin,got shared with,My comment got shared with my cousin
Family,cousin,got shared with,My thread got shared with my cousin
Family,cousins,got back to,My post got back to my cousins
Family,cousins,found my [obj],My cousins found my post
Family,cousins,found out about my [obj],My cousins found out about my post
Family,cousins,found my [obj],My cousins found my posts
Family,cousins,found out about my [obj],My cousins found out about my posts
Family,cousins,found my [obj],My cousins found my Reddit
Family,cousins,found out about my [obj],My cousins found out about my Reddit
Family,cousins,found my [obj],My cousins found my account
Family,cousins,found out about my [obj],My cousins found out about my account
Family,cousins,found my [obj],My cousins found my page
Family,cousins,found out about my [obj],My cousins found out about my page
Family,cousins,found my [obj],My cousins found my profile
Family,cousins,found out about my [obj],My cousins found out about my profile
Family,cousins,found my [obj],My cousins found my comment
Family,cousins,found out about my [obj],My cousins found out about my comment
Family,cousins,found my [obj],My cousins found my comments
Family,cousins,found out about my [obj],My cousins found out about my comments
Family,cousins,saw my [obj],My cousins saw my post
Family,cousins,saw my [obj],My cousins saw my posts
Family,cousins,saw my [obj],My cousins saw my Reddit
Family,cousins,saw my [obj],My cousins saw my account
Family,cousins,saw my [obj],My cousins saw my page
Family,cousins,saw my [obj],My cousins saw my profile
Family,cousins,saw my [obj],My cousins saw my comment
Family,cousins,saw my [obj],My cousins saw my comments
Family,cousins,exposed my [obj],My cousins exposed my post
Family,cousins,exposed my [obj],My cousins exposed my posts
Family,cousins,exposed my [obj],My cousins exposed my Reddit
Family,cousins,exposed my [obj],My cousins exposed my account
Family,cousins,exposed my [obj],My cousins exposed my page
Family,cousins,exposed my [obj],My cousins exposed my profile
Family,cousins,exposed my [obj],My cousins exposed my comment
Family,cousins,exposed my [obj],My cousins exposed my comments
Family,cousins,knows about my [obj],My cousins know about my post
Family,cousins,knows about my [obj],My cousins know about my posts
Family,cousins,knows about my [obj],My cousins know about my Reddit
Family,cousins,knows about my [obj],My cousins know about my account
Family,cousins,knows about my [obj],My cousins know about my page
Family,cousins,knows about my [obj],My cousins know about my profile
Family,cousins,knows about my [obj],My cousins know about my comment
Family,cousins,knows about my [obj],My cousins know about my comments
Family,cousins,knows my [obj],My cousins know my username
Family,cousins,knows my [obj],My cousins know my account
Family,cousins,knows my [obj],My cousins know my Reddit
Family,cousins,lurks [where],My cousins lurk here
Family,cousins,lurks [where],My cousins lurk on Reddit
Family,cousins,is a lurker,My cousins are lurkers
Family,cousins,found the [obj],My cousins found the thread
Family,cousins,found the [obj],My cousins found the post
Family,cousins,found the [obj],My cousins found the posts
Family,cousins,found the [obj],My cousins found the comment
Family,cousins,found the [obj],My cousins found the comments
Family,cousins,sent this [obj] to,Sent this thread to my cousins
Family,cousins,sent this [obj] to,Sent this post to my cousins
Family,cousins,came across [det] [obj],My cousins came across the post
Family,cousins,came across [det] [obj],My cousins came across the Reddit
Family,cousins,came across [det] [obj],My cousins came across the account
Family,cousins,came across [det] [obj],My cousins came across the comment
Family,cousins,came across [det] [obj],My cousins came across the thread
Family,cousins,came across [det] [obj],My cousins came across my post
Family,cousins,came across [det] [obj],My cousins came across my Reddit
Family,cousins,came across [det] [obj],My cousins came across my account
Family,cousins,came across [det] [obj],My cousins came across my comment
Family,cousins,came across [det] [obj],My cousins came across my thread
Family,cousins,came across [det] [obj],My cousins came across this post
Family,cousins,came across [det] [obj],My cousins came across this Reddit
Family,cousins,came across [det] [obj],My cousins came across this account
Family,cousins,came across [det] [obj],My cousins came across this comment
Family,cousins,came across [det] [obj],My cousins came across this thread
Family,cousins,stumbled across [det] [obj],My cousins stumbled across the post
Family,cousins,stumbled across [det] [obj],My cousins stumbled across the Reddit
Family,cousins,stumbled across [det] [obj],My cousins stumbled across the account
Family,cousins,stumbled across [det] [obj],My cousins stumbled across the thread
Family,cousins,stumbled across [det] [obj],My cousins stumbled across the comment
Family,cousins,stumbled across [det] [obj],My cousins stumbled across my post
Family,cousins,stumbled across [det] [obj],My cousins stumbled across my Reddit
Family,cousins,stumbled across [det] [obj],My cousins stumbled across my account
Family,cousins,stumbled across [det] [obj],My cousins stumbled across my thread
Family,cousins,stumbled across [det] [obj],My cousins stumbled across my comment
Family,cousins,stumbled across [det] [obj],My cousins stumbled across this post
Family,cousins,stumbled across [det] [obj],My cousins stumbled across this Reddit
Family,cousins,stumbled across [det] [obj],My cousins stumbled across this account
Family,cousins,stumbled across [det] [obj],My cousins stumbled across this thread
Family,cousins,stumbled across [det] [obj],My cousins stumbled across this comment
Family,cousins,found out I [obj],My cousins found out I posted
Family,cousins,found out I [obj],My cousins found out I made this
Family,cousins,traced my [obj],My cousins traced my post
Family,cousins,traced my [obj],My cousins traced my Reddit
Family,cousins,traced my [obj],My cousins traced my account
Family,cousins,traced my [obj],My cousins traced my comment
Family,cousins,traced my [obj],My cousins traced my thread
Family,cousins,got shared with,My post got shared with my cousins
Family,cousins,got shared with,My Reddit got shared with my cousins
Family,cousins,got shared with,My account got shared with my cousins
Family,cousins,got shared with,My comment got shared with my cousins
Family,cousins,got shared with,My thread got shared with my cousins
Family,aunt,got back to,My post got back to my aunt
Family,aunt,found my [obj],My aunt found my post
Family,aunt,found out about my [obj],My aunt found out about my post
Family,aunt,found my [obj],My aunt found my posts
Family,aunt,found out about my [obj],My aunt found out about my posts
Family,aunt,found my [obj],My aunt found my Reddit
Family,aunt,found out about my [obj],My aunt found out about my Reddit
Family,aunt,found my [obj],My aunt found my account
Family,aunt,found out about my [obj],My aunt found out about my account
Family,aunt,found my [obj],My aunt found my page
Family,aunt,found out about my [obj],My aunt found out about my page
Family,aunt,found my [obj],My aunt found my profile
Family,aunt,found out about my [obj],My aunt found out about my profile
Family,aunt,found my [obj],My aunt found my comment
Family,aunt,found out about my [obj],My aunt found out about my comment
Family,aunt,found my [obj],My aunt found my comments
Family,aunt,found out about my [obj],My aunt found out about my comments
Family,aunt,saw my [obj],My aunt saw my post
Family,aunt,saw my [obj],My aunt saw my posts
Family,aunt,saw my [obj],My aunt saw my Reddit
Family,aunt,saw my [obj],My aunt saw my account
Family,aunt,saw my [obj],My aunt saw my page
Family,aunt,saw my [obj],My aunt saw my profile
Family,aunt,saw my [obj],My aunt saw my comment
Family,aunt,saw my [obj],My aunt saw my comments
Family,aunt,exposed my [obj],My aunt exposed my post
Family,aunt,exposed my [obj],My aunt exposed my posts
Family,aunt,exposed my [obj],My aunt exposed my Reddit
Family,aunt,exposed my [obj],My aunt exposed my account
Family,aunt,exposed my [obj],My aunt exposed my page
Family,aunt,exposed my [obj],My aunt exposed my profile
Family,aunt,exposed my [obj],My aunt exposed my comment
Family,aunt,exposed my [obj],My aunt exposed my comments
Family,aunt,knows about my [obj],My aunt knows about my post
Family,aunt,knows about my [obj],My aunt knows about my posts
Family,aunt,knows about my [obj],My aunt knows about my Reddit
Family,aunt,knows about my [obj],My aunt knows about my account
Family,aunt,knows about my [obj],My aunt knows about my page
Family,aunt,knows about my [obj],My aunt knows about my profile
Family,aunt,knows about my [obj],My aunt knows about my comment
Family,aunt,knows about my [obj],My aunt knows about my comments
Family,aunt,knows my [obj],My aunt knows my username
Family,aunt,knows my [obj],My aunt knows my account
Family,aunt,knows my [obj],My aunt knows my Reddit
Family,aunt,lurks [where],My aunt lurks here
Family,aunt,lurks [where],My aunt lurks on Reddit
Family,aunt,is a lurker,My aunt is a lurker
Family,aunt,found the [obj],My aunt found the thread
Family,aunt,found the [obj],My aunt found the post
Family,aunt,found the [obj],My aunt found the posts
Family,aunt,found the [obj],My aunt found the comment
Family,aunt,found the [obj],My aunt found the comments
Family,aunt,sent this [obj] to,Sent this thread to my aunt
Family,aunt,sent this [obj] to,Sent this post to my aunt
Family,aunt,came across [det] [obj],My aunt came across the post
Family,aunt,came across [det] [obj],My aunt came across the Reddit
Family,aunt,came across [det] [obj],My aunt came across the account
Family,aunt,came across [det] [obj],My aunt came across the comment
Family,aunt,came across [det] [obj],My aunt came across the thread
Family,aunt,came across [det] [obj],My aunt came across my post
Family,aunt,came across [det] [obj],My aunt came across my Reddit
Family,aunt,came across [det] [obj],My aunt came across my account
Family,aunt,came across [det] [obj],My aunt came across my comment
Family,aunt,came across [det] [obj],My aunt came across my thread
Family,aunt,came across [det] [obj],My aunt came across this post
Family,aunt,came across [det] [obj],My aunt came across this Reddit
Family,aunt,came across [det] [obj],My aunt came across this account
Family,aunt,came across [det] [obj],My aunt came across this comment
Family,aunt,came across [det] [obj],My aunt came across this thread
Family,aunt,stumbled across [det] [obj],My aunt stumbled across the post
Family,aunt,stumbled across [det] [obj],My aunt stumbled across the Reddit
Family,aunt,stumbled across [det] [obj],My aunt stumbled across the account
Family,aunt,stumbled across [det] [obj],My aunt stumbled across the thread
Family,aunt,stumbled across [det] [obj],My aunt stumbled across the comment
Family,aunt,stumbled across [det] [obj],My aunt stumbled across my post
Family,aunt,stumbled across [det] [obj],My aunt stumbled across my Reddit
Family,aunt,stumbled across [det] [obj],My aunt stumbled across my account
Family,aunt,stumbled across [det] [obj],My aunt stumbled across my thread
Family,aunt,stumbled across [det] [obj],My aunt stumbled across my comment
Family,aunt,stumbled across [det] [obj],My aunt stumbled across this post
Family,aunt,stumbled across [det] [obj],My aunt stumbled across this Reddit
Family,aunt,stumbled across [det] [obj],My aunt stumbled across this account
Family,aunt,stumbled across [det] [obj],My aunt stumbled across this thread
Family,aunt,stumbled across [det] [obj],My aunt stumbled across this comment
Family,aunt,found out I [obj],My aunt found out I posted
Family,aunt,found out I [obj],My aunt found out I made this
Family,aunt,traced my [obj],My aunt traced my post
Family,aunt,traced my [obj],My aunt traced my Reddit
Family,aunt,traced my [obj],My aunt traced my account
Family,aunt,traced my [obj],My aunt traced my comment
Family,aunt,traced my [obj],My aunt traced my thread
Family,aunt,got shared with,My post got shared with my aunt
Family,aunt,got shared with,My Reddit got shared with my aunt
Family,aunt,got shared with,My account got shared with my aunt
Family,aunt,got shared with,My comment got shared with my aunt
Family,aunt,got shared with,My thread got shared with my aunt
Family,uncle,got back to,My post got back to my uncle
Family,uncle,found my [obj],My uncle found my post
Family,uncle,found out about my [obj],My uncle found out about my post
Family,uncle,found my [obj],My uncle found my posts
Family,uncle,found out about my [obj],My uncle found out about my posts
Family,uncle,found my [obj],My uncle found my Reddit
Family,uncle,found out about my [obj],My uncle found out about my Reddit
Family,uncle,found my [obj],My uncle found my account
Family,uncle,found out about my [obj],My uncle found out about my account
Family,uncle,found my [obj],My uncle found my page
Family,uncle,found out about my [obj],My uncle found out about my page
Family,uncle,found my [obj],My uncle found my profile
Family,uncle,found out about my [obj],My uncle found out about my profile
Family,uncle,found my [obj],My uncle found my comment
Family,uncle,found out about my [obj],My uncle found out about my comment
Family,uncle,found my [obj],My uncle found my comments
Family,uncle,found out about my [obj],My uncle found out about my comments
Family,uncle,saw my [obj],My uncle saw my post
Family,uncle,saw my [obj],My uncle saw my posts
Family,uncle,saw my [obj],My uncle saw my Reddit
Family,uncle,saw my [obj],My uncle saw my account
Family,uncle,saw my [obj],My uncle saw my page
Family,uncle,saw my [obj],My uncle saw my profile
Family,uncle,saw my [obj],My uncle saw my comment
Family,uncle,saw my [obj],My uncle saw my comments
Family,uncle,exposed my [obj],My uncle exposed my post
Family,uncle,exposed my [obj],My uncle exposed my posts
Family,uncle,exposed my [obj],My uncle exposed my Reddit
Family,uncle,exposed my [obj],My uncle exposed my account
Family,uncle,exposed my [obj],My uncle exposed my page
Family,uncle,exposed my [obj],My uncle exposed my profile
Family,uncle,exposed my [obj],My uncle exposed my comment
Family,uncle,exposed my [obj],My uncle exposed my comments
Family,uncle,knows about my [obj],My uncle knows about my post
Family,uncle,knows about my [obj],My uncle knows about my posts
Family,uncle,knows about my [obj],My uncle knows about my Reddit
Family,uncle,knows about my [obj],My uncle knows about my account
Family,uncle,knows about my [obj],My uncle knows about my page
Family,uncle,knows about my [obj],My uncle knows about my profile
Family,uncle,knows about my [obj],My uncle knows about my comment
Family,uncle,knows about my [obj],My uncle knows about my comments
Family,uncle,knows my [obj],My uncle knows my username
Family,uncle,knows my [obj],My uncle knows my account
Family,uncle,knows my [obj],My uncle knows my Reddit
Family,uncle,lurks [where],My uncle lurks here
Family,uncle,lurks [where],My uncle lurks on Reddit
Family,uncle,is a lurker,My uncle is a lurker
Family,uncle,found the [obj],My uncle found the thread
Family,uncle,found the [obj],My uncle found the post
Family,uncle,found the [obj],My uncle found the posts
Family,uncle,found the [obj],My uncle found the comment
Family,uncle,found the [obj],My uncle found the comments
Family,uncle,sent this [obj] to,Sent this thread to my uncle
Family,uncle,sent this [obj] to,Sent this post to my uncle
Family,uncle,came across [det] [obj],My uncle came across the post
Family,uncle,came across [det] [obj],My uncle came across the Reddit
Family,uncle,came across [det] [obj],My uncle came across the account
Family,uncle,came across [det] [obj],My uncle came across the comment
Family,uncle,came across [det] [obj],My uncle came across the thread
Family,uncle,came across [det] [obj],My uncle came across my post
Family,uncle,came across [det] [obj],My uncle came across my Reddit
Family,uncle,came across [det] [obj],My uncle came across my account
Family,uncle,came across [det] [obj],My uncle came across my comment
Family,uncle,came across [det] [obj],My uncle came across my thread
Family,uncle,came across [det] [obj],My uncle came across this post
Family,uncle,came across [det] [obj],My uncle came across this Reddit
Family,uncle,came across [det] [obj],My uncle came across this account
Family,uncle,came across [det] [obj],My uncle came across this comment
Family,uncle,came across [det] [obj],My uncle came across this thread
Family,uncle,stumbled across [det] [obj],My uncle stumbled across the post
Family,uncle,stumbled across [det] [obj],My uncle stumbled across the Reddit
Family,uncle,stumbled across [det] [obj],My uncle stumbled across the account
Family,uncle,stumbled across [det] [obj],My uncle stumbled across the thread
Family,uncle,stumbled across [det] [obj],My uncle stumbled across the comment
Family,uncle,stumbled across [det] [obj],My uncle stumbled across my post
Family,uncle,stumbled across [det] [obj],My uncle stumbled across my Reddit
Family,uncle,stumbled across [det] [obj],My uncle stumbled across my account
Family,uncle,stumbled across [det] [obj],My uncle stumbled across my thread
Family,uncle,stumbled across [det] [obj],My uncle stumbled across my comment
Family,uncle,stumbled across [det] [obj],My uncle stumbled across this post
Family,uncle,stumbled across [det] [obj],My uncle stumbled across this Reddit
Family,uncle,stumbled across [det] [obj],My uncle stumbled across this account
Family,uncle,stumbled across [det] [obj],My uncle stumbled across this thread
Family,uncle,stumbled across [det] [obj],My uncle stumbled across this comment
Family,uncle,found out I [obj],My uncle found out I posted
Family,uncle,found out I [obj],My uncle found out I made this
Family,uncle,traced my [obj],My uncle traced my post
Family,uncle,traced my [obj],My uncle traced my Reddit
Family,uncle,traced my [obj],My uncle traced my account
Family,uncle,traced my [obj],My uncle traced my comment
Family,uncle,traced my [obj],My uncle traced my thread
Family,uncle,got shared with,My post got shared with my uncle
Family,uncle,got shared with,My Reddit got shared with my uncle
Family,uncle,got shared with,My account got shared with my uncle
Family,uncle,got shared with,My comment got shared with my uncle
Family,uncle,got shared with,My thread got shared with my uncle
Family,grandparents,got back to,My post got back to my grandparents
Family,grandparents,found my [obj],My grandparents found my post
Family,grandparents,found out about my [obj],My grandparents found out about my post
Family,grandparents,found my [obj],My grandparents found my posts
Family,grandparents,found out about my [obj],My grandparents found out about my posts
Family,grandparents,found my [obj],My grandparents found my Reddit
Family,grandparents,found out about my [obj],My grandparents found out about my Reddit
Family,grandparents,found my [obj],My grandparents found my account
Family,grandparents,found out about my [obj],My grandparents found out about my account
Family,grandparents,found my [obj],My grandparents found my page
Family,grandparents,found out about my [obj],My grandparents found out about my page
Family,grandparents,found my [obj],My grandparents found my profile
Family,grandparents,found out about my [obj],My grandparents found out about my profile
Family,grandparents,found my [obj],My grandparents found my comment
Family,grandparents,found out about my [obj],My grandparents found out about my comment
Family,grandparents,found my [obj],My grandparents found my comments
Family,grandparents,found out about my [obj],My grandparents found out about my comments
Family,grandparents,saw my [obj],My grandparents saw my post
Family,grandparents,saw my [obj],My grandparents saw my posts
Family,grandparents,saw my [obj],My grandparents saw my Reddit
Family,grandparents,saw my [obj],My grandparents saw my account
Family,grandparents,saw my [obj],My grandparents saw my page
Family,grandparents,saw my [obj],My grandparents saw my profile
Family,grandparents,saw my [obj],My grandparents saw my comment
Family,grandparents,saw my [obj],My grandparents saw my comments
Family,grandparents,exposed my [obj],My grandparents exposed my post
Family,grandparents,exposed my [obj],My grandparents exposed my posts
Family,grandparents,exposed my [obj],My grandparents exposed my Reddit
Family,grandparents,exposed my [obj],My grandparents exposed my account
Family,grandparents,exposed my [obj],My grandparents exposed my page
Family,grandparents,exposed my [obj],My grandparents exposed my profile
Family,grandparents,exposed my [obj],My grandparents exposed my comment
Family,grandparents,exposed my [obj],My grandparents exposed my comments
Family,grandparents,knows about my [obj],My grandparents know about my post
Family,grandparents,knows about my [obj],My grandparents know about my posts
Family,grandparents,knows about my [obj],My grandparents know about my Reddit
Family,grandparents,knows about my [obj],My grandparents know about my account
Family,grandparents,knows about my [obj],My grandparents know about my page
Family,grandparents,knows about my [obj],My grandparents know about my profile
Family,grandparents,knows about my [obj],My grandparents know about my comment
Family,grandparents,knows about my [obj],My grandparents know about my comments
Family,grandparents,knows my [obj],My grandparents know my username
Family,grandparents,knows my [obj],My grandparents know my account
Family,grandparents,knows my [obj],My grandparents know my Reddit
Family,grandparents,lurks [where],My grandparents lurk here
Family,grandparents,lurks [where],My grandparents lurk on Reddit
Family,grandparents,is a lurker,My grandparents are lurkers
Family,grandparents,found the [obj],My grandparents found the thread
Family,grandparents,found the [obj],My grandparents found the post
Family,grandparents,found the [obj],My grandparents found the posts
Family,grandparents,found the [obj],My grandparents found the comment
Family,grandparents,found the [obj],My grandparents found the comments
Family,grandparents,sent this [obj] to,Sent this thread to my grandparents
Family,grandparents,sent this [obj] to,Sent this post to my grandparents
Family,grandparents,came across [det] [obj],My grandparents came across the post
Family,grandparents,came across [det] [obj],My grandparents came across the Reddit
Family,grandparents,came across [det] [obj],My grandparents came across the account
Family,grandparents,came across [det] [obj],My grandparents came across the comment
Family,grandparents,came across [det] [obj],My grandparents came across the thread
Family,grandparents,came across [det] [obj],My grandparents came across my post
Family,grandparents,came across [det] [obj],My grandparents came across my Reddit
Family,grandparents,came across [det] [obj],My grandparents came across my account
Family,grandparents,came across [det] [obj],My grandparents came across my comment
Family,grandparents,came across [det] [obj],My grandparents came across my thread
Family,grandparents,came across [det] [obj],My grandparents came across this post
Family,grandparents,came across [det] [obj],My grandparents came across this Reddit
Family,grandparents,came across [det] [obj],My grandparents came across this account
Family,grandparents,came across [det] [obj],My grandparents came across this comment
Family,grandparents,came across [det] [obj],My grandparents came across this thread
Family,grandparents,stumbled across [det] [obj],My grandparents stumbled across the post
Family,grandparents,stumbled across [det] [obj],My grandparents stumbled across the Reddit
Family,grandparents,stumbled across [det] [obj],My grandparents stumbled across the account
Family,grandparents,stumbled across [det] [obj],My grandparents stumbled across the thread
Family,grandparents,stumbled across [det] [obj],My grandparents stumbled across the comment
Family,grandparents,stumbled across [det] [obj],My grandparents stumbled across my post
Family,grandparents,stumbled across [det] [obj],My grandparents stumbled across my Reddit
Family,grandparents,stumbled across [det] [obj],My grandparents stumbled across my account
Family,grandparents,stumbled across [det] [obj],My grandparents stumbled across my thread
Family,grandparents,stumbled across [det] [obj],My grandparents stumbled across my comment
Family,grandparents,stumbled across [det] [obj],My grandparents stumbled across this post
Family,grandparents,stumbled across [det] [obj],My grandparents stumbled across this Reddit
Family,grandparents,stumbled across [det] [obj],My grandparents stumbled across this account
Family,grandparents,stumbled across [det] [obj],My grandparents stumbled across this thread
Family,grandparents,stumbled across [det] [obj],My grandparents stumbled across this comment
Family,grandparents,found out I [obj],My grandparents found out I posted
Family,grandparents,found out I [obj],My grandparents found out I made this
Family,grandparents,traced my [obj],My grandparents traced my post
Family,grandparents,traced my [obj],My grandparents traced my Reddit
Family,grandparents,traced my [obj],My grandparents traced my account
Family,grandparents,traced my [obj],My grandparents traced my comment
Family,grandparents,traced my [obj],My grandparents traced my thread
Family,grandparents,got shared with,My post got shared with my grandparents
Family,grandparents,got shared with,My Reddit got shared with my grandparents
Family,grandparents,got shared with,My account got shared with my grandparents
Family,grandparents,got shared with,My comment got shared with my grandparents
Family,grandparents,got shared with,My thread got shared with my grandparents
Family,grandmother,got back to,My post got back to my grandmother
Family,grandmother,found my [obj],My grandmother found my post
Family,grandmother,found out about my [obj],My grandmother found out about my post
Family,grandmother,found my [obj],My grandmother found my posts
Family,grandmother,found out about my [obj],My grandmother found out about my posts
Family,grandmother,found my [obj],My grandmother found my Reddit
Family,grandmother,found out about my [obj],My grandmother found out about my Reddit
Family,grandmother,found my [obj],My grandmother found my account
Family,grandmother,found out about my [obj],My grandmother found out about my account
Family,grandmother,found my [obj],My grandmother found my page
Family,grandmother,found out about my [obj],My grandmother found out about my page
Family,grandmother,found my [obj],My grandmother found my profile
Family,grandmother,found out about my [obj],My grandmother found out about my profile
Family,grandmother,found my [obj],My grandmother found my comment
Family,grandmother,found out about my [obj],My grandmother found out about my comment
Family,grandmother,found my [obj],My grandmother found my comments
Family,grandmother,found out about my [obj],My grandmother found out about my comments
Family,grandmother,saw my [obj],My grandmother saw my post
Family,grandmother,saw my [obj],My grandmother saw my posts
Family,grandmother,saw my [obj],My grandmother saw my Reddit
Family,grandmother,saw my [obj],My grandmother saw my account
Family,grandmother,saw my [obj],My grandmother saw my page
Family,grandmother,saw my [obj],My grandmother saw my profile
Family,grandmother,saw my [obj],My grandmother saw my comment
Family,grandmother,saw my [obj],My grandmother saw my comments
Family,grandmother,exposed my [obj],My grandmother exposed my post
Family,grandmother,exposed my [obj],My grandmother exposed my posts
Family,grandmother,exposed my [obj],My grandmother exposed my Reddit
Family,grandmother,exposed my [obj],My grandmother exposed my account
Family,grandmother,exposed my [obj],My grandmother exposed my page
Family,grandmother,exposed my [obj],My grandmother exposed my profile
Family,grandmother,exposed my [obj],My grandmother exposed my comment
Family,grandmother,exposed my [obj],My grandmother exposed my comments
Family,grandmother,knows about my [obj],My grandmother knows about my post
Family,grandmother,knows about my [obj],My grandmother knows about my posts
Family,grandmother,knows about my [obj],My grandmother knows about my Reddit
Family,grandmother,knows about my [obj],My grandmother knows about my account
Family,grandmother,knows about my [obj],My grandmother knows about my page
Family,grandmother,knows about my [obj],My grandmother knows about my profile
Family,grandmother,knows about my [obj],My grandmother knows about my comment
Family,grandmother,knows about my [obj],My grandmother knows about my comments
Family,grandmother,knows my [obj],My grandmother knows my username
Family,grandmother,knows my [obj],My grandmother knows my account
Family,grandmother,knows my [obj],My grandmother knows my Reddit
Family,grandmother,lurks [where],My grandmother lurks here
Family,grandmother,lurks [where],My grandmother lurks on Reddit
Family,grandmother,is a lurker,My grandmother is a lurker
Family,grandmother,found the [obj],My grandmother found the thread
Family,grandmother,found the [obj],My grandmother found the post
Family,grandmother,found the [obj],My grandmother found the posts
Family,grandmother,found the [obj],My grandmother found the comment
Family,grandmother,found the [obj],My grandmother found the comments
Family,grandmother,sent this [obj] to,Sent this thread to my grandmother
Family,grandmother,sent this [obj] to,Sent this post to my grandmother
Family,grandmother,came across [det] [obj],My grandmother came across the post
Family,grandmother,came across [det] [obj],My grandmother came across the Reddit
Family,grandmother,came across [det] [obj],My grandmother came across the account
Family,grandmother,came across [det] [obj],My grandmother came across the comment
Family,grandmother,came across [det] [obj],My grandmother came across the thread
Family,grandmother,came across [det] [obj],My grandmother came across my post
Family,grandmother,came across [det] [obj],My grandmother came across my Reddit
Family,grandmother,came across [det] [obj],My grandmother came across my account
Family,grandmother,came across [det] [obj],My grandmother came across my comment
Family,grandmother,came across [det] [obj],My grandmother came across my thread
Family,grandmother,came across [det] [obj],My grandmother came across this post
Family,grandmother,came across [det] [obj],My grandmother came across this Reddit
Family,grandmother,came across [det] [obj],My grandmother came across this account
Family,grandmother,came across [det] [obj],My grandmother came across this comment
Family,grandmother,came across [det] [obj],My grandmother came across this thread
Family,grandmother,stumbled across [det] [obj],My grandmother stumbled across the post
Family,grandmother,stumbled across [det] [obj],My grandmother stumbled across the Reddit
Family,grandmother,stumbled across [det] [obj],My grandmother stumbled across the account
Family,grandmother,stumbled across [det] [obj],My grandmother stumbled across the thread
Family,grandmother,stumbled across [det] [obj],My grandmother stumbled across the comment
Family,grandmother,stumbled across [det] [obj],My grandmother stumbled across my post
Family,grandmother,stumbled across [det] [obj],My grandmother stumbled across my Reddit
Family,grandmother,stumbled across [det] [obj],My grandmother stumbled across my account
Family,grandmother,stumbled across [det] [obj],My grandmother stumbled across my thread
Family,grandmother,stumbled across [det] [obj],My grandmother stumbled across my comment
Family,grandmother,stumbled across [det] [obj],My grandmother stumbled across this post
Family,grandmother,stumbled across [det] [obj],My grandmother stumbled across this Reddit
Family,grandmother,stumbled across [det] [obj],My grandmother stumbled across this account
Family,grandmother,stumbled across [det] [obj],My grandmother stumbled across this thread
Family,grandmother,stumbled across [det] [obj],My grandmother stumbled across this comment
Family,grandmother,found out I [obj],My grandmother found out I posted
Family,grandmother,found out I [obj],My grandmother found out I made this
Family,grandmother,traced my [obj],My grandmother traced my post
Family,grandmother,traced my [obj],My grandmother traced my Reddit
Family,grandmother,traced my [obj],My grandmother traced my account
Family,grandmother,traced my [obj],My grandmother traced my comment
Family,grandmother,traced my [obj],My grandmother traced my thread
Family,grandmother,got shared with,My post got shared with my grandmother
Family,grandmother,got shared with,My Reddit got shared with my grandmother
Family,grandmother,got shared with,My account got shared with my grandmother
Family,grandmother,got shared with,My comment got shared with my grandmother
Family,grandmother,got shared with,My thread got shared with my grandmother
Family,grandfather,got back to,My post got back to my grandfather
Family,grandfather,found my [obj],My grandfather found my post
Family,grandfather,found out about my [obj],My grandfather found out about my post
Family,grandfather,found my [obj],My grandfather found my posts
Family,grandfather,found out about my [obj],My grandfather found out about my posts
Family,grandfather,found my [obj],My grandfather found my Reddit
Family,grandfather,found out about my [obj],My grandfather found out about my Reddit
Family,grandfather,found my [obj],My grandfather found my account
Family,grandfather,found out about my [obj],My grandfather found out about my account
Family,grandfather,found my [obj],My grandfather found my page
Family,grandfather,found out about my [obj],My grandfather found out about my page
Family,grandfather,found my [obj],My grandfather found my profile
Family,grandfather,found out about my [obj],My grandfather found out about my profile
Family,grandfather,found my [obj],My grandfather found my comment
Family,grandfather,found out about my [obj],My grandfather found out about my comment
Family,grandfather,found my [obj],My grandfather found my comments
Family,grandfather,found out about my [obj],My grandfather found out about my comments
Family,grandfather,saw my [obj],My grandfather saw my post
Family,grandfather,saw my [obj],My grandfather saw my posts
Family,grandfather,saw my [obj],My grandfather saw my Reddit
Family,grandfather,saw my [obj],My grandfather saw my account
Family,grandfather,saw my [obj],My grandfather saw my page
Family,grandfather,saw my [obj],My grandfather saw my profile
Family,grandfather,saw my [obj],My grandfather saw my comment
Family,grandfather,saw my [obj],My grandfather saw my comments
Family,grandfather,exposed my [obj],My grandfather exposed my post
Family,grandfather,exposed my [obj],My grandfather exposed my posts
Family,grandfather,exposed my [obj],My grandfather exposed my Reddit
Family,grandfather,exposed my [obj],My grandfather exposed my account
Family,grandfather,exposed my [obj],My grandfather exposed my page
Family,grandfather,exposed my [obj],My grandfather exposed my profile
Family,grandfather,exposed my [obj],My grandfather exposed my comment
Family,grandfather,exposed my [obj],My grandfather exposed my comments
Family,grandfather,knows about my [obj],My grandfather knows about my post
Family,grandfather,knows about my [obj],My grandfather knows about my posts
Family,grandfather,knows about my [obj],My grandfather knows about my Reddit
Family,grandfather,knows about my [obj],My grandfather knows about my account
Family,grandfather,knows about my [obj],My grandfather knows about my page
Family,grandfather,knows about my [obj],My grandfather knows about my profile
Family,grandfather,knows about my [obj],My grandfather knows about my comment
Family,grandfather,knows about my [obj],My grandfather knows about my comments
Family,grandfather,knows my [obj],My grandfather knows my username
Family,grandfather,knows my [obj],My grandfather knows my account
Family,grandfather,knows my [obj],My grandfather knows my Reddit
Family,grandfather,lurks [where],My grandfather lurks here
Family,grandfather,lurks [where],My grandfather lurks on Reddit
Family,grandfather,is a lurker,My grandfather is a lurker
Family,grandfather,found the [obj],My grandfather found the thread
Family,grandfather,found the [obj],My grandfather found the post
Family,grandfather,found the [obj],My grandfather found the posts
Family,grandfather,found the [obj],My grandfather found the comment
Family,grandfather,found the [obj],My grandfather found the comments
Family,grandfather,sent this [obj] to,Sent this thread to my grandfather
Family,grandfather,sent this [obj] to,Sent this post to my grandfather
Family,grandfather,came across [det] [obj],My grandfather came across the post
Family,grandfather,came across [det] [obj],My grandfather came across the Reddit
Family,grandfather,came across [det] [obj],My grandfather came across the account
Family,grandfather,came across [det] [obj],My grandfather came across the comment
Family,grandfather,came across [det] [obj],My grandfather came across the thread
Family,grandfather,came across [det] [obj],My grandfather came across my post
Family,grandfather,came across [det] [obj],My grandfather came across my Reddit
Family,grandfather,came across [det] [obj],My grandfather came across my account
Family,grandfather,came across [det] [obj],My grandfather came across my comment
Family,grandfather,came across [det] [obj],My grandfather came across my thread
Family,grandfather,came across [det] [obj],My grandfather came across this post
Family,grandfather,came across [det] [obj],My grandfather came across this Reddit
Family,grandfather,came across [det] [obj],My grandfather came across this account
Family,grandfather,came across [det] [obj],My grandfather came across this comment
Family,grandfather,came across [det] [obj],My grandfather came across this thread
Family,grandfather,stumbled across [det] [obj],My grandfather stumbled across the post
Family,grandfather,stumbled across [det] [obj],My grandfather stumbled across the Reddit
Family,grandfather,stumbled across [det] [obj],My grandfather stumbled across the account
Family,grandfather,stumbled across [det] [obj],My grandfather stumbled across the thread
Family,grandfather,stumbled across [det] [obj],My grandfather stumbled across the comment
Family,grandfather,stumbled across [det] [obj],My grandfather stumbled across my post
Family,grandfather,stumbled across [det] [obj],My grandfather stumbled across my Reddit
Family,grandfather,stumbled across [det] [obj],My grandfather stumbled across my account
Family,grandfather,stumbled across [det] [obj],My grandfather stumbled across my thread
Family,grandfather,stumbled across [det] [obj],My grandfather stumbled across my comment
Family,grandfather,stumbled across [det] [obj],My grandfather stumbled across this post
Family,grandfather,stumbled across [det] [obj],My grandfather stumbled across this Reddit
Family,grandfather,stumbled across [det] [obj],My grandfather stumbled across this account
Family,grandfather,stumbled across [det] [obj],My grandfather stumbled across this thread
Family,grandfather,stumbled across [det] [obj],My grandfather stumbled across this comment
Family,grandfather,found out I [obj],My grandfather found out I posted
Family,grandfather,found out I [obj],My grandfather found out I made this
Family,grandfather,traced my [obj],My grandfather traced my post
Family,grandfather,traced my [obj],My grandfather traced my Reddit
Family,grandfather,traced my [obj],My grandfather traced my account
Family,grandfather,traced my [obj],My grandfather traced my comment
Family,grandfather,traced my [obj],My grandfather traced my thread
Family,grandfather,got shared with,My post got shared with my grandfather
Family,grandfather,got shared with,My Reddit got shared with my grandfather
Family,grandfather,got shared with,My account got shared with my grandfather
Family,grandfather,got shared with,My comment got shared with my grandfather
Family,grandfather,got shared with,My thread got shared with my grandfather
Family,step-parent,got back to,My post got back to my step-parent
Family,step-parent,found my [obj],My step-parent found my post
Family,step-parent,found out about my [obj],My step-parent found out about my post
Family,step-parent,found my [obj],My step-parent found my posts
Family,step-parent,found out about my [obj],My step-parent found out about my posts
Family,step-parent,found my [obj],My step-parent found my Reddit
Family,step-parent,found out about my [obj],My step-parent found out about my Reddit
Family,step-parent,found my [obj],My step-parent found my account
Family,step-parent,found out about my [obj],My step-parent found out about my account
Family,step-parent,found my [obj],My step-parent found my page
Family,step-parent,found out about my [obj],My step-parent found out about my page
Family,step-parent,found my [obj],My step-parent found my profile
Family,step-parent,found out about my [obj],My step-parent found out about my profile
Family,step-parent,found my [obj],My step-parent found my comment
Family,step-parent,found out about my [obj],My step-parent found out about my comment
Family,step-parent,found my [obj],My step-parent found my comments
Family,step-parent,found out about my [obj],My step-parent found out about my comments
Family,step-parent,saw my [obj],My step-parent saw my post
Family,step-parent,saw my [obj],My step-parent saw my posts
Family,step-parent,saw my [obj],My step-parent saw my Reddit
Family,step-parent,saw my [obj],My step-parent saw my account
Family,step-parent,saw my [obj],My step-parent saw my page
Family,step-parent,saw my [obj],My step-parent saw my profile
Family,step-parent,saw my [obj],My step-parent saw my comment
Family,step-parent,saw my [obj],My step-parent saw my comments
Family,step-parent,exposed my [obj],My step-parent exposed my post
Family,step-parent,exposed my [obj],My step-parent exposed my posts
Family,step-parent,exposed my [obj],My step-parent exposed my Reddit
Family,step-parent,exposed my [obj],My step-parent exposed my account
Family,step-parent,exposed my [obj],My step-parent exposed my page
Family,step-parent,exposed my [obj],My step-parent exposed my profile
Family,step-parent,exposed my [obj],My step-parent exposed my comment
Family,step-parent,exposed my [obj],My step-parent exposed my comments
Family,step-parent,knows about my [obj],My step-parent knows about my post
Family,step-parent,knows about my [obj],My step-parent knows about my posts
Family,step-parent,knows about my [obj],My step-parent knows about my Reddit
Family,step-parent,knows about my [obj],My step-parent knows about my account
Family,step-parent,knows about my [obj],My step-parent knows about my page
Family,step-parent,knows about my [obj],My step-parent knows about my profile
Family,step-parent,knows about my [obj],My step-parent knows about my comment
Family,step-parent,knows about my [obj],My step-parent knows about my comments
Family,step-parent,knows my [obj],My step-parent knows my username
Family,step-parent,knows my [obj],My step-parent knows my account
Family,step-parent,knows my [obj],My step-parent knows my Reddit
Family,step-parent,lurks [where],My step-parent lurks here
Family,step-parent,lurks [where],My step-parent lurks on Reddit
Family,step-parent,is a lurker,My step-parent is a lurker
Family,step-parent,found the [obj],My step-parent found the thread
Family,step-parent,found the [obj],My step-parent found the post
Family,step-parent,found the [obj],My step-parent found the posts
Family,step-parent,found the [obj],My step-parent found the comment
Family,step-parent,found the [obj],My step-parent found the comments
Family,step-parent,sent this [obj] to,Sent this thread to my step-parent
Family,step-parent,sent this [obj] to,Sent this post to my step-parent
Family,step-parent,came across [det] [obj],My step-parent came across the post
Family,step-parent,came across [det] [obj],My step-parent came across the Reddit
Family,step-parent,came across [det] [obj],My step-parent came across the account
Family,step-parent,came across [det] [obj],My step-parent came across the comment
Family,step-parent,came across [det] [obj],My step-parent came across the thread
Family,step-parent,came across [det] [obj],My step-parent came across my post
Family,step-parent,came across [det] [obj],My step-parent came across my Reddit
Family,step-parent,came across [det] [obj],My step-parent came across my account
Family,step-parent,came across [det] [obj],My step-parent came across my comment
Family,step-parent,came across [det] [obj],My step-parent came across my thread
Family,step-parent,came across [det] [obj],My step-parent came across this post
Family,step-parent,came across [det] [obj],My step-parent came across this Reddit
Family,step-parent,came across [det] [obj],My step-parent came across this account
Family,step-parent,came across [det] [obj],My step-parent came across this comment
Family,step-parent,came across [det] [obj],My step-parent came across this thread
Family,step-parent,stumbled across [det] [obj],My step-parent stumbled across the post
Family,step-parent,stumbled across [det] [obj],My step-parent stumbled across the Reddit
Family,step-parent,stumbled across [det] [obj],My step-parent stumbled across the account
Family,step-parent,stumbled across [det] [obj],My step-parent stumbled across the thread
Family,step-parent,stumbled across [det] [obj],My step-parent stumbled across the comment
Family,step-parent,stumbled across [det] [obj],My step-parent stumbled across my post
Family,step-parent,stumbled across [det] [obj],My step-parent stumbled across my Reddit
Family,step-parent,stumbled across [det] [obj],My step-parent stumbled across my account
Family,step-parent,stumbled across [det] [obj],My step-parent stumbled across my thread
Family,step-parent,stumbled across [det] [obj],My step-parent stumbled across my comment
Family,step-parent,stumbled across [det] [obj],My step-parent stumbled across this post
Family,step-parent,stumbled across [det] [obj],My step-parent stumbled across this Reddit
Family,step-parent,stumbled across [det] [obj],My step-parent stumbled across this account
Family,step-parent,stumbled across [det] [obj],My step-parent stumbled across this thread
Family,step-parent,stumbled across [det] [obj],My step-parent stumbled across this comment
Family,step-parent,found out I [obj],My step-parent found out I posted
Family,step-parent,found out I [obj],My step-parent found out I made this
Family,step-parent,traced my [obj],My step-parent traced my post
Family,step-parent,traced my [obj],My step-parent traced my Reddit
Family,step-parent,traced my [obj],My step-parent traced my account
Family,step-parent,traced my [obj],My step-parent traced my comment
Family,step-parent,traced my [obj],My step-parent traced my thread
Family,step-parent,got shared with,My post got shared with my step-parent
Family,step-parent,got shared with,My Reddit got shared with my step-parent
Family,step-parent,got shared with,My account got shared with my step-parent
Family,step-parent,got shared with,My comment got shared with my step-parent
Family,step-parent,got shared with,My thread got shared with my step-parent
Family,step-mom,got back to,My post got back to my step-mom
Family,step-mom,found my [obj],My step-mom found my post
Family,step-mom,found out about my [obj],My step-mom found out about my post
Family,step-mom,found my [obj],My step-mom found my posts
Family,step-mom,found out about my [obj],My step-mom found out about my posts
Family,step-mom,found my [obj],My step-mom found my Reddit
Family,step-mom,found out about my [obj],My step-mom found out about my Reddit
Family,step-mom,found my [obj],My step-mom found my account
Family,step-mom,found out about my [obj],My step-mom found out about my account
Family,step-mom,found my [obj],My step-mom found my page
Family,step-mom,found out about my [obj],My step-mom found out about my page
Family,step-mom,found my [obj],My step-mom found my profile
Family,step-mom,found out about my [obj],My step-mom found out about my profile
Family,step-mom,found my [obj],My step-mom found my comment
Family,step-mom,found out about my [obj],My step-mom found out about my comment
Family,step-mom,found my [obj],My step-mom found my comments
Family,step-mom,found out about my [obj],My step-mom found out about my comments
Family,step-mom,saw my [obj],My step-mom saw my post
Family,step-mom,saw my [obj],My step-mom saw my posts
Family,step-mom,saw my [obj],My step-mom saw my Reddit
Family,step-mom,saw my [obj],My step-mom saw my account
Family,step-mom,saw my [obj],My step-mom saw my page
Family,step-mom,saw my [obj],My step-mom saw my profile
Family,step-mom,saw my [obj],My step-mom saw my comment
Family,step-mom,saw my [obj],My step-mom saw my comments
Family,step-mom,exposed my [obj],My step-mom exposed my post
Family,step-mom,exposed my [obj],My step-mom exposed my posts
Family,step-mom,exposed my [obj],My step-mom exposed my Reddit
Family,step-mom,exposed my [obj],My step-mom exposed my account
Family,step-mom,exposed my [obj],My step-mom exposed my page
Family,step-mom,exposed my [obj],My step-mom exposed my profile
Family,step-mom,exposed my [obj],My step-mom exposed my comment
Family,step-mom,exposed my [obj],My step-mom exposed my comments
Family,step-mom,knows about my [obj],My step-mom knows about my post
Family,step-mom,knows about my [obj],My step-mom knows about my posts
Family,step-mom,knows about my [obj],My step-mom knows about my Reddit
Family,step-mom,knows about my [obj],My step-mom knows about my account
Family,step-mom,knows about my [obj],My step-mom knows about my page
Family,step-mom,knows about my [obj],My step-mom knows about my profile
Family,step-mom,knows about my [obj],My step-mom knows about my comment
Family,step-mom,knows about my [obj],My step-mom knows about my comments
Family,step-mom,knows my [obj],My step-mom knows my username
Family,step-mom,knows my [obj],My step-mom knows my account
Family,step-mom,knows my [obj],My step-mom knows my Reddit
Family,step-mom,lurks [where],My step-mom lurks here
Family,step-mom,lurks [where],My step-mom lurks on Reddit
Family,step-mom,is a lurker,My step-mom is a lurker
Family,step-mom,found the [obj],My step-mom found the thread
Family,step-mom,found the [obj],My step-mom found the post
Family,step-mom,found the [obj],My step-mom found the posts
Family,step-mom,found the [obj],My step-mom found the comment
Family,step-mom,found the [obj],My step-mom found the comments
Family,step-mom,sent this [obj] to,Sent this thread to my step-mom
Family,step-mom,sent this [obj] to,Sent this post to my step-mom
Family,step-mom,came across [det] [obj],My step-mom came across the post
Family,step-mom,came across [det] [obj],My step-mom came across the Reddit
Family,step-mom,came across [det] [obj],My step-mom came across the account
Family,step-mom,came across [det] [obj],My step-mom came across the comment
Family,step-mom,came across [det] [obj],My step-mom came across the thread
Family,step-mom,came across [det] [obj],My step-mom came across my post
Family,step-mom,came across [det] [obj],My step-mom came across my Reddit
Family,step-mom,came across [det] [obj],My step-mom came across my account
Family,step-mom,came across [det] [obj],My step-mom came across my comment
Family,step-mom,came across [det] [obj],My step-mom came across my thread
Family,step-mom,came across [det] [obj],My step-mom came across this post
Family,step-mom,came across [det] [obj],My step-mom came across this Reddit
Family,step-mom,came across [det] [obj],My step-mom came across this account
Family,step-mom,came across [det] [obj],My step-mom came across this comment
Family,step-mom,came across [det] [obj],My step-mom came across this thread
Family,step-mom,stumbled across [det] [obj],My step-mom stumbled across the post
Family,step-mom,stumbled across [det] [obj],My step-mom stumbled across the Reddit
Family,step-mom,stumbled across [det] [obj],My step-mom stumbled across the account
Family,step-mom,stumbled across [det] [obj],My step-mom stumbled across the thread
Family,step-mom,stumbled across [det] [obj],My step-mom stumbled across the comment
Family,step-mom,stumbled across [det] [obj],My step-mom stumbled across my post
Family,step-mom,stumbled across [det] [obj],My step-mom stumbled across my Reddit
Family,step-mom,stumbled across [det] [obj],My step-mom stumbled across my account
Family,step-mom,stumbled across [det] [obj],My step-mom stumbled across my thread
Family,step-mom,stumbled across [det] [obj],My step-mom stumbled across my comment
Family,step-mom,stumbled across [det] [obj],My step-mom stumbled across this post
Family,step-mom,stumbled across [det] [obj],My step-mom stumbled across this Reddit
Family,step-mom,stumbled across [det] [obj],My step-mom stumbled across this account
Family,step-mom,stumbled across [det] [obj],My step-mom stumbled across this thread
Family,step-mom,stumbled across [det] [obj],My step-mom stumbled across this comment
Family,step-mom,found out I [obj],My step-mom found out I posted
Family,step-mom,found out I [obj],My step-mom found out I made this
Family,step-mom,traced my [obj],My step-mom traced my post
Family,step-mom,traced my [obj],My step-mom traced my Reddit
Family,step-mom,traced my [obj],My step-mom traced my account
Family,step-mom,traced my [obj],My step-mom traced my comment
Family,step-mom,traced my [obj],My step-mom traced my thread
Family,step-mom,got shared with,My post got shared with my step-mom
Family,step-mom,got shared with,My Reddit got shared with my step-mom
Family,step-mom,got shared with,My account got shared with my step-mom
Family,step-mom,got shared with,My comment got shared with my step-mom
Family,step-mom,got shared with,My thread got shared with my step-mom
Family,step-mother,got back to,My post got back to my step-mother
Family,step-mother,found my [obj],My step-mother found my post
Family,step-mother,found out about my [obj],My step-mother found out about my post
Family,step-mother,found my [obj],My step-mother found my posts
Family,step-mother,found out about my [obj],My step-mother found out about my posts
Family,step-mother,found my [obj],My step-mother found my Reddit
Family,step-mother,found out about my [obj],My step-mother found out about my Reddit
Family,step-mother,found my [obj],My step-mother found my account
Family,step-mother,found out about my [obj],My step-mother found out about my account
Family,step-mother,found my [obj],My step-mother found my page
Family,step-mother,found out about my [obj],My step-mother found out about my page
Family,step-mother,found my [obj],My step-mother found my profile
Family,step-mother,found out about my [obj],My step-mother found out about my profile
Family,step-mother,found my [obj],My step-mother found my comment
Family,step-mother,found out about my [obj],My step-mother found out about my comment
Family,step-mother,found my [obj],My step-mother found my comments
Family,step-mother,found out about my [obj],My step-mother found out about my comments
Family,step-mother,saw my [obj],My step-mother saw my post
Family,step-mother,saw my [obj],My step-mother saw my posts
Family,step-mother,saw my [obj],My step-mother saw my Reddit
Family,step-mother,saw my [obj],My step-mother saw my account
Family,step-mother,saw my [obj],My step-mother saw my page
Family,step-mother,saw my [obj],My step-mother saw my profile
Family,step-mother,saw my [obj],My step-mother saw my comment
Family,step-mother,saw my [obj],My step-mother saw my comments
Family,step-mother,exposed my [obj],My step-mother exposed my post
Family,step-mother,exposed my [obj],My step-mother exposed my posts
Family,step-mother,exposed my [obj],My step-mother exposed my Reddit
Family,step-mother,exposed my [obj],My step-mother exposed my account
Family,step-mother,exposed my [obj],My step-mother exposed my page
Family,step-mother,exposed my [obj],My step-mother exposed my profile
Family,step-mother,exposed my [obj],My step-mother exposed my comment
Family,step-mother,exposed my [obj],My step-mother exposed my comments
Family,step-mother,knows about my [obj],My step-mother knows about my post
Family,step-mother,knows about my [obj],My step-mother knows about my posts
Family,step-mother,knows about my [obj],My step-mother knows about my Reddit
Family,step-mother,knows about my [obj],My step-mother knows about my account
Family,step-mother,knows about my [obj],My step-mother knows about my page
Family,step-mother,knows about my [obj],My step-mother knows about my profile
Family,step-mother,knows about my [obj],My step-mother knows about my comment
Family,step-mother,knows about my [obj],My step-mother knows about my comments
Family,step-mother,knows my [obj],My step-mother knows my username
Family,step-mother,knows my [obj],My step-mother knows my account
Family,step-mother,knows my [obj],My step-mother knows my Reddit
Family,step-mother,lurks [where],My step-mother lurks here
Family,step-mother,lurks [where],My step-mother lurks on Reddit
Family,step-mother,is a lurker,My step-mother is a lurker
Family,step-mother,found the [obj],My step-mother found the thread
Family,step-mother,found the [obj],My step-mother found the post
Family,step-mother,found the [obj],My step-mother found the posts
Family,step-mother,found the [obj],My step-mother found the comment
Family,step-mother,found the [obj],My step-mother found the comments
Family,step-mother,sent this [obj] to,Sent this thread to my step-mother
Family,step-mother,sent this [obj] to,Sent this post to my step-mother
Family,step-mother,came across [det] [obj],My step-mother came across the post
Family,step-mother,came across [det] [obj],My step-mother came across the Reddit
Family,step-mother,came across [det] [obj],My step-mother came across the account
Family,step-mother,came across [det] [obj],My step-mother came across the comment
Family,step-mother,came across [det] [obj],My step-mother came across the thread
Family,step-mother,came across [det] [obj],My step-mother came across my post
Family,step-mother,came across [det] [obj],My step-mother came across my Reddit
Family,step-mother,came across [det] [obj],My step-mother came across my account
Family,step-mother,came across [det] [obj],My step-mother came across my comment
Family,step-mother,came across [det] [obj],My step-mother came across my thread
Family,step-mother,came across [det] [obj],My step-mother came across this post
Family,step-mother,came across [det] [obj],My step-mother came across this Reddit
Family,step-mother,came across [det] [obj],My step-mother came across this account
Family,step-mother,came across [det] [obj],My step-mother came across this comment
Family,step-mother,came across [det] [obj],My step-mother came across this thread
Family,step-mother,stumbled across [det] [obj],My step-mother stumbled across the post
Family,step-mother,stumbled across [det] [obj],My step-mother stumbled across the Reddit
Family,step-mother,stumbled across [det] [obj],My step-mother stumbled across the account
Family,step-mother,stumbled across [det] [obj],My step-mother stumbled across the thread
Family,step-mother,stumbled across [det] [obj],My step-mother stumbled across the comment
Family,step-mother,stumbled across [det] [obj],My step-mother stumbled across my post
Family,step-mother,stumbled across [det] [obj],My step-mother stumbled across my Reddit
Family,step-mother,stumbled across [det] [obj],My step-mother stumbled across my account
Family,step-mother,stumbled across [det] [obj],My step-mother stumbled across my thread
Family,step-mother,stumbled across [det] [obj],My step-mother stumbled across my comment
Family,step-mother,stumbled across [det] [obj],My step-mother stumbled across this post
Family,step-mother,stumbled across [det] [obj],My step-mother stumbled across this Reddit
Family,step-mother,stumbled across [det] [obj],My step-mother stumbled across this account
Family,step-mother,stumbled across [det] [obj],My step-mother stumbled across this thread
Family,step-mother,stumbled across [det] [obj],My step-mother stumbled across this comment
Family,step-mother,found out I [obj],My step-mother found out I posted
Family,step-mother,found out I [obj],My step-mother found out I made this
Family,step-mother,traced my [obj],My step-mother traced my post
Family,step-mother,traced my [obj],My step-mother traced my Reddit
Family,step-mother,traced my [obj],My step-mother traced my account
Family,step-mother,traced my [obj],My step-mother traced my comment
Family,step-mother,traced my [obj],My step-mother traced my thread
Family,step-mother,got shared with,My post got shared with my step-mother
Family,step-mother,got shared with,My Reddit got shared with my step-mother
Family,step-mother,got shared with,My account got shared with my step-mother
Family,step-mother,got shared with,My comment got shared with my step-mother
Family,step-mother,got shared with,My thread got shared with my step-mother
Family,step-dad,got back to,My post got back to my step-dad
Family,step-dad,found my [obj],My step-dad found my post
Family,step-dad,found out about my [obj],My step-dad found out about my post
Family,step-dad,found my [obj],My step-dad found my posts
Family,step-dad,found out about my [obj],My step-dad found out about my posts
Family,step-dad,found my [obj],My step-dad found my Reddit
Family,step-dad,found out about my [obj],My step-dad found out about my Reddit
Family,step-dad,found my [obj],My step-dad found my account
Family,step-dad,found out about my [obj],My step-dad found out about my account
Family,step-dad,found my [obj],My step-dad found my page
Family,step-dad,found out about my [obj],My step-dad found out about my page
Family,step-dad,found my [obj],My step-dad found my profile
Family,step-dad,found out about my [obj],My step-dad found out about my profile
Family,step-dad,found my [obj],My step-dad found my comment
Family,step-dad,found out about my [obj],My step-dad found out about my comment
Family,step-dad,found my [obj],My step-dad found my comments
Family,step-dad,found out about my [obj],My step-dad found out about my comments
Family,step-dad,saw my [obj],My step-dad saw my post
Family,step-dad,saw my [obj],My step-dad saw my posts
Family,step-dad,saw my [obj],My step-dad saw my Reddit
Family,step-dad,saw my [obj],My step-dad saw my account
Family,step-dad,saw my [obj],My step-dad saw my page
Family,step-dad,saw my [obj],My step-dad saw my profile
Family,step-dad,saw my [obj],My step-dad saw my comment
Family,step-dad,saw my [obj],My step-dad saw my comments
Family,step-dad,exposed my [obj],My step-dad exposed my post
Family,step-dad,exposed my [obj],My step-dad exposed my posts
Family,step-dad,exposed my [obj],My step-dad exposed my Reddit
Family,step-dad,exposed my [obj],My step-dad exposed my account
Family,step-dad,exposed my [obj],My step-dad exposed my page
Family,step-dad,exposed my [obj],My step-dad exposed my profile
Family,step-dad,exposed my [obj],My step-dad exposed my comment
Family,step-dad,exposed my [obj],My step-dad exposed my comments
Family,step-dad,knows about my [obj],My step-dad knows about my post
Family,step-dad,knows about my [obj],My step-dad knows about my posts
Family,step-dad,knows about my [obj],My step-dad knows about my Reddit
Family,step-dad,knows about my [obj],My step-dad knows about my account
Family,step-dad,knows about my [obj],My step-dad knows about my page
Family,step-dad,knows about my [obj],My step-dad knows about my profile
Family,step-dad,knows about my [obj],My step-dad knows about my comment
Family,step-dad,knows about my [obj],My step-dad knows about my comments
Family,step-dad,knows my [obj],My step-dad knows my username
Family,step-dad,knows my [obj],My step-dad knows my account
Family,step-dad,knows my [obj],My step-dad knows my Reddit
Family,step-dad,lurks [where],My step-dad lurks here
Family,step-dad,lurks [where],My step-dad lurks on Reddit
Family,step-dad,is a lurker,My step-dad is a lurker
Family,step-dad,found the [obj],My step-dad found the thread
Family,step-dad,found the [obj],My step-dad found the post
Family,step-dad,found the [obj],My step-dad found the posts
Family,step-dad,found the [obj],My step-dad found the comment
Family,step-dad,found the [obj],My step-dad found the comments
Family,step-dad,sent this [obj] to,Sent this thread to my step-dad
Family,step-dad,sent this [obj] to,Sent this post to my step-dad
Family,step-dad,came across [det] [obj],My step-dad came across the post
Family,step-dad,came across [det] [obj],My step-dad came across the Reddit
Family,step-dad,came across [det] [obj],My step-dad came across the account
Family,step-dad,came across [det] [obj],My step-dad came across the comment
Family,step-dad,came across [det] [obj],My step-dad came across the thread
Family,step-dad,came across [det] [obj],My step-dad came across my post
Family,step-dad,came across [det] [obj],My step-dad came across my Reddit
Family,step-dad,came across [det] [obj],My step-dad came across my account
Family,step-dad,came across [det] [obj],My step-dad came across my comment
Family,step-dad,came across [det] [obj],My step-dad came across my thread
Family,step-dad,came across [det] [obj],My step-dad came across this post
Family,step-dad,came across [det] [obj],My step-dad came across this Reddit
Family,step-dad,came across [det] [obj],My step-dad came across this account
Family,step-dad,came across [det] [obj],My step-dad came across this comment
Family,step-dad,came across [det] [obj],My step-dad came across this thread
Family,step-dad,stumbled across [det] [obj],My step-dad stumbled across the post
Family,step-dad,stumbled across [det] [obj],My step-dad stumbled across the Reddit
Family,step-dad,stumbled across [det] [obj],My step-dad stumbled across the account
Family,step-dad,stumbled across [det] [obj],My step-dad stumbled across the thread
Family,step-dad,stumbled across [det] [obj],My step-dad stumbled across the comment
Family,step-dad,stumbled across [det] [obj],My step-dad stumbled across my post
Family,step-dad,stumbled across [det] [obj],My step-dad stumbled across my Reddit
Family,step-dad,stumbled across [det] [obj],My step-dad stumbled across my account
Family,step-dad,stumbled across [det] [obj],My step-dad stumbled across my thread
Family,step-dad,stumbled across [det] [obj],My step-dad stumbled across my comment
Family,step-dad,stumbled across [det] [obj],My step-dad stumbled across this post
Family,step-dad,stumbled across [det] [obj],My step-dad stumbled across this Reddit
Family,step-dad,stumbled across [det] [obj],My step-dad stumbled across this account
Family,step-dad,stumbled across [det] [obj],My step-dad stumbled across this thread
Family,step-dad,stumbled across [det] [obj],My step-dad stumbled across this comment
Family,step-dad,found out I [obj],My step-dad found out I posted
Family,step-dad,found out I [obj],My step-dad found out I made this
Family,step-dad,traced my [obj],My step-dad traced my post
Family,step-dad,traced my [obj],My step-dad traced my Reddit
Family,step-dad,traced my [obj],My step-dad traced my account
Family,step-dad,traced my [obj],My step-dad traced my comment
Family,step-dad,traced my [obj],My step-dad traced my thread
Family,step-dad,got shared with,My post got shared with my step-dad
Family,step-dad,got shared with,My Reddit got shared with my step-dad
Family,step-dad,got shared with,My account got shared with my step-dad
Family,step-dad,got shared with,My comment got shared with my step-dad
Family,step-dad,got shared with,My thread got shared with my step-dad
Family,step-father,got back to,My post got back to my step-father
Family,step-father,found my [obj],My step-father found my post
Family,step-father,found out about my [obj],My step-father found out about my post
Family,step-father,found my [obj],My step-father found my posts
Family,step-father,found out about my [obj],My step-father found out about my posts
Family,step-father,found my [obj],My step-father found my Reddit
Family,step-father,found out about my [obj],My step-father found out about my Reddit
Family,step-father,found my [obj],My step-father found my account
Family,step-father,found out about my [obj],My step-father found out about my account
Family,step-father,found my [obj],My step-father found my page
Family,step-father,found out about my [obj],My step-father found out about my page
Family,step-father,found my [obj],My step-father found my profile
Family,step-father,found out about my [obj],My step-father found out about my profile
Family,step-father,found my [obj],My step-father found my comment
Family,step-father,found out about my [obj],My step-father found out about my comment
Family,step-father,found my [obj],My step-father found my comments
Family,step-father,found out about my [obj],My step-father found out about my comments
Family,step-father,saw my [obj],My step-father saw my post
Family,step-father,saw my [obj],My step-father saw my posts
Family,step-father,saw my [obj],My step-father saw my Reddit
Family,step-father,saw my [obj],My step-father saw my account
Family,step-father,saw my [obj],My step-father saw my page
Family,step-father,saw my [obj],My step-father saw my profile
Family,step-father,saw my [obj],My step-father saw my comment
Family,step-father,saw my [obj],My step-father saw my comments
Family,step-father,exposed my [obj],My step-father exposed my post
Family,step-father,exposed my [obj],My step-father exposed my posts
Family,step-father,exposed my [obj],My step-father exposed my Reddit
Family,step-father,exposed my [obj],My step-father exposed my account
Family,step-father,exposed my [obj],My step-father exposed my page
Family,step-father,exposed my [obj],My step-father exposed my profile
Family,step-father,exposed my [obj],My step-father exposed my comment
Family,step-father,exposed my [obj],My step-father exposed my comments
Family,step-father,knows about my [obj],My step-father knows about my post
Family,step-father,knows about my [obj],My step-father knows about my posts
Family,step-father,knows about my [obj],My step-father knows about my Reddit
Family,step-father,knows about my [obj],My step-father knows about my account
Family,step-father,knows about my [obj],My step-father knows about my page
Family,step-father,knows about my [obj],My step-father knows about my profile
Family,step-father,knows about my [obj],My step-father knows about my comment
Family,step-father,knows about my [obj],My step-father knows about my comments
Family,step-father,knows my [obj],My step-father knows my username
Family,step-father,knows my [obj],My step-father knows my account
Family,step-father,knows my [obj],My step-father knows my Reddit
Family,step-father,lurks [where],My step-father lurks here
Family,step-father,lurks [where],My step-father lurks on Reddit
Family,step-father,is a lurker,My step-father is a lurker
Family,step-father,found the [obj],My step-father found the thread
Family,step-father,found the [obj],My step-father found the post
Family,step-father,found the [obj],My step-father found the posts
Family,step-father,found the [obj],My step-father found the comment
Family,step-father,found the [obj],My step-father found the comments
Family,step-father,sent this [obj] to,Sent this thread to my step-father
Family,step-father,sent this [obj] to,Sent this post to my step-father
Family,step-father,came across [det] [obj],My step-father came across the post
Family,step-father,came across [det] [obj],My step-father came across the Reddit
Family,step-father,came across [det] [obj],My step-father came across the account
Family,step-father,came across [det] [obj],My step-father came across the comment
Family,step-father,came across [det] [obj],My step-father came across the thread
Family,step-father,came across [det] [obj],My step-father came across my post
Family,step-father,came across [det] [obj],My step-father came across my Reddit
Family,step-father,came across [det] [obj],My step-father came across my account
Family,step-father,came across [det] [obj],My step-father came across my comment
Family,step-father,came across [det] [obj],My step-father came across my thread
Family,step-father,came across [det] [obj],My step-father came across this post
Family,step-father,came across [det] [obj],My step-father came across this Reddit
Family,step-father,came across [det] [obj],My step-father came across this account
Family,step-father,came across [det] [obj],My step-father came across this comment
Family,step-father,came across [det] [obj],My step-father came across this thread
Family,step-father,stumbled across [det] [obj],My step-father stumbled across the post
Family,step-father,stumbled across [det] [obj],My step-father stumbled across the Reddit
Family,step-father,stumbled across [det] [obj],My step-father stumbled across the account
Family,step-father,stumbled across [det] [obj],My step-father stumbled across the thread
Family,step-father,stumbled across [det] [obj],My step-father stumbled across the comment
Family,step-father,stumbled across [det] [obj],My step-father stumbled across my post
Family,step-father,stumbled across [det] [obj],My step-father stumbled across my Reddit
Family,step-father,stumbled across [det] [obj],My step-father stumbled across my account
Family,step-father,stumbled across [det] [obj],My step-father stumbled across my thread
Family,step-father,stumbled across [det] [obj],My step-father stumbled across my comment
Family,step-father,stumbled across [det] [obj],My step-father stumbled across this post
Family,step-father,stumbled across [det] [obj],My step-father stumbled across this Reddit
Family,step-father,stumbled across [det] [obj],My step-father stumbled across this account
Family,step-father,stumbled across [det] [obj],My step-father stumbled across this thread
Family,step-father,stumbled across [det] [obj],My step-father stumbled across this comment
Family,step-father,found out I [obj],My step-father found out I posted
Family,step-father,found out I [obj],My step-father found out I made this
Family,step-father,traced my [obj],My step-father traced my post
Family,step-father,traced my [obj],My step-father traced my Reddit
Family,step-father,traced my [obj],My step-father traced my account
Family,step-father,traced my [obj],My step-father traced my comment
Family,step-father,traced my [obj],My step-father traced my thread
Family,step-father,got shared with,My post got shared with my step-father
Family,step-father,got shared with,My Reddit got shared with my step-father
Family,step-father,got shared with,My account got shared with my step-father
Family,step-father,got shared with,My comment got shared with my step-father
Family,step-father,got shared with,My thread got shared with my step-father
Friend,friend,got back to,My post got back to my friend
Friend,friend,found my [obj],My friend found my post
Friend,friend,found out about my [obj],My friend found out about my post
Friend,friend,found my [obj],My friend found my posts
Friend,friend,found out about my [obj],My friend found out about my posts
Friend,friend,found my [obj],My friend found my Reddit
Friend,friend,found out about my [obj],My friend found out about my Reddit
Friend,friend,found my [obj],My friend found my account
Friend,friend,found out about my [obj],My friend found out about my account
Friend,friend,found my [obj],My friend found my page
Friend,friend,found out about my [obj],My friend found out about my page
Friend,friend,found my [obj],My friend found my profile
Friend,friend,found out about my [obj],My friend found out about my profile
Friend,friend,found my [obj],My friend found my comment
Friend,friend,found out about my [obj],My friend found out about my comment
Friend,friend,found my [obj],My friend found my comments
Friend,friend,found out about my [obj],My friend found out about my comments
Friend,friend,saw my [obj],My friend saw my post
Friend,friend,saw my [obj],My friend saw my posts
Friend,friend,saw my [obj],My friend saw my Reddit
Friend,friend,saw my [obj],My friend saw my account
Friend,friend,saw my [obj],My friend saw my page
Friend,friend,saw my [obj],My friend saw my profile
Friend,friend,saw my [obj],My friend saw my comment
Friend,friend,saw my [obj],My friend saw my comments
Friend,friend,exposed my [obj],My friend exposed my post
Friend,friend,exposed my [obj],My friend exposed my posts
Friend,friend,exposed my [obj],My friend exposed my Reddit
Friend,friend,exposed my [obj],My friend exposed my account
Friend,friend,exposed my [obj],My friend exposed my page
Friend,friend,exposed my [obj],My friend exposed my profile
Friend,friend,exposed my [obj],My friend exposed my comment
Friend,friend,exposed my [obj],My friend exposed my comments
Friend,friend,knows about my [obj],My friend knows about my post
Friend,friend,knows about my [obj],My friend knows about my posts
Friend,friend,knows about my [obj],My friend knows about my Reddit
Friend,friend,knows about my [obj],My friend knows about my account
Friend,friend,knows about my [obj],My friend knows about my page
Friend,friend,knows about my [obj],My friend knows about my profile
Friend,friend,knows about my [obj],My friend knows about my comment
Friend,friend,knows about my [obj],My friend knows about my comments
Friend,friend,knows my [obj],My friend knows my username
Friend,friend,knows my [obj],My friend knows my account
Friend,friend,knows my [obj],My friend knows my Reddit
Friend,friend,lurks [where],My friend lurks here
Friend,friend,lurks [where],My friend lurks on Reddit
Friend,friend,is a lurker,My friend is a lurker
Friend,friend,found the [obj],My friend found the thread
Friend,friend,found the [obj],My friend found the post
Friend,friend,found the [obj],My friend found the posts
Friend,friend,found the [obj],My friend found the comment
Friend,friend,found the [obj],My friend found the comments
Friend,friend,sent this [obj] to,Sent this thread to my friend
Friend,friend,sent this [obj] to,Sent this post to my friend
Friend,friend,came across [det] [obj],My friend came across the post
Friend,friend,came across [det] [obj],My friend came across the Reddit
Friend,friend,came across [det] [obj],My friend came across the account
Friend,friend,came across [det] [obj],My friend came across the comment
Friend,friend,came across [det] [obj],My friend came across the thread
Friend,friend,came across [det] [obj],My friend came across my post
Friend,friend,came across [det] [obj],My friend came across my Reddit
Friend,friend,came across [det] [obj],My friend came across my account
Friend,friend,came across [det] [obj],My friend came across my comment
Friend,friend,came across [det] [obj],My friend came across my thread
Friend,friend,came across [det] [obj],My friend came across this post
Friend,friend,came across [det] [obj],My friend came across this Reddit
Friend,friend,came across [det] [obj],My friend came across this account
Friend,friend,came across [det] [obj],My friend came across this comment
Friend,friend,came across [det] [obj],My friend came across this thread
Friend,friend,stumbled across [det] [obj],My friend stumbled across the post
Friend,friend,stumbled across [det] [obj],My friend stumbled across the Reddit
Friend,friend,stumbled across [det] [obj],My friend stumbled across the account
Friend,friend,stumbled across [det] [obj],My friend stumbled across the thread
Friend,friend,stumbled across [det] [obj],My friend stumbled across the comment
Friend,friend,stumbled across [det] [obj],My friend stumbled across my post
Friend,friend,stumbled across [det] [obj],My friend stumbled across my Reddit
Friend,friend,stumbled across [det] [obj],My friend stumbled across my account
Friend,friend,stumbled across [det] [obj],My friend stumbled across my thread
Friend,friend,stumbled across [det] [obj],My friend stumbled across my comment
Friend,friend,stumbled across [det] [obj],My friend stumbled across this post
Friend,friend,stumbled across [det] [obj],My friend stumbled across this Reddit
Friend,friend,stumbled across [det] [obj],My friend stumbled across this account
Friend,friend,stumbled across [det] [obj],My friend stumbled across this thread
Friend,friend,stumbled across [det] [obj],My friend stumbled across this comment
Friend,friend,found out I [obj],My friend found out I posted
Friend,friend,found out I [obj],My friend found out I made this
Friend,friend,traced my [obj],My friend traced my post
Friend,friend,traced my [obj],My friend traced my Reddit
Friend,friend,traced my [obj],My friend traced my account
Friend,friend,traced my [obj],My friend traced my comment
Friend,friend,traced my [obj],My friend traced my thread
Friend,friend,got shared with,My post got shared with my friend
Friend,friend,got shared with,My Reddit got shared with my friend
Friend,friend,got shared with,My account got shared with my friend
Friend,friend,got shared with,My comment got shared with my friend
Friend,friend,got shared with,My thread got shared with my friend
Friend,ex-friend,got back to,My post got back to my ex-friend
Friend,ex-friend,found my [obj],My ex-friend found my post
Friend,ex-friend,found out about my [obj],My ex-friend found out about my post
Friend,ex-friend,found my [obj],My ex-friend found my posts
Friend,ex-friend,found out about my [obj],My ex-friend found out about my posts
Friend,ex-friend,found my [obj],My ex-friend found my Reddit
Friend,ex-friend,found out about my [obj],My ex-friend found out about my Reddit
Friend,ex-friend,found my [obj],My ex-friend found my account
Friend,ex-friend,found out about my [obj],My ex-friend found out about my account
Friend,ex-friend,found my [obj],My ex-friend found my page
Friend,ex-friend,found out about my [obj],My ex-friend found out about my page
Friend,ex-friend,found my [obj],My ex-friend found my profile
Friend,ex-friend,found out about my [obj],My ex-friend found out about my profile
Friend,ex-friend,found my [obj],My ex-friend found my comment
Friend,ex-friend,found out about my [obj],My ex-friend found out about my comment
Friend,ex-friend,found my [obj],My ex-friend found my comments
Friend,ex-friend,found out about my [obj],My ex-friend found out about my comments
Friend,ex-friend,saw my [obj],My ex-friend saw my post
Friend,ex-friend,saw my [obj],My ex-friend saw my posts
Friend,ex-friend,saw my [obj],My ex-friend saw my Reddit
Friend,ex-friend,saw my [obj],My ex-friend saw my account
Friend,ex-friend,saw my [obj],My ex-friend saw my page
Friend,ex-friend,saw my [obj],My ex-friend saw my profile
Friend,ex-friend,saw my [obj],My ex-friend saw my comment
Friend,ex-friend,saw my [obj],My ex-friend saw my comments
Friend,ex-friend,exposed my [obj],My ex-friend exposed my post
Friend,ex-friend,exposed my [obj],My ex-friend exposed my posts
Friend,ex-friend,exposed my [obj],My ex-friend exposed my Reddit
Friend,ex-friend,exposed my [obj],My ex-friend exposed my account
Friend,ex-friend,exposed my [obj],My ex-friend exposed my page
Friend,ex-friend,exposed my [obj],My ex-friend exposed my profile
Friend,ex-friend,exposed my [obj],My ex-friend exposed my comment
Friend,ex-friend,exposed my [obj],My ex-friend exposed my comments
Friend,ex-friend,knows about my [obj],My ex-friend knows about my post
Friend,ex-friend,knows about my [obj],My ex-friend knows about my posts
Friend,ex-friend,knows about my [obj],My ex-friend knows about my Reddit
Friend,ex-friend,knows about my [obj],My ex-friend knows about my account
Friend,ex-friend,knows about my [obj],My ex-friend knows about my page
Friend,ex-friend,knows about my [obj],My ex-friend knows about my profile
Friend,ex-friend,knows about my [obj],My ex-friend knows about my comment
Friend,ex-friend,knows about my [obj],My ex-friend knows about my comments
Friend,ex-friend,knows my [obj],My ex-friend knows my username
Friend,ex-friend,knows my [obj],My ex-friend knows my account
Friend,ex-friend,knows my [obj],My ex-friend knows my Reddit
Friend,ex-friend,lurks [where],My ex-friend lurks here
Friend,ex-friend,lurks [where],My ex-friend lurks on Reddit
Friend,ex-friend,is a lurker,My ex-friend is a lurker
Friend,ex-friend,found the [obj],My ex-friend found the thread
Friend,ex-friend,found the [obj],My ex-friend found the post
Friend,ex-friend,found the [obj],My ex-friend found the posts
Friend,ex-friend,found the [obj],My ex-friend found the comment
Friend,ex-friend,found the [obj],My ex-friend found the comments
Friend,ex-friend,sent this [obj] to,Sent this thread to my ex-friend
Friend,ex-friend,sent this [obj] to,Sent this post to my ex-friend
Friend,ex-friend,came across [det] [obj],My ex-friend came across the post
Friend,ex-friend,came across [det] [obj],My ex-friend came across the Reddit
Friend,ex-friend,came across [det] [obj],My ex-friend came across the account
Friend,ex-friend,came across [det] [obj],My ex-friend came across the comment
Friend,ex-friend,came across [det] [obj],My ex-friend came across the thread
Friend,ex-friend,came across [det] [obj],My ex-friend came across my post
Friend,ex-friend,came across [det] [obj],My ex-friend came across my Reddit
Friend,ex-friend,came across [det] [obj],My ex-friend came across my account
Friend,ex-friend,came across [det] [obj],My ex-friend came across my comment
Friend,ex-friend,came across [det] [obj],My ex-friend came across my thread
Friend,ex-friend,came across [det] [obj],My ex-friend came across this post
Friend,ex-friend,came across [det] [obj],My ex-friend came across this Reddit
Friend,ex-friend,came across [det] [obj],My ex-friend came across this account
Friend,ex-friend,came across [det] [obj],My ex-friend came across this comment
Friend,ex-friend,came across [det] [obj],My ex-friend came across this thread
Friend,ex-friend,stumbled across [det] [obj],My ex-friend stumbled across the post
Friend,ex-friend,stumbled across [det] [obj],My ex-friend stumbled across the Reddit
Friend,ex-friend,stumbled across [det] [obj],My ex-friend stumbled across the account
Friend,ex-friend,stumbled across [det] [obj],My ex-friend stumbled across the thread
Friend,ex-friend,stumbled across [det] [obj],My ex-friend stumbled across the comment
Friend,ex-friend,stumbled across [det] [obj],My ex-friend stumbled across my post
Friend,ex-friend,stumbled across [det] [obj],My ex-friend stumbled across my Reddit
Friend,ex-friend,stumbled across [det] [obj],My ex-friend stumbled across my account
Friend,ex-friend,stumbled across [det] [obj],My ex-friend stumbled across my thread
Friend,ex-friend,stumbled across [det] [obj],My ex-friend stumbled across my comment
Friend,ex-friend,stumbled across [det] [obj],My ex-friend stumbled across this post
Friend,ex-friend,stumbled across [det] [obj],My ex-friend stumbled across this Reddit
Friend,ex-friend,stumbled across [det] [obj],My ex-friend stumbled across this account
Friend,ex-friend,stumbled across [det] [obj],My ex-friend stumbled across this thread
Friend,ex-friend,stumbled across [det] [obj],My ex-friend stumbled across this comment
Friend,ex-friend,found out I [obj],My ex-friend found out I posted
Friend,ex-friend,found out I [obj],My ex-friend found out I made this
Friend,ex-friend,traced my [obj],My ex-friend traced my post
Friend,ex-friend,traced my [obj],My ex-friend traced my Reddit
Friend,ex-friend,traced my [obj],My ex-friend traced my account
Friend,ex-friend,traced my [obj],My ex-friend traced my comment
Friend,ex-friend,traced my [obj],My ex-friend traced my thread
Friend,ex-friend,got shared with,My post got shared with my ex-friend
Friend,ex-friend,got shared with,My Reddit got shared with my ex-friend
Friend,ex-friend,got shared with,My account got shared with my ex-friend
Friend,ex-friend,got shared with,My comment got shared with my ex-friend
Friend,ex-friend,got shared with,My thread got shared with my ex-friend
Friend,bff,got back to,My post got back to my bff
Friend,bff,found my [obj],My bff found my post
Friend,bff,found out about my [obj],My bff found out about my post
Friend,bff,found my [obj],My bff found my posts
Friend,bff,found out about my [obj],My bff found out about my posts
Friend,bff,found my [obj],My bff found my Reddit
Friend,bff,found out about my [obj],My bff found out about my Reddit
Friend,bff,found my [obj],My bff found my account
Friend,bff,found out about my [obj],My bff found out about my account
Friend,bff,found my [obj],My bff found my page
Friend,bff,found out about my [obj],My bff found out about my page
Friend,bff,found my [obj],My bff found my profile
Friend,bff,found out about my [obj],My bff found out about my profile
Friend,bff,found my [obj],My bff found my comment
Friend,bff,found out about my [obj],My bff found out about my comment
Friend,bff,found my [obj],My bff found my comments
Friend,bff,found out about my [obj],My bff found out about my comments
Friend,bff,saw my [obj],My bff saw my post
Friend,bff,saw my [obj],My bff saw my posts
Friend,bff,saw my [obj],My bff saw my Reddit
Friend,bff,saw my [obj],My bff saw my account
Friend,bff,saw my [obj],My bff saw my page
Friend,bff,saw my [obj],My bff saw my profile
Friend,bff,saw my [obj],My bff saw my comment
Friend,bff,saw my [obj],My bff saw my comments
Friend,bff,exposed my [obj],My bff exposed my post
Friend,bff,exposed my [obj],My bff exposed my posts
Friend,bff,exposed my [obj],My bff exposed my Reddit
Friend,bff,exposed my [obj],My bff exposed my account
Friend,bff,exposed my [obj],My bff exposed my page
Friend,bff,exposed my [obj],My bff exposed my profile
Friend,bff,exposed my [obj],My bff exposed my comment
Friend,bff,exposed my [obj],My bff exposed my comments
Friend,bff,knows about my [obj],My bff knows about my post
Friend,bff,knows about my [obj],My bff knows about my posts
Friend,bff,knows about my [obj],My bff knows about my Reddit
Friend,bff,knows about my [obj],My bff knows about my account
Friend,bff,knows about my [obj],My bff knows about my page
Friend,bff,knows about my [obj],My bff knows about my profile
Friend,bff,knows about my [obj],My bff knows about my comment
Friend,bff,knows about my [obj],My bff knows about my comments
Friend,bff,knows my [obj],My bff knows my username
Friend,bff,knows my [obj],My bff knows my account
Friend,bff,knows my [obj],My bff knows my Reddit
Friend,bff,lurks [where],My bff lurks here
Friend,bff,lurks [where],My bff lurks on Reddit
Friend,bff,is a lurker,My bff is a lurker
Friend,bff,found the [obj],My bff found the thread
Friend,bff,found the [obj],My bff found the post
Friend,bff,found the [obj],My bff found the posts
Friend,bff,found the [obj],My bff found the comment
Friend,bff,found the [obj],My bff found the comments
Friend,bff,sent this [obj] to,Sent this thread to my bff
Friend,bff,sent this [obj] to,Sent this post to my bff
Friend,bff,came across [det] [obj],My bff came across the post
Friend,bff,came across [det] [obj],My bff came across the Reddit
Friend,bff,came across [det] [obj],My bff came across the account
Friend,bff,came across [det] [obj],My bff came across the comment
Friend,bff,came across [det] [obj],My bff came across the thread
Friend,bff,came across [det] [obj],My bff came across my post
Friend,bff,came across [det] [obj],My bff came across my Reddit
Friend,bff,came across [det] [obj],My bff came across my account
Friend,bff,came across [det] [obj],My bff came across my comment
Friend,bff,came across [det] [obj],My bff came across my thread
Friend,bff,came across [det] [obj],My bff came across this post
Friend,bff,came across [det] [obj],My bff came across this Reddit
Friend,bff,came across [det] [obj],My bff came across this account
Friend,bff,came across [det] [obj],My bff came across this comment
Friend,bff,came across [det] [obj],My bff came across this thread
Friend,bff,stumbled across [det] [obj],My bff stumbled across the post
Friend,bff,stumbled across [det] [obj],My bff stumbled across the Reddit
Friend,bff,stumbled across [det] [obj],My bff stumbled across the account
Friend,bff,stumbled across [det] [obj],My bff stumbled across the thread
Friend,bff,stumbled across [det] [obj],My bff stumbled across the comment
Friend,bff,stumbled across [det] [obj],My bff stumbled across my post
Friend,bff,stumbled across [det] [obj],My bff stumbled across my Reddit
Friend,bff,stumbled across [det] [obj],My bff stumbled across my account
Friend,bff,stumbled across [det] [obj],My bff stumbled across my thread
Friend,bff,stumbled across [det] [obj],My bff stumbled across my comment
Friend,bff,stumbled across [det] [obj],My bff stumbled across this post
Friend,bff,stumbled across [det] [obj],My bff stumbled across this Reddit
Friend,bff,stumbled across [det] [obj],My bff stumbled across this account
Friend,bff,stumbled across [det] [obj],My bff stumbled across this thread
Friend,bff,stumbled across [det] [obj],My bff stumbled across this comment
Friend,bff,found out I [obj],My bff found out I posted
Friend,bff,found out I [obj],My bff found out I made this
Friend,bff,traced my [obj],My bff traced my post
Friend,bff,traced my [obj],My bff traced my Reddit
Friend,bff,traced my [obj],My bff traced my account
Friend,bff,traced my [obj],My bff traced my comment
Friend,bff,traced my [obj],My bff traced my thread
Friend,bff,got shared with,My post got shared with my bff
Friend,bff,got shared with,My Reddit got shared with my bff
Friend,bff,got shared with,My account got shared with my bff
Friend,bff,got shared with,My comment got shared with my bff
Friend,bff,got shared with,My thread got shared with my bff
Friend,mate,got back to,My post got back to my mate
Friend,mate,found my [obj],My mate found my post
Friend,mate,found out about my [obj],My mate found out about my post
Friend,mate,found my [obj],My mate found my posts
Friend,mate,found out about my [obj],My mate found out about my posts
Friend,mate,found my [obj],My mate found my Reddit
Friend,mate,found out about my [obj],My mate found out about my Reddit
Friend,mate,found my [obj],My mate found my account
Friend,mate,found out about my [obj],My mate found out about my account
Friend,mate,found my [obj],My mate found my page
Friend,mate,found out about my [obj],My mate found out about my page
Friend,mate,found my [obj],My mate found my profile
Friend,mate,found out about my [obj],My mate found out about my profile
Friend,mate,found my [obj],My mate found my comment
Friend,mate,found out about my [obj],My mate found out about my comment
Friend,mate,found my [obj],My mate found my comments
Friend,mate,found out about my [obj],My mate found out about my comments
Friend,mate,saw my [obj],My mate saw my post
Friend,mate,saw my [obj],My mate saw my posts
Friend,mate,saw my [obj],My mate saw my Reddit
Friend,mate,saw my [obj],My mate saw my account
Friend,mate,saw my [obj],My mate saw my page
Friend,mate,saw my [obj],My mate saw my profile
Friend,mate,saw my [obj],My mate saw my comment
Friend,mate,saw my [obj],My mate saw my comments
Friend,mate,exposed my [obj],My mate exposed my post
Friend,mate,exposed my [obj],My mate exposed my posts
Friend,mate,exposed my [obj],My mate exposed my Reddit
Friend,mate,exposed my [obj],My mate exposed my account
Friend,mate,exposed my [obj],My mate exposed my page
Friend,mate,exposed my [obj],My mate exposed my profile
Friend,mate,exposed my [obj],My mate exposed my comment
Friend,mate,exposed my [obj],My mate exposed my comments
Friend,mate,knows about my [obj],My mate knows about my post
Friend,mate,knows about my [obj],My mate knows about my posts
Friend,mate,knows about my [obj],My mate knows about my Reddit
Friend,mate,knows about my [obj],My mate knows about my account
Friend,mate,knows about my [obj],My mate knows about my page
Friend,mate,knows about my [obj],My mate knows about my profile
Friend,mate,knows about my [obj],My mate knows about my comment
Friend,mate,knows about my [obj],My mate knows about my comments
Friend,mate,knows my [obj],My mate knows my username
Friend,mate,knows my [obj],My mate knows my account
Friend,mate,knows my [obj],My mate knows my Reddit
Friend,mate,lurks [where],My mate lurks here
Friend,mate,lurks [where],My mate lurks on Reddit
Friend,mate,is a lurker,My mate is a lurker
Friend,mate,found the [obj],My mate found the thread
Friend,mate,found the [obj],My mate found the post
Friend,mate,found the [obj],My mate found the posts
Friend,mate,found the [obj],My mate found the comment
Friend,mate,found the [obj],My mate found the comments
Friend,mate,sent this [obj] to,Sent this thread to my mate
Friend,mate,sent this [obj] to,Sent this post to my mate
Friend,mate,came across [det] [obj],My mate came across the post
Friend,mate,came across [det] [obj],My mate came across the Reddit
Friend,mate,came across [det] [obj],My mate came across the account
Friend,mate,came across [det] [obj],My mate came across the comment
Friend,mate,came across [det] [obj],My mate came across the thread
Friend,mate,came across [det] [obj],My mate came across my post
Friend,mate,came across [det] [obj],My mate came across my Reddit
Friend,mate,came across [det] [obj],My mate came across my account
Friend,mate,came across [det] [obj],My mate came across my comment
Friend,mate,came across [det] [obj],My mate came across my thread
Friend,mate,came across [det] [obj],My mate came across this post
Friend,mate,came across [det] [obj],My mate came across this Reddit
Friend,mate,came across [det] [obj],My mate came across this account
Friend,mate,came across [det] [obj],My mate came across this comment
Friend,mate,came across [det] [obj],My mate came across this thread
Friend,mate,stumbled across [det] [obj],My mate stumbled across the post
Friend,mate,stumbled across [det] [obj],My mate stumbled across the Reddit
Friend,mate,stumbled across [det] [obj],My mate stumbled across the account
Friend,mate,stumbled across [det] [obj],My mate stumbled across the thread
Friend,mate,stumbled across [det] [obj],My mate stumbled across the comment
Friend,mate,stumbled across [det] [obj],My mate stumbled across my post
Friend,mate,stumbled across [det] [obj],My mate stumbled across my Reddit
Friend,mate,stumbled across [det] [obj],My mate stumbled across my account
Friend,mate,stumbled across [det] [obj],My mate stumbled across my thread
Friend,mate,stumbled across [det] [obj],My mate stumbled across my comment
Friend,mate,stumbled across [det] [obj],My mate stumbled across this post
Friend,mate,stumbled across [det] [obj],My mate stumbled across this Reddit
Friend,mate,stumbled across [det] [obj],My mate stumbled across this account
Friend,mate,stumbled across [det] [obj],My mate stumbled across this thread
Friend,mate,stumbled across [det] [obj],My mate stumbled across this comment
Friend,mate,found out I [obj],My mate found out I posted
Friend,mate,found out I [obj],My mate found out I made this
Friend,mate,traced my [obj],My mate traced my post
Friend,mate,traced my [obj],My mate traced my Reddit
Friend,mate,traced my [obj],My mate traced my account
Friend,mate,traced my [obj],My mate traced my comment
Friend,mate,traced my [obj],My mate traced my thread
Friend,mate,got shared with,My post got shared with my mate
Friend,mate,got shared with,My Reddit got shared with my mate
Friend,mate,got shared with,My account got shared with my mate
Friend,mate,got shared with,My comment got shared with my mate
Friend,mate,got shared with,My thread got shared with my mate
Community/Acquaintance,neighbor,got back to,My post got back to my neighbor
Community/Acquaintance,neighbor,found my [obj],My neighbor found my post
Community/Acquaintance,neighbor,found out about my [obj],My neighbor found out about my post
Community/Acquaintance,neighbor,found my [obj],My neighbor found my posts
Community/Acquaintance,neighbor,found out about my [obj],My neighbor found out about my posts
Community/Acquaintance,neighbor,found my [obj],My neighbor found my Reddit
Community/Acquaintance,neighbor,found out about my [obj],My neighbor found out about my Reddit
Community/Acquaintance,neighbor,found my [obj],My neighbor found my account
Community/Acquaintance,neighbor,found out about my [obj],My neighbor found out about my account
Community/Acquaintance,neighbor,found my [obj],My neighbor found my page
Community/Acquaintance,neighbor,found out about my [obj],My neighbor found out about my page
Community/Acquaintance,neighbor,found my [obj],My neighbor found my profile
Community/Acquaintance,neighbor,found out about my [obj],My neighbor found out about my profile
Community/Acquaintance,neighbor,found my [obj],My neighbor found my comment
Community/Acquaintance,neighbor,found out about my [obj],My neighbor found out about my comment
Community/Acquaintance,neighbor,found my [obj],My neighbor found my comments
Community/Acquaintance,neighbor,found out about my [obj],My neighbor found out about my comments
Community/Acquaintance,neighbor,saw my [obj],My neighbor saw my post
Community/Acquaintance,neighbor,saw my [obj],My neighbor saw my posts
Community/Acquaintance,neighbor,saw my [obj],My neighbor saw my Reddit
Community/Acquaintance,neighbor,saw my [obj],My neighbor saw my account
Community/Acquaintance,neighbor,saw my [obj],My neighbor saw my page
Community/Acquaintance,neighbor,saw my [obj],My neighbor saw my profile
Community/Acquaintance,neighbor,saw my [obj],My neighbor saw my comment
Community/Acquaintance,neighbor,saw my [obj],My neighbor saw my comments
Community/Acquaintance,neighbor,exposed my [obj],My neighbor exposed my post
Community/Acquaintance,neighbor,exposed my [obj],My neighbor exposed my posts
Community/Acquaintance,neighbor,exposed my [obj],My neighbor exposed my Reddit
Community/Acquaintance,neighbor,exposed my [obj],My neighbor exposed my account
Community/Acquaintance,neighbor,exposed my [obj],My neighbor exposed my page
Community/Acquaintance,neighbor,exposed my [obj],My neighbor exposed my profile
Community/Acquaintance,neighbor,exposed my [obj],My neighbor exposed my comment
Community/Acquaintance,neighbor,exposed my [obj],My neighbor exposed my comments
Community/Acquaintance,neighbor,knows about my [obj],My neighbor knows about my post
Community/Acquaintance,neighbor,knows about my [obj],My neighbor knows about my posts
Community/Acquaintance,neighbor,knows about my [obj],My neighbor knows about my Reddit
Community/Acquaintance,neighbor,knows about my [obj],My neighbor knows about my account
Community/Acquaintance,neighbor,knows about my [obj],My neighbor knows about my page
Community/Acquaintance,neighbor,knows about my [obj],My neighbor knows about my profile
Community/Acquaintance,neighbor,knows about my [obj],My neighbor knows about my comment
Community/Acquaintance,neighbor,knows about my [obj],My neighbor knows about my comments
Community/Acquaintance,neighbor,knows my [obj],My neighbor knows my username
Community/Acquaintance,neighbor,knows my [obj],My neighbor knows my account
Community/Acquaintance,neighbor,knows my [obj],My neighbor knows my Reddit
Community/Acquaintance,neighbor,lurks [where],My neighbor lurks here
Community/Acquaintance,neighbor,lurks [where],My neighbor lurks on Reddit
Community/Acquaintance,neighbor,is a lurker,My neighbor is a lurker
Community/Acquaintance,neighbor,found the [obj],My neighbor found the thread
Community/Acquaintance,neighbor,found the [obj],My neighbor found the post
Community/Acquaintance,neighbor,found the [obj],My neighbor found the posts
Community/Acquaintance,neighbor,found the [obj],My neighbor found the comment
Community/Acquaintance,neighbor,found the [obj],My neighbor found the comments
Community/Acquaintance,neighbor,sent this [obj] to,Sent this thread to my neighbor
Community/Acquaintance,neighbor,sent this [obj] to,Sent this post to my neighbor
Community/Acquaintance,neighbor,came across [det] [obj],My neighbor came across the post
Community/Acquaintance,neighbor,came across [det] [obj],My neighbor came across the Reddit
Community/Acquaintance,neighbor,came across [det] [obj],My neighbor came across the account
Community/Acquaintance,neighbor,came across [det] [obj],My neighbor came across the comment
Community/Acquaintance,neighbor,came across [det] [obj],My neighbor came across the thread
Community/Acquaintance,neighbor,came across [det] [obj],My neighbor came across my post
Community/Acquaintance,neighbor,came across [det] [obj],My neighbor came across my Reddit
Community/Acquaintance,neighbor,came across [det] [obj],My neighbor came across my account
Community/Acquaintance,neighbor,came across [det] [obj],My neighbor came across my comment
Community/Acquaintance,neighbor,came across [det] [obj],My neighbor came across my thread
Community/Acquaintance,neighbor,came across [det] [obj],My neighbor came across this post
Community/Acquaintance,neighbor,came across [det] [obj],My neighbor came across this Reddit
Community/Acquaintance,neighbor,came across [det] [obj],My neighbor came across this account
Community/Acquaintance,neighbor,came across [det] [obj],My neighbor came across this comment
Community/Acquaintance,neighbor,came across [det] [obj],My neighbor came across this thread
Community/Acquaintance,neighbor,stumbled across [det] [obj],My neighbor stumbled across the post
Community/Acquaintance,neighbor,stumbled across [det] [obj],My neighbor stumbled across the Reddit
Community/Acquaintance,neighbor,stumbled across [det] [obj],My neighbor stumbled across the account
Community/Acquaintance,neighbor,stumbled across [det] [obj],My neighbor stumbled across the thread
Community/Acquaintance,neighbor,stumbled across [det] [obj],My neighbor stumbled across the comment
Community/Acquaintance,neighbor,stumbled across [det] [obj],My neighbor stumbled across my post
Community/Acquaintance,neighbor,stumbled across [det] [obj],My neighbor stumbled across my Reddit
Community/Acquaintance,neighbor,stumbled across [det] [obj],My neighbor stumbled across my account
Community/Acquaintance,neighbor,stumbled across [det] [obj],My neighbor stumbled across my thread
Community/Acquaintance,neighbor,stumbled across [det] [obj],My neighbor stumbled across my comment
Community/Acquaintance,neighbor,stumbled across [det] [obj],My neighbor stumbled across this post
Community/Acquaintance,neighbor,stumbled across [det] [obj],My neighbor stumbled across this Reddit
Community/Acquaintance,neighbor,stumbled across [det] [obj],My neighbor stumbled across this account
Community/Acquaintance,neighbor,stumbled across [det] [obj],My neighbor stumbled across this thread
Community/Acquaintance,neighbor,stumbled across [det] [obj],My neighbor stumbled across this comment
Community/Acquaintance,neighbor,found out I [obj],My neighbor found out I posted
Community/Acquaintance,neighbor,found out I [obj],My neighbor found out I made this
Community/Acquaintance,neighbor,traced my [obj],My neighbor traced my post
Community/Acquaintance,neighbor,traced my [obj],My neighbor traced my Reddit
Community/Acquaintance,neighbor,traced my [obj],My neighbor traced my account
Community/Acquaintance,neighbor,traced my [obj],My neighbor traced my comment
Community/Acquaintance,neighbor,traced my [obj],My neighbor traced my thread
Community/Acquaintance,neighbor,got shared with,My post got shared with my neighbor
Community/Acquaintance,neighbor,got shared with,My Reddit got shared with my neighbor
Community/Acquaintance,neighbor,got shared with,My account got shared with my neighbor
Community/Acquaintance,neighbor,got shared with,My comment got shared with my neighbor
Community/Acquaintance,neighbor,got shared with,My thread got shared with my neighbor
Community/Acquaintance,HOA,got back to,My post got back to my HOA
Community/Acquaintance,HOA,found my [obj],My hoa found my post
Community/Acquaintance,HOA,found out about my [obj],My hoa found out about my post
Community/Acquaintance,HOA,found my [obj],My hoa found my posts
Community/Acquaintance,HOA,found out about my [obj],My hoa found out about my posts
Community/Acquaintance,HOA,found my [obj],My hoa found my Reddit
Community/Acquaintance,HOA,found out about my [obj],My hoa found out about my Reddit
Community/Acquaintance,HOA,found my [obj],My hoa found my account
Community/Acquaintance,HOA,found out about my [obj],My hoa found out about my account
Community/Acquaintance,HOA,found my [obj],My hoa found my page
Community/Acquaintance,HOA,found out about my [obj],My hoa found out about my page
Community/Acquaintance,HOA,found my [obj],My hoa found my profile
Community/Acquaintance,HOA,found out about my [obj],My hoa found out about my profile
Community/Acquaintance,HOA,found my [obj],My hoa found my comment
Community/Acquaintance,HOA,found out about my [obj],My hoa found out about my comment
Community/Acquaintance,HOA,found my [obj],My hoa found my comments
Community/Acquaintance,HOA,found out about my [obj],My hoa found out about my comments
Community/Acquaintance,HOA,saw my [obj],My hoa saw my post
Community/Acquaintance,HOA,saw my [obj],My hoa saw my posts
Community/Acquaintance,HOA,saw my [obj],My hoa saw my Reddit
Community/Acquaintance,HOA,saw my [obj],My hoa saw my account
Community/Acquaintance,HOA,saw my [obj],My hoa saw my page
Community/Acquaintance,HOA,saw my [obj],My hoa saw my profile
Community/Acquaintance,HOA,saw my [obj],My hoa saw my comment
Community/Acquaintance,HOA,saw my [obj],My hoa saw my comments
Community/Acquaintance,HOA,exposed my [obj],My hoa exposed my post
Community/Acquaintance,HOA,exposed my [obj],My hoa exposed my posts
Community/Acquaintance,HOA,exposed my [obj],My hoa exposed my Reddit
Community/Acquaintance,HOA,exposed my [obj],My hoa exposed my account
Community/Acquaintance,HOA,exposed my [obj],My hoa exposed my page
Community/Acquaintance,HOA,exposed my [obj],My hoa exposed my profile
Community/Acquaintance,HOA,exposed my [obj],My hoa exposed my comment
Community/Acquaintance,HOA,exposed my [obj],My hoa exposed my comments
Community/Acquaintance,HOA,knows about my [obj],My hoa knows about my post
Community/Acquaintance,HOA,knows about my [obj],My hoa knows about my posts
Community/Acquaintance,HOA,knows about my [obj],My hoa knows about my Reddit
Community/Acquaintance,HOA,knows about my [obj],My hoa knows about my account
Community/Acquaintance,HOA,knows about my [obj],My hoa knows about my page
Community/Acquaintance,HOA,knows about my [obj],My hoa knows about my profile
Community/Acquaintance,HOA,knows about my [obj],My hoa knows about my comment
Community/Acquaintance,HOA,knows about my [obj],My hoa knows about my comments
Community/Acquaintance,HOA,knows my [obj],My hoa knows my username
Community/Acquaintance,HOA,knows my [obj],My hoa knows my account
Community/Acquaintance,HOA,knows my [obj],My hoa knows my Reddit
Community/Acquaintance,HOA,lurks [where],My hoa lurks here
Community/Acquaintance,HOA,lurks [where],My hoa lurks on Reddit
Community/Acquaintance,HOA,is a lurker,My hoa is a lurker
Community/Acquaintance,HOA,found the [obj],My hoa found the thread
Community/Acquaintance,HOA,found the [obj],My hoa found the post
Community/Acquaintance,HOA,found the [obj],My hoa found the posts
Community/Acquaintance,HOA,found the [obj],My hoa found the comment
Community/Acquaintance,HOA,found the [obj],My hoa found the comments
Community/Acquaintance,HOA,sent this [obj] to,Sent this thread to my HOA
Community/Acquaintance,HOA,sent this [obj] to,Sent this post to my HOA
Community/Acquaintance,HOA,came across [det] [obj],My hoa came across the post
Community/Acquaintance,HOA,came across [det] [obj],My hoa came across the Reddit
Community/Acquaintance,HOA,came across [det] [obj],My hoa came across the account
Community/Acquaintance,HOA,came across [det] [obj],My hoa came across the comment
Community/Acquaintance,HOA,came across [det] [obj],My hoa came across the thread
Community/Acquaintance,HOA,came across [det] [obj],My hoa came across my post
Community/Acquaintance,HOA,came across [det] [obj],My hoa came across my Reddit
Community/Acquaintance,HOA,came across [det] [obj],My hoa came across my account
Community/Acquaintance,HOA,came across [det] [obj],My hoa came across my comment
Community/Acquaintance,HOA,came across [det] [obj],My hoa came across my thread
Community/Acquaintance,HOA,came across [det] [obj],My hoa came across this post
Community/Acquaintance,HOA,came across [det] [obj],My hoa came across this Reddit
Community/Acquaintance,HOA,came across [det] [obj],My hoa came across this account
Community/Acquaintance,HOA,came across [det] [obj],My hoa came across this comment
Community/Acquaintance,HOA,came across [det] [obj],My hoa came across this thread
Community/Acquaintance,HOA,stumbled across [det] [obj],My hoa stumbled across the post
Community/Acquaintance,HOA,stumbled across [det] [obj],My hoa stumbled across the Reddit
Community/Acquaintance,HOA,stumbled across [det] [obj],My hoa stumbled across the account
Community/Acquaintance,HOA,stumbled across [det] [obj],My hoa stumbled across the thread
Community/Acquaintance,HOA,stumbled across [det] [obj],My hoa stumbled across the comment
Community/Acquaintance,HOA,stumbled across [det] [obj],My hoa stumbled across my post
Community/Acquaintance,HOA,stumbled across [det] [obj],My hoa stumbled across my Reddit
Community/Acquaintance,HOA,stumbled across [det] [obj],My hoa stumbled across my account
Community/Acquaintance,HOA,stumbled across [det] [obj],My hoa stumbled across my thread
Community/Acquaintance,HOA,stumbled across [det] [obj],My hoa stumbled across my comment
Community/Acquaintance,HOA,stumbled across [det] [obj],My hoa stumbled across this post
Community/Acquaintance,HOA,stumbled across [det] [obj],My hoa stumbled across this Reddit
Community/Acquaintance,HOA,stumbled across [det] [obj],My hoa stumbled across this account
Community/Acquaintance,HOA,stumbled across [det] [obj],My hoa stumbled across this thread
Community/Acquaintance,HOA,stumbled across [det] [obj],My hoa stumbled across this comment
Community/Acquaintance,HOA,found out I [obj],My hoa found out I posted
Community/Acquaintance,HOA,found out I [obj],My hoa found out I made this
Community/Acquaintance,HOA,traced my [obj],My hoa traced my post
Community/Acquaintance,HOA,traced my [obj],My hoa traced my Reddit
Community/Acquaintance,HOA,traced my [obj],My hoa traced my account
Community/Acquaintance,HOA,traced my [obj],My hoa traced my comment
Community/Acquaintance,HOA,traced my [obj],My hoa traced my thread
Community/Acquaintance,HOA,got shared with,My post got shared with my HOA
Community/Acquaintance,HOA,got shared with,My Reddit got shared with my HOA
Community/Acquaintance,HOA,got shared with,My account got shared with my HOA
Community/Acquaintance,HOA,got shared with,My comment got shared with my HOA
Community/Acquaintance,HOA,got shared with,My thread got shared with my HOA
Community/Acquaintance,landlord,got back to,My post got back to my landlord
Community/Acquaintance,landlord,found my [obj],My landlord found my post
Community/Acquaintance,landlord,found out about my [obj],My landlord found out about my post
Community/Acquaintance,landlord,found my [obj],My landlord found my posts
Community/Acquaintance,landlord,found out about my [obj],My landlord found out about my posts
Community/Acquaintance,landlord,found my [obj],My landlord found my Reddit
Community/Acquaintance,landlord,found out about my [obj],My landlord found out about my Reddit
Community/Acquaintance,landlord,found my [obj],My landlord found my account
Community/Acquaintance,landlord,found out about my [obj],My landlord found out about my account
Community/Acquaintance,landlord,found my [obj],My landlord found my page
Community/Acquaintance,landlord,found out about my [obj],My landlord found out about my page
Community/Acquaintance,landlord,found my [obj],My landlord found my profile
Community/Acquaintance,landlord,found out about my [obj],My landlord found out about my profile
Community/Acquaintance,landlord,found my [obj],My landlord found my comment
Community/Acquaintance,landlord,found out about my [obj],My landlord found out about my comment
Community/Acquaintance,landlord,found my [obj],My landlord found my comments
Community/Acquaintance,landlord,found out about my [obj],My landlord found out about my comments
Community/Acquaintance,landlord,saw my [obj],My landlord saw my post
Community/Acquaintance,landlord,saw my [obj],My landlord saw my posts
Community/Acquaintance,landlord,saw my [obj],My landlord saw my Reddit
Community/Acquaintance,landlord,saw my [obj],My landlord saw my account
Community/Acquaintance,landlord,saw my [obj],My landlord saw my page
Community/Acquaintance,landlord,saw my [obj],My landlord saw my profile
Community/Acquaintance,landlord,saw my [obj],My landlord saw my comment
Community/Acquaintance,landlord,saw my [obj],My landlord saw my comments
Community/Acquaintance,landlord,exposed my [obj],My landlord exposed my post
Community/Acquaintance,landlord,exposed my [obj],My landlord exposed my posts
Community/Acquaintance,landlord,exposed my [obj],My landlord exposed my Reddit
Community/Acquaintance,landlord,exposed my [obj],My landlord exposed my account
Community/Acquaintance,landlord,exposed my [obj],My landlord exposed my page
Community/Acquaintance,landlord,exposed my [obj],My landlord exposed my profile
Community/Acquaintance,landlord,exposed my [obj],My landlord exposed my comment
Community/Acquaintance,landlord,exposed my [obj],My landlord exposed my comments
Community/Acquaintance,landlord,knows about my [obj],My landlord knows about my post
Community/Acquaintance,landlord,knows about my [obj],My landlord knows about my posts
Community/Acquaintance,landlord,knows about my [obj],My landlord knows about my Reddit
Community/Acquaintance,landlord,knows about my [obj],My landlord knows about my account
Community/Acquaintance,landlord,knows about my [obj],My landlord knows about my page
Community/Acquaintance,landlord,knows about my [obj],My landlord knows about my profile
Community/Acquaintance,landlord,knows about my [obj],My landlord knows about my comment
Community/Acquaintance,landlord,knows about my [obj],My landlord knows about my comments
Community/Acquaintance,landlord,knows my [obj],My landlord knows my username
Community/Acquaintance,landlord,knows my [obj],My landlord knows my account
Community/Acquaintance,landlord,knows my [obj],My landlord knows my Reddit
Community/Acquaintance,landlord,lurks [where],My landlord lurks here
Community/Acquaintance,landlord,lurks [where],My landlord lurks on Reddit
Community/Acquaintance,landlord,is a lurker,My landlord is a lurker
Community/Acquaintance,landlord,found the [obj],My landlord found the thread
Community/Acquaintance,landlord,found the [obj],My landlord found the post
Community/Acquaintance,landlord,found the [obj],My landlord found the posts
Community/Acquaintance,landlord,found the [obj],My landlord found the comment
Community/Acquaintance,landlord,found the [obj],My landlord found the comments
Community/Acquaintance,landlord,sent this [obj] to,Sent this thread to my landlord
Community/Acquaintance,landlord,sent this [obj] to,Sent this post to my landlord
Community/Acquaintance,landlord,came across [det] [obj],My landlord came across the post
Community/Acquaintance,landlord,came across [det] [obj],My landlord came across the Reddit
Community/Acquaintance,landlord,came across [det] [obj],My landlord came across the account
Community/Acquaintance,landlord,came across [det] [obj],My landlord came across the comment
Community/Acquaintance,landlord,came across [det] [obj],My landlord came across the thread
Community/Acquaintance,landlord,came across [det] [obj],My landlord came across my post
Community/Acquaintance,landlord,came across [det] [obj],My landlord came across my Reddit
Community/Acquaintance,landlord,came across [det] [obj],My landlord came across my account
Community/Acquaintance,landlord,came across [det] [obj],My landlord came across my comment
Community/Acquaintance,landlord,came across [det] [obj],My landlord came across my thread
Community/Acquaintance,landlord,came across [det] [obj],My landlord came across this post
Community/Acquaintance,landlord,came across [det] [obj],My landlord came across this Reddit
Community/Acquaintance,landlord,came across [det] [obj],My landlord came across this account
Community/Acquaintance,landlord,came across [det] [obj],My landlord came across this comment
Community/Acquaintance,landlord,came across [det] [obj],My landlord came across this thread
Community/Acquaintance,landlord,stumbled across [det] [obj],My landlord stumbled across the post
Community/Acquaintance,landlord,stumbled across [det] [obj],My landlord stumbled across the Reddit
Community/Acquaintance,landlord,stumbled across [det] [obj],My landlord stumbled across the account
Community/Acquaintance,landlord,stumbled across [det] [obj],My landlord stumbled across the thread
Community/Acquaintance,landlord,stumbled across [det] [obj],My landlord stumbled across the comment
Community/Acquaintance,landlord,stumbled across [det] [obj],My landlord stumbled across my post
Community/Acquaintance,landlord,stumbled across [det] [obj],My landlord stumbled across my Reddit
Community/Acquaintance,landlord,stumbled across [det] [obj],My landlord stumbled across my account
Community/Acquaintance,landlord,stumbled across [det] [obj],My landlord stumbled across my thread
Community/Acquaintance,landlord,stumbled across [det] [obj],My landlord stumbled across my comment
Community/Acquaintance,landlord,stumbled across [det] [obj],My landlord stumbled across this post
Community/Acquaintance,landlord,stumbled across [det] [obj],My landlord stumbled across this Reddit
Community/Acquaintance,landlord,stumbled across [det] [obj],My landlord stumbled across this account
Community/Acquaintance,landlord,stumbled across [det] [obj],My landlord stumbled across this thread
Community/Acquaintance,landlord,stumbled across [det] [obj],My landlord stumbled across this comment
Community/Acquaintance,landlord,found out I [obj],My landlord found out I posted
Community/Acquaintance,landlord,found out I [obj],My landlord found out I made this
Community/Acquaintance,landlord,traced my [obj],My landlord traced my post
Community/Acquaintance,landlord,traced my [obj],My landlord traced my Reddit
Community/Acquaintance,landlord,traced my [obj],My landlord traced my account
Community/Acquaintance,landlord,traced my [obj],My landlord traced my comment
Community/Acquaintance,landlord,traced my [obj],My landlord traced my thread
Community/Acquaintance,landlord,got shared with,My post got shared with my landlord
Community/Acquaintance,landlord,got shared with,My Reddit got shared with my landlord
Community/Acquaintance,landlord,got shared with,My account got shared with my landlord
Community/Acquaintance,landlord,got shared with,My comment got shared with my landlord
Community/Acquaintance,landlord,got shared with,My thread got shared with my landlord
Community/Acquaintance,property manager,got back to,My post got back to my property manager
Community/Acquaintance,property manager,found my [obj],My property manager found my post
Community/Acquaintance,property manager,found out about my [obj],My property manager found out about my post
Community/Acquaintance,property manager,found my [obj],My property manager found my posts
Community/Acquaintance,property manager,found out about my [obj],My property manager found out about my posts
Community/Acquaintance,property manager,found my [obj],My property manager found my Reddit
Community/Acquaintance,property manager,found out about my [obj],My property manager found out about my Reddit
Community/Acquaintance,property manager,found my [obj],My property manager found my account
Community/Acquaintance,property manager,found out about my [obj],My property manager found out about my account
Community/Acquaintance,property manager,found my [obj],My property manager found my page
Community/Acquaintance,property manager,found out about my [obj],My property manager found out about my page
Community/Acquaintance,property manager,found my [obj],My property manager found my profile
Community/Acquaintance,property manager,found out about my [obj],My property manager found out about my profile
Community/Acquaintance,property manager,found my [obj],My property manager found my comment
Community/Acquaintance,property manager,found out about my [obj],My property manager found out about my comment
Community/Acquaintance,property manager,found my [obj],My property manager found my comments
Community/Acquaintance,property manager,found out about my [obj],My property manager found out about my comments
Community/Acquaintance,property manager,saw my [obj],My property manager saw my post
Community/Acquaintance,property manager,saw my [obj],My property manager saw my posts
Community/Acquaintance,property manager,saw my [obj],My property manager saw my Reddit
Community/Acquaintance,property manager,saw my [obj],My property manager saw my account
Community/Acquaintance,property manager,saw my [obj],My property manager saw my page
Community/Acquaintance,property manager,saw my [obj],My property manager saw my profile
Community/Acquaintance,property manager,saw my [obj],My property manager saw my comment
Community/Acquaintance,property manager,saw my [obj],My property manager saw my comments
Community/Acquaintance,property manager,exposed my [obj],My property manager exposed my post
Community/Acquaintance,property manager,exposed my [obj],My property manager exposed my posts
Community/Acquaintance,property manager,exposed my [obj],My property manager exposed my Reddit
Community/Acquaintance,property manager,exposed my [obj],My property manager exposed my account
Community/Acquaintance,property manager,exposed my [obj],My property manager exposed my page
Community/Acquaintance,property manager,exposed my [obj],My property manager exposed my profile
Community/Acquaintance,property manager,exposed my [obj],My property manager exposed my comment
Community/Acquaintance,property manager,exposed my [obj],My property manager exposed my comments
Community/Acquaintance,property manager,knows about my [obj],My property manager knows about my post
Community/Acquaintance,property manager,knows about my [obj],My property manager knows about my posts
Community/Acquaintance,property manager,knows about my [obj],My property manager knows about my Reddit
Community/Acquaintance,property manager,knows about my [obj],My property manager knows about my account
Community/Acquaintance,property manager,knows about my [obj],My property manager knows about my page
Community/Acquaintance,property manager,knows about my [obj],My property manager knows about my profile
Community/Acquaintance,property manager,knows about my [obj],My property manager knows about my comment
Community/Acquaintance,property manager,knows about my [obj],My property manager knows about my comments
Community/Acquaintance,property manager,knows my [obj],My property manager knows my username
Community/Acquaintance,property manager,knows my [obj],My property manager knows my account
Community/Acquaintance,property manager,knows my [obj],My property manager knows my Reddit
Community/Acquaintance,property manager,lurks [where],My property manager lurks here
Community/Acquaintance,property manager,lurks [where],My property manager lurks on Reddit
Community/Acquaintance,property manager,is a lurker,My property manager is a lurker
Community/Acquaintance,property manager,found the [obj],My property manager found the thread
Community/Acquaintance,property manager,found the [obj],My property manager found the post
Community/Acquaintance,property manager,found the [obj],My property manager found the posts
Community/Acquaintance,property manager,found the [obj],My property manager found the comment
Community/Acquaintance,property manager,found the [obj],My property manager found the comments
Community/Acquaintance,property manager,sent this [obj] to,Sent this thread to my property manager
Community/Acquaintance,property manager,sent this [obj] to,Sent this post to my property manager
Community/Acquaintance,property manager,came across [det] [obj],My property manager came across the post
Community/Acquaintance,property manager,came across [det] [obj],My property manager came across the Reddit
Community/Acquaintance,property manager,came across [det] [obj],My property manager came across the account
Community/Acquaintance,property manager,came across [det] [obj],My property manager came across the comment
Community/Acquaintance,property manager,came across [det] [obj],My property manager came across the thread
Community/Acquaintance,property manager,came across [det] [obj],My property manager came across my post
Community/Acquaintance,property manager,came across [det] [obj],My property manager came across my Reddit
Community/Acquaintance,property manager,came across [det] [obj],My property manager came across my account
Community/Acquaintance,property manager,came across [det] [obj],My property manager came across my comment
Community/Acquaintance,property manager,came across [det] [obj],My property manager came across my thread
Community/Acquaintance,property manager,came across [det] [obj],My property manager came across this post
Community/Acquaintance,property manager,came across [det] [obj],My property manager came across this Reddit
Community/Acquaintance,property manager,came across [det] [obj],My property manager came across this account
Community/Acquaintance,property manager,came across [det] [obj],My property manager came across this comment
Community/Acquaintance,property manager,came across [det] [obj],My property manager came across this thread
Community/Acquaintance,property manager,stumbled across [det] [obj],My property manager stumbled across the post
Community/Acquaintance,property manager,stumbled across [det] [obj],My property manager stumbled across the Reddit
Community/Acquaintance,property manager,stumbled across [det] [obj],My property manager stumbled across the account
Community/Acquaintance,property manager,stumbled across [det] [obj],My property manager stumbled across the thread
Community/Acquaintance,property manager,stumbled across [det] [obj],My property manager stumbled across the comment
Community/Acquaintance,property manager,stumbled across [det] [obj],My property manager stumbled across my post
Community/Acquaintance,property manager,stumbled across [det] [obj],My property manager stumbled across my Reddit
Community/Acquaintance,property manager,stumbled across [det] [obj],My property manager stumbled across my account
Community/Acquaintance,property manager,stumbled across [det] [obj],My property manager stumbled across my thread
Community/Acquaintance,property manager,stumbled across [det] [obj],My property manager stumbled across my comment
Community/Acquaintance,property manager,stumbled across [det] [obj],My property manager stumbled across this post
Community/Acquaintance,property manager,stumbled across [det] [obj],My property manager stumbled across this Reddit
Community/Acquaintance,property manager,stumbled across [det] [obj],My property manager stumbled across this account
Community/Acquaintance,property manager,stumbled across [det] [obj],My property manager stumbled across this thread
Community/Acquaintance,property manager,stumbled across [det] [obj],My property manager stumbled across this comment
Community/Acquaintance,property manager,found out I [obj],My property manager found out I posted
Community/Acquaintance,property manager,found out I [obj],My property manager found out I made this
Community/Acquaintance,property manager,traced my [obj],My property manager traced my post
Community/Acquaintance,property manager,traced my [obj],My property manager traced my Reddit
Community/Acquaintance,property manager,traced my [obj],My property manager traced my account
Community/Acquaintance,property manager,traced my [obj],My property manager traced my comment
Community/Acquaintance,property manager,traced my [obj],My property manager traced my thread
Community/Acquaintance,property manager,got shared with,My post got shared with my property manager
Community/Acquaintance,property manager,got shared with,My Reddit got shared with my property manager
Community/Acquaintance,property manager,got shared with,My account got shared with my property manager
Community/Acquaintance,property manager,got shared with,My comment got shared with my property manager
Community/Acquaintance,property manager,got shared with,My thread got shared with my property manager
Community/Acquaintance,league,got back to,My post got back to my league
Community/Acquaintance,league,found my [obj],My league found my post
Community/Acquaintance,league,found out about my [obj],My league found out about my post
Community/Acquaintance,league,found my [obj],My league found my posts
Community/Acquaintance,league,found out about my [obj],My league found out about my posts
Community/Acquaintance,league,found my [obj],My league found my Reddit
Community/Acquaintance,league,found out about my [obj],My league found out about my Reddit
Community/Acquaintance,league,found my [obj],My league found my account
Community/Acquaintance,league,found out about my [obj],My league found out about my account
Community/Acquaintance,league,found my [obj],My league found my page
Community/Acquaintance,league,found out about my [obj],My league found out about my page
Community/Acquaintance,league,found my [obj],My league found my profile
Community/Acquaintance,league,found out about my [obj],My league found out about my profile
Community/Acquaintance,league,found my [obj],My league found my comment
Community/Acquaintance,league,found out about my [obj],My league found out about my comment
Community/Acquaintance,league,found my [obj],My league found my comments
Community/Acquaintance,league,found out about my [obj],My league found out about my comments
Community/Acquaintance,league,saw my [obj],My league saw my post
Community/Acquaintance,league,saw my [obj],My league saw my posts
Community/Acquaintance,league,saw my [obj],My league saw my Reddit
Community/Acquaintance,league,saw my [obj],My league saw my account
Community/Acquaintance,league,saw my [obj],My league saw my page
Community/Acquaintance,league,saw my [obj],My league saw my profile
Community/Acquaintance,league,saw my [obj],My league saw my comment
Community/Acquaintance,league,saw my [obj],My league saw my comments
Community/Acquaintance,league,exposed my [obj],My league exposed my post
Community/Acquaintance,league,exposed my [obj],My league exposed my posts
Community/Acquaintance,league,exposed my [obj],My league exposed my Reddit
Community/Acquaintance,league,exposed my [obj],My league exposed my account
Community/Acquaintance,league,exposed my [obj],My league exposed my page
Community/Acquaintance,league,exposed my [obj],My league exposed my profile
Community/Acquaintance,league,exposed my [obj],My league exposed my comment
Community/Acquaintance,league,exposed my [obj],My league exposed my comments
Community/Acquaintance,league,knows about my [obj],My league knows about my post
Community/Acquaintance,league,knows about my [obj],My league knows about my posts
Community/Acquaintance,league,knows about my [obj],My league knows about my Reddit
Community/Acquaintance,league,knows about my [obj],My league knows about my account
Community/Acquaintance,league,knows about my [obj],My league knows about my page
Community/Acquaintance,league,knows about my [obj],My league knows about my profile
Community/Acquaintance,league,knows about my [obj],My league knows about my comment
Community/Acquaintance,league,knows about my [obj],My league knows about my comments
Community/Acquaintance,league,knows my [obj],My league knows my username
Community/Acquaintance,league,knows my [obj],My league knows my account
Community/Acquaintance,league,knows my [obj],My league knows my Reddit
Community/Acquaintance,league,lurks [where],My league lurks here
Community/Acquaintance,league,lurks [where],My league lurks on Reddit
Community/Acquaintance,league,is a lurker,My league is a lurker
Community/Acquaintance,league,found the [obj],My league found the thread
Community/Acquaintance,league,found the [obj],My league found the post
Community/Acquaintance,league,found the [obj],My league found the posts
Community/Acquaintance,league,found the [obj],My league found the comment
Community/Acquaintance,league,found the [obj],My league found the comments
Community/Acquaintance,league,sent this [obj] to,Sent this thread to my league
Community/Acquaintance,league,sent this [obj] to,Sent this post to my league
Community/Acquaintance,league,came across [det] [obj],My league came across the post
Community/Acquaintance,league,came across [det] [obj],My league came across the Reddit
Community/Acquaintance,league,came across [det] [obj],My league came across the account
Community/Acquaintance,league,came across [det] [obj],My league came across the comment
Community/Acquaintance,league,came across [det] [obj],My league came across the thread
Community/Acquaintance,league,came across [det] [obj],My league came across my post
Community/Acquaintance,league,came across [det] [obj],My league came across my Reddit
Community/Acquaintance,league,came across [det] [obj],My league came across my account
Community/Acquaintance,league,came across [det] [obj],My league came across my comment
Community/Acquaintance,league,came across [det] [obj],My league came across my thread
Community/Acquaintance,league,came across [det] [obj],My league came across this post
Community/Acquaintance,league,came across [det] [obj],My league came across this Reddit
Community/Acquaintance,league,came across [det] [obj],My league came across this account
Community/Acquaintance,league,came across [det] [obj],My league came across this comment
Community/Acquaintance,league,came across [det] [obj],My league came across this thread
Community/Acquaintance,league,stumbled across [det] [obj],My league stumbled across the post
Community/Acquaintance,league,stumbled across [det] [obj],My league stumbled across the Reddit
Community/Acquaintance,league,stumbled across [det] [obj],My league stumbled across the account
Community/Acquaintance,league,stumbled across [det] [obj],My league stumbled across the thread
Community/Acquaintance,league,stumbled across [det] [obj],My league stumbled across the comment
Community/Acquaintance,league,stumbled across [det] [obj],My league stumbled across my post
Community/Acquaintance,league,stumbled across [det] [obj],My league stumbled across my Reddit
Community/Acquaintance,league,stumbled across [det] [obj],My league stumbled across my account
Community/Acquaintance,league,stumbled across [det] [obj],My league stumbled across my thread
Community/Acquaintance,league,stumbled across [det] [obj],My league stumbled across my comment
Community/Acquaintance,league,stumbled across [det] [obj],My league stumbled across this post
Community/Acquaintance,league,stumbled across [det] [obj],My league stumbled across this Reddit
Community/Acquaintance,league,stumbled across [det] [obj],My league stumbled across this account
Community/Acquaintance,league,stumbled across [det] [obj],My league stumbled across this thread
Community/Acquaintance,league,stumbled across [det] [obj],My league stumbled across this comment
Community/Acquaintance,league,found out I [obj],My league found out I posted
Community/Acquaintance,league,found out I [obj],My league found out I made this
Community/Acquaintance,league,traced my [obj],My league traced my post
Community/Acquaintance,league,traced my [obj],My league traced my Reddit
Community/Acquaintance,league,traced my [obj],My league traced my account
Community/Acquaintance,league,traced my [obj],My league traced my comment
Community/Acquaintance,league,traced my [obj],My league traced my thread
Community/Acquaintance,league,got shared with,My post got shared with my league
Community/Acquaintance,league,got shared with,My Reddit got shared with my league
Community/Acquaintance,league,got shared with,My account got shared with my league
Community/Acquaintance,league,got shared with,My comment got shared with my league
Community/Acquaintance,league,got shared with,My thread got shared with my league
Community/Acquaintance,club,got back to,My post got back to my club
Community/Acquaintance,club,found my [obj],My club found my post
Community/Acquaintance,club,found out about my [obj],My club found out about my post
Community/Acquaintance,club,found my [obj],My club found my posts
Community/Acquaintance,club,found out about my [obj],My club found out about my posts
Community/Acquaintance,club,found my [obj],My club found my Reddit
Community/Acquaintance,club,found out about my [obj],My club found out about my Reddit
Community/Acquaintance,club,found my [obj],My club found my account
Community/Acquaintance,club,found out about my [obj],My club found out about my account
Community/Acquaintance,club,found my [obj],My club found my page
Community/Acquaintance,club,found out about my [obj],My club found out about my page
Community/Acquaintance,club,found my [obj],My club found my profile
Community/Acquaintance,club,found out about my [obj],My club found out about my profile
Community/Acquaintance,club,found my [obj],My club found my comment
Community/Acquaintance,club,found out about my [obj],My club found out about my comment
Community/Acquaintance,club,found my [obj],My club found my comments
Community/Acquaintance,club,found out about my [obj],My club found out about my comments
Community/Acquaintance,club,saw my [obj],My club saw my post
Community/Acquaintance,club,saw my [obj],My club saw my posts
Community/Acquaintance,club,saw my [obj],My club saw my Reddit
Community/Acquaintance,club,saw my [obj],My club saw my account
Community/Acquaintance,club,saw my [obj],My club saw my page
Community/Acquaintance,club,saw my [obj],My club saw my profile
Community/Acquaintance,club,saw my [obj],My club saw my comment
Community/Acquaintance,club,saw my [obj],My club saw my comments
Community/Acquaintance,club,exposed my [obj],My club exposed my post
Community/Acquaintance,club,exposed my [obj],My club exposed my posts
Community/Acquaintance,club,exposed my [obj],My club exposed my Reddit
Community/Acquaintance,club,exposed my [obj],My club exposed my account
Community/Acquaintance,club,exposed my [obj],My club exposed my page
Community/Acquaintance,club,exposed my [obj],My club exposed my profile
Community/Acquaintance,club,exposed my [obj],My club exposed my comment
Community/Acquaintance,club,exposed my [obj],My club exposed my comments
Community/Acquaintance,club,knows about my [obj],My club knows about my post
Community/Acquaintance,club,knows about my [obj],My club knows about my posts
Community/Acquaintance,club,knows about my [obj],My club knows about my Reddit
Community/Acquaintance,club,knows about my [obj],My club knows about my account
Community/Acquaintance,club,knows about my [obj],My club knows about my page
Community/Acquaintance,club,knows about my [obj],My club knows about my profile
Community/Acquaintance,club,knows about my [obj],My club knows about my comment
Community/Acquaintance,club,knows about my [obj],My club knows about my comments
Community/Acquaintance,club,knows my [obj],My club knows my username
Community/Acquaintance,club,knows my [obj],My club knows my account
Community/Acquaintance,club,knows my [obj],My club knows my Reddit
Community/Acquaintance,club,lurks [where],My club lurks here
Community/Acquaintance,club,lurks [where],My club lurks on Reddit
Community/Acquaintance,club,is a lurker,My club is a lurker
Community/Acquaintance,club,found the [obj],My club found the thread
Community/Acquaintance,club,found the [obj],My club found the post
Community/Acquaintance,club,found the [obj],My club found the posts
Community/Acquaintance,club,found the [obj],My club found the comment
Community/Acquaintance,club,found the [obj],My club found the comments
Community/Acquaintance,club,sent this [obj] to,Sent this thread to my club
Community/Acquaintance,club,sent this [obj] to,Sent this post to my club
Community/Acquaintance,club,came across [det] [obj],My club came across the post
Community/Acquaintance,club,came across [det] [obj],My club came across the Reddit
Community/Acquaintance,club,came across [det] [obj],My club came across the account
Community/Acquaintance,club,came across [det] [obj],My club came across the comment
Community/Acquaintance,club,came across [det] [obj],My club came across the thread
Community/Acquaintance,club,came across [det] [obj],My club came across my post
Community/Acquaintance,club,came across [det] [obj],My club came across my Reddit
Community/Acquaintance,club,came across [det] [obj],My club came across my account
Community/Acquaintance,club,came across [det] [obj],My club came across my comment
Community/Acquaintance,club,came across [det] [obj],My club came across my thread
Community/Acquaintance,club,came across [det] [obj],My club came across this post
Community/Acquaintance,club,came across [det] [obj],My club came across this Reddit
Community/Acquaintance,club,came across [det] [obj],My club came across this account
Community/Acquaintance,club,came across [det] [obj],My club came across this comment
Community/Acquaintance,club,came across [det] [obj],My club came across this thread
Community/Acquaintance,club,stumbled across [det] [obj],My club stumbled across the post
Community/Acquaintance,club,stumbled across [det] [obj],My club stumbled across the Reddit
Community/Acquaintance,club,stumbled across [det] [obj],My club stumbled across the account
Community/Acquaintance,club,stumbled across [det] [obj],My club stumbled across the thread
Community/Acquaintance,club,stumbled across [det] [obj],My club stumbled across the comment
Community/Acquaintance,club,stumbled across [det] [obj],My club stumbled across my post
Community/Acquaintance,club,stumbled across [det] [obj],My club stumbled across my Reddit
Community/Acquaintance,club,stumbled across [det] [obj],My club stumbled across my account
Community/Acquaintance,club,stumbled across [det] [obj],My club stumbled across my thread
Community/Acquaintance,club,stumbled across [det] [obj],My club stumbled across my comment
Community/Acquaintance,club,stumbled across [det] [obj],My club stumbled across this post
Community/Acquaintance,club,stumbled across [det] [obj],My club stumbled across this Reddit
Community/Acquaintance,club,stumbled across [det] [obj],My club stumbled across this account
Community/Acquaintance,club,stumbled across [det] [obj],My club stumbled across this thread
Community/Acquaintance,club,stumbled across [det] [obj],My club stumbled across this comment
Community/Acquaintance,club,found out I [obj],My club found out I posted
Community/Acquaintance,club,found out I [obj],My club found out I made this
Community/Acquaintance,club,traced my [obj],My club traced my post
Community/Acquaintance,club,traced my [obj],My club traced my Reddit
Community/Acquaintance,club,traced my [obj],My club traced my account
Community/Acquaintance,club,traced my [obj],My club traced my comment
Community/Acquaintance,club,traced my [obj],My club traced my thread
Community/Acquaintance,club,got shared with,My post got shared with my club
Community/Acquaintance,club,got shared with,My Reddit got shared with my club
Community/Acquaintance,club,got shared with,My account got shared with my club
Community/Acquaintance,club,got shared with,My comment got shared with my club
Community/Acquaintance,club,got shared with,My thread got shared with my club
