Category,Target Term,Template,Search Phrase
Work-based,colleague,got back to,My post got back to my colleague
Work-based,colleague,found my [obj],My colleague found my post
Work-based,colleague,found out about my [obj],My colleague found out about my post
Work-based,colleague,found my [obj],My colleague found my posts
Work-based,colleague,found out about my [obj],My colleague found out about my posts
Work-based,colleague,found my [obj],My colleague found my Reddit
Work-based,colleague,found out about my [obj],My colleague found out about my Reddit
Work-based,colleague,found my [obj],My colleague found my account
Work-based,colleague,found out about my [obj],My colleague found out about my account
Work-based,colleague,found my [obj],My colleague found my page
Work-based,colleague,found out about my [obj],My colleague found out about my page
Work-based,colleague,found my [obj],My colleague found my profile
Work-based,colleague,found out about my [obj],My colleague found out about my profile
Work-based,colleague,found my [obj],My colleague found my comment
Work-based,colleague,found out about my [obj],My colleague found out about my comment
Work-based,colleague,found my [obj],My colleague found my comments
Work-based,colleague,found out about my [obj],My colleague found out about my comments
Work-based,colleague,saw my [obj],My colleague saw my post
Work-based,colleague,saw my [obj],My colleague saw my posts
Work-based,colleague,saw my [obj],My colleague saw my Reddit
Work-based,colleague,saw my [obj],My colleague saw my account
Work-based,colleague,saw my [obj],My colleague saw my page
Work-based,colleague,saw my [obj],My colleague saw my profile
Work-based,colleague,saw my [obj],My colleague saw my comment
Work-based,colleague,saw my [obj],My colleague saw my comments
Work-based,colleague,exposed my [obj],My colleague exposed my post
Work-based,colleague,exposed my [obj],My colleague exposed my posts
Work-based,colleague,exposed my [obj],My colleague exposed my Reddit
Work-based,colleague,exposed my [obj],My colleague exposed my account
Work-based,colleague,exposed my [obj],My colleague exposed my page
Work-based,colleague,exposed my [obj],My colleague exposed my profile
Work-based,colleague,exposed my [obj],My colleague exposed my comment
Work-based,colleague,exposed my [obj],My colleague exposed my comments
Work-based,colleague,knows about my [obj],My colleague knows about my post
Work-based,colleague,knows about my [obj],My colleague knows about my posts
Work-based,colleague,knows about my [obj],My colleague knows about my Reddit
Work-based,colleague,knows about my [obj],My colleague knows about my account
Work-based,colleague,knows about my [obj],My colleague knows about my page
Work-based,colleague,knows about my [obj],My colleague knows about my profile
Work-based,colleague,knows about my [obj],My colleague knows about my comment
Work-based,colleague,knows about my [obj],My colleague knows about my comments
Work-based,colleague,knows my [obj],My colleague knows my username
Work-based,colleague,knows my [obj],My colleague knows my account
Work-based,colleague,knows my [obj],My colleague knows my Reddit
Work-based,colleague,lurks [where],My colleague lurks here
Work-based,colleague,lurks [where],My colleague lurks on Reddit
Work-based,colleague,is a lurker,My colleague is a lurker
Work-based,colleague,found the [obj],My colleague found the thread
Work-based,colleague,found the [obj],My colleague found the post
Work-based,colleague,found the [obj],My colleague found the posts
Work-based,colleague,found the [obj],My colleague found the comment
Work-based,colleague,found the [obj],My colleague found the comments
Work-based,colleague,sent this [obj] to,Sent this thread to my colleague
Work-based,colleague,sent this [obj] to,Sent this post to my colleague
Work-based,colleague,came across [det] [obj],My colleague came across the post
Work-based,colleague,came across [det] [obj],My colleague came across the Reddit
Work-based,colleague,came across [det] [obj],My colleague came across the account
Work-based,colleague,came across [det] [obj],My colleague came across the comment
Work-based,colleague,came across [det] [obj],My colleague came across the thread
Work-based,colleague,came across [det] [obj],My colleague came across my post
Work-based,colleague,came across [det] [obj],My colleague came across my Reddit
Work-based,colleague,came across [det] [obj],My colleague came across my account
Work-based,colleague,came across [det] [obj],My colleague came across my comment
Work-based,colleague,came across [det] [obj],My colleague came across my thread
Work-based,colleague,came across [det] [obj],My colleague came across this post
Work-based,colleague,came across [det] [obj],My colleague came across this Reddit
Work-based,colleague,came across [det] [obj],My colleague came across this account
Work-based,colleague,came across [det] [obj],My colleague came across this comment
Work-based,colleague,came across [det] [obj],My colleague came across this thread
Work-based,colleague,stumbled across [det] [obj],My colleague stumbled across the post
Work-based,colleague,stumbled across [det] [obj],My colleague stumbled across the Reddit
Work-based,colleague,stumbled across [det] [obj],My colleague stumbled across the account
Work-based,colleague,stumbled across [det] [obj],My colleague stumbled across the thread
Work-based,colleague,stumbled across [det] [obj],My colleague stumbled across the comment
Work-based,colleague,stumbled across [det] [obj],My colleague stumbled across my post
Work-based,colleague,stumbled across [det] [obj],My colleague stumbled across my Reddit
Work-based,colleague,stumbled across [det] [obj],My colleague stumbled across my account
Work-based,colleague,stumbled across [det] [obj],My colleague stumbled across my thread
Work-based,colleague,stumbled across [det] [obj],My colleague stumbled across my comment
Work-based,colleague,stumbled across [det] [obj],My colleague stumbled across this post
Work-based,colleague,stumbled across [det] [obj],My colleague stumbled across this Reddit
Work-based,colleague,stumbled across [det] [obj],My colleague stumbled across this account
Work-based,colleague,stumbled across [det] [obj],My colleague stumbled across this thread
Work-based,colleague,stumbled across [det] [obj],My colleague stumbled across this comment
Work-based,colleague,found out I [obj],My colleague found out I posted
Work-based,colleague,found out I [obj],My colleague found out I made this
Work-based,colleague,traced my [obj],My colleague traced my post
Work-based,colleague,traced my [obj],My colleague traced my Reddit
Work-based,colleague,traced my [obj],My colleague traced my account
Work-based,colleague,traced my [obj],My colleague traced my comment
Work-based,colleague,traced my [obj],My colleague traced my thread
Work-based,colleague,got shared with,My post got shared with my colleague
Work-based,colleague,got shared with,My Reddit got shared with my colleague
Work-based,colleague,got shared with,My account got shared with my colleague
Work-based,colleague,got shared with,My comment got shared with my colleague
Work-based,colleague,got shared with,My thread got shared with my colleague
Work-based,coworker,got back to,My post got back to my coworker
Work-based,coworker,found my [obj],My coworker found my post
Work-based,coworker,found out about my [obj],My coworker found out about my post
Work-based,coworker,found my [obj],My coworker found my posts
Work-based,coworker,found out about my [obj],My coworker found out about my posts
Work-based,coworker,found my [obj],My coworker found my Reddit
Work-based,coworker,found out about my [obj],My coworker found out about my Reddit
Work-based,coworker,found my [obj],My coworker found my account
Work-based,coworker,found out about my [obj],My coworker found out about my account
Work-based,coworker,found my [obj],My coworker found my page
Work-based,coworker,found out about my [obj],My coworker found out about my page
Work-based,coworker,found my [obj],My coworker found my profile
Work-based,coworker,found out about my [obj],My coworker found out about my profile
Work-based,coworker,found my [obj],My coworker found my comment
Work-based,coworker,found out about my [obj],My coworker found out about my comment
Work-based,coworker,found my [obj],My coworker found my comments
Work-based,coworker,found out about my [obj],My coworker found out about my comments
Work-based,coworker,saw my [obj],My coworker saw my post
Work-based,coworker,saw my [obj],My coworker saw my posts
Work-based,coworker,saw my [obj],My coworker saw my Reddit
Work-based,coworker,saw my [obj],My coworker saw my account
Work-based,coworker,saw my [obj],My coworker saw my page
Work-based,coworker,saw my [obj],My coworker saw my profile
Work-based,coworker,saw my [obj],My coworker saw my comment
Work-based,coworker,saw my [obj],My coworker saw my comments
Work-based,coworker,exposed my [obj],My coworker exposed my post
Work-based,coworker,exposed my [obj],My coworker exposed my posts
Work-based,coworker,exposed my [obj],My coworker exposed my Reddit
Work-based,coworker,exposed my [obj],My coworker exposed my account
Work-based,coworker,exposed my [obj],My coworker exposed my page
Work-based,coworker,exposed my [obj],My coworker exposed my profile
Work-based,coworker,exposed my [obj],My coworker exposed my comment
Work-based,coworker,exposed my [obj],My coworker exposed my comments
Work-based,coworker,knows about my [obj],My coworker knows about my post
Work-based,coworker,knows about my [obj],My coworker knows about my posts
Work-based,coworker,knows about my [obj],My coworker knows about my Reddit
Work-based,coworker,knows about my [obj],My coworker knows about my account
Work-based,coworker,knows about my [obj],My coworker knows about my page
Work-based,coworker,knows about my [obj],My coworker knows about my profile
Work-based,coworker,knows about my [obj],My coworker knows about my comment
Work-based,coworker,knows about my [obj],My coworker knows about my comments
Work-based,coworker,knows my [obj],My coworker knows my username
Work-based,coworker,knows my [obj],My coworker knows my account
Work-based,coworker,knows my [obj],My coworker knows my Reddit
Work-based,coworker,lurks [where],My coworker lurks here
Work-based,coworker,lurks [where],My coworker lurks on Reddit
Work-based,coworker,is a lurker,My coworker is a lurker
Work-based,coworker,found the [obj],My coworker found the thread
Work-based,coworker,found the [obj],My coworker found the post
Work-based,coworker,found the [obj],My coworker found the posts
Work-based,coworker,found the [obj],My coworker found the comment
Work-based,coworker,found the [obj],My coworker found the comments
Work-based,coworker,sent this [obj] to,Sent this thread to my coworker
Work-based,coworker,sent this [obj] to,Sent this post to my coworker
Work-based,coworker,came across [det] [obj],My coworker came across the post
Work-based,coworker,came across [det] [obj],My coworker came across the Reddit
Work-based,coworker,came across [det] [obj],My coworker came across the account
Work-based,coworker,came across [det] [obj],My coworker came across the comment
Work-based,coworker,came across [det] [obj],My coworker came across the thread
Work-based,coworker,came across [det] [obj],My coworker came across my post
Work-based,coworker,came across [det] [obj],My coworker came across my Reddit
Work-based,coworker,came across [det] [obj],My coworker came across my account
Work-based,coworker,came across [det] [obj],My coworker came across my comment
Work-based,coworker,came across [det] [obj],My coworker came across my thread
Work-based,coworker,came across [det] [obj],My coworker came across this post
Work-based,coworker,came across [det] [obj],My coworker came across this Reddit
Work-based,coworker,came across [det] [obj],My coworker came across this account
Work-based,coworker,came across [det] [obj],My coworker came across this comment
Work-based,coworker,came across [det] [obj],My coworker came across this thread
Work-based,coworker,stumbled across [det] [obj],My coworker stumbled across the post
Work-based,coworker,stumbled across [det] [obj],My coworker stumbled across the Reddit
Work-based,coworker,stumbled across [det] [obj],My coworker stumbled across the account
Work-based,coworker,stumbled across [det] [obj],My coworker stumbled across the thread
Work-based,coworker,stumbled across [det] [obj],My coworker stumbled across the comment
Work-based,coworker,stumbled across [det] [obj],My coworker stumbled across my post
Work-based,coworker,stumbled across [det] [obj],My coworker stumbled across my Reddit
Work-based,coworker,stumbled across [det] [obj],My coworker stumbled across my account
Work-based,coworker,stumbled across [det] [obj],My coworker stumbled across my thread
Work-based,coworker,stumbled across [det] [obj],My coworker stumbled across my comment
Work-based,coworker,stumbled across [det] [obj],My coworker stumbled across this post
Work-based,coworker,stumbled across [det] [obj],My coworker stumbled across this Reddit
Work-based,coworker,stumbled across [det] [obj],My coworker stumbled across this account
Work-based,coworker,stumbled across [det] [obj],My coworker stumbled across this thread
Work-based,coworker,stumbled across [det] [obj],My coworker stumbled across this comment
Work-based,coworker,found out I [obj],My coworker found out I posted
Work-based,coworker,found out I [obj],My coworker found out I made this
Work-based,coworker,traced my [obj],My coworker traced my post
Work-based,coworker,traced my [obj],My coworker traced my Reddit
Work-based,coworker,traced my [obj],My coworker traced my account
Work-based,coworker,traced my [obj],My coworker traced my comment
Work-based,coworker,traced my [obj],My coworker traced my thread
Work-based,coworker,got shared with,My post got shared with my coworker
Work-based,coworker,got shared with,My Reddit got shared with my coworker
Work-based,coworker,got shared with,My account got shared with my coworker
Work-based,coworker,got shared with,My comment got shared with my coworker
Work-based,coworker,got shared with,My thread got shared with my coworker
Work-based,company,got back to,My post got back to my company
Work-based,company,found my [obj],My company found my post
Work-based,company,found out about my [obj],My company found out about my post
Work-based,company,found my [obj],My company found my posts
Work-based,company,found out about my [obj],My company found out about my posts
Work-based,company,found my [obj],My company found my Reddit
Work-based,company,found out about my [obj],My company found out about my Reddit
Work-based,company,found my [obj],My company found my account
Work-based,company,found out about my [obj],My company found out about my account
Work-based,company,found my [obj],My company found my page
Work-based,company,found out about my [obj],My company found out about my page
Work-based,company,found my [obj],My company found my profile
Work-based,company,found out about my [obj],My company found out about my profile
Work-based,company,found my [obj],My company found my comment
Work-based,company,found out about my [obj],My company found out about my comment
Work-based,company,found my [obj],My company found my comments
Work-based,company,found out about my [obj],My company found out about my comments
Work-based,company,saw my [obj],My company saw my post
Work-based,company,saw my [obj],My company saw my posts
Work-based,company,saw my [obj],My company saw my Reddit
Work-based,company,saw my [obj],My company saw my account
Work-based,company,saw my [obj],My company saw my page
Work-based,company,saw my [obj],My company saw my profile
Work-based,company,saw my [obj],My company saw my comment
Work-based,company,saw my [obj],My company saw my comments
Work-based,company,exposed my [obj],My company exposed my post
Work-based,company,exposed my [obj],My company exposed my posts
Work-based,company,exposed my [obj],My company exposed my Reddit
Work-based,company,exposed my [obj],My company exposed my account
Work-based,company,exposed my [obj],My company exposed my page
Work-based,company,exposed my [obj],My company exposed my profile
Work-based,company,exposed my [obj],My company exposed my comment
Work-based,company,exposed my [obj],My company exposed my comments
Work-based,company,knows about my [obj],My company knows about my post
Work-based,company,knows about my [obj],My company knows about my posts
Work-based,company,knows about my [obj],My company knows about my Reddit
Work-based,company,knows about my [obj],My company knows about my account
Work-based,company,knows about my [obj],My company knows about my page
Work-based,company,knows about my [obj],My company knows about my profile
Work-based,company,knows about my [obj],My company knows about my comment
Work-based,company,knows about my [obj],My company knows about my comments
Work-based,company,knows my [obj],My company knows my username
Work-based,company,knows my [obj],My company knows my account
Work-based,company,knows my [obj],My company knows my Reddit
Work-based,company,lurks [where],My company lurks here
Work-based,company,lurks [where],My company lurks on Reddit
Work-based,company,is a lurker,My company is a lurker
Work-based,company,found the [obj],My company found the thread
Work-based,company,found the [obj],My company found the post
Work-based,company,found the [obj],My company found the posts
Work-based,company,found the [obj],My company found the comment
Work-based,company,found the [obj],My company found the comments
Work-based,company,sent this [obj] to,Sent this thread to my company
Work-based,company,sent this [obj] to,Sent this post to my company
Work-based,company,came across [det] [obj],My company came across the post
Work-based,company,came across [det] [obj],My company came across the Reddit
Work-based,company,came across [det] [obj],My company came across the account
Work-based,company,came across [det] [obj],My company came across the comment
Work-based,company,came across [det] [obj],My company came across the thread
Work-based,company,came across [det] [obj],My company came across my post
Work-based,company,came across [det] [obj],My company came across my Reddit
Work-based,company,came across [det] [obj],My company came across my account
Work-based,company,came across [det] [obj],My company came across my comment
Work-based,company,came across [det] [obj],My company came across my thread
Work-based,company,came across [det] [obj],My company came across this post
Work-based,company,came across [det] [obj],My company came across this Reddit
Work-based,company,came across [det] [obj],My company came across this account
Work-based,company,came across [det] [obj],My company came across this comment
Work-based,company,came across [det] [obj],My company came across this thread
Work-based,company,stumbled across [det] [obj],My company stumbled across the post
Work-based,company,stumbled across [det] [obj],My company stumbled across the Reddit
Work-based,company,stumbled across [det] [obj],My company stumbled across the account
Work-based,company,stumbled across [det] [obj],My company stumbled across the thread
Work-based,company,stumbled across [det] [obj],My company stumbled across the comment
Work-based,company,stumbled across [det] [obj],My company stumbled across my post
Work-based,company,stumbled across [det] [obj],My company stumbled across my Reddit
Work-based,company,stumbled across [det] [obj],My company stumbled across my account
Work-based,company,stumbled across [det] [obj],My company stumbled across my thread
Work-based,company,stumbled across [det] [obj],My company stumbled across my comment
Work-based,company,stumbled across [det] [obj],My company stumbled across this post
Work-based,company,stumbled across [det] [obj],My company stumbled across this Reddit
Work-based,company,stumbled across [det] [obj],My company stumbled across this account
Work-based,company,stumbled across [det] [obj],My company stumbled across this thread
Work-based,company,stumbled across [det] [obj],My company stumbled across this comment
Work-based,company,found out I [obj],My company found out I posted
Work-based,company,found out I [obj],My company found out I made this
Work-based,company,traced my [obj],My company traced my post
Work-based,company,traced my [obj],My company traced my Reddit
Work-based,company,traced my [obj],My company traced my account
Work-based,company,traced my [obj],My company traced my comment
Work-based,company,traced my [obj],My company traced my thread
Work-based,company,got shared with,My post got shared with my company
Work-based,company,got shared with,My Reddit got shared with my company
Work-based,company,got shared with,My account got shared with my company
Work-based,company,got shared with,My comment got shared with my company
Work-based,company,got shared with,My thread got shared with my company
Work-based,boss,got back to,My post got back to my boss
Work-based,boss,found my [obj],My boss found my post
Work-based,boss,found out about my [obj],My boss found out about my post
Work-based,boss,found my [obj],My boss found my posts
Work-based,boss,found out about my [obj],My boss found out about my posts
Work-based,boss,found my [obj],My boss found my Reddit
Work-based,boss,found out about my [obj],My boss found out about my Reddit
Work-based,boss,found my [obj],My boss found my account
Work-based,boss,found out about my [obj],My boss found out about my account
Work-based,boss,found my [obj],My boss found my page
Work-based,boss,found out about my [obj],My boss found out about my page
Work-based,boss,found my [obj],My boss found my profile
Work-based,boss,found out about my [obj],My boss found out about my profile
Work-based,boss,found my [obj],My boss found my comment
Work-based,boss,found out about my [obj],My boss found out about my comment
Work-based,boss,found my [obj],My boss found my comments
Work-based,boss,found out about my [obj],My boss found out about my comments
Work-based,boss,saw my [obj],My boss saw my post
Work-based,boss,saw my [obj],My boss saw my posts
Work-based,boss,saw my [obj],My boss saw my Reddit
Work-based,boss,saw my [obj],My boss saw my account
Work-based,boss,saw my [obj],My boss saw my page
Work-based,boss,saw my [obj],My boss saw my profile
Work-based,boss,saw my [obj],My boss saw my comment
Work-based,boss,saw my [obj],My boss saw my comments
Work-based,boss,exposed my [obj],My boss exposed my post
Work-based,boss,exposed my [obj],My boss exposed my posts
Work-based,boss,exposed my [obj],My boss exposed my Reddit
Work-based,boss,exposed my [obj],My boss exposed my account
Work-based,boss,exposed my [obj],My boss exposed my page
Work-based,boss,exposed my [obj],My boss exposed my profile
Work-based,boss,exposed my [obj],My boss exposed my comment
Work-based,boss,exposed my [obj],My boss exposed my comments
Work-based,boss,knows about my [obj],My boss knows about my post
Work-based,boss,knows about my [obj],My boss knows about my posts
Work-based,boss,knows about my [obj],My boss knows about my Reddit
Work-based,boss,knows about my [obj],My boss knows about my account
Work-based,boss,knows about my [obj],My boss knows about my page
Work-based,boss,knows about my [obj],My boss knows about my profile
Work-based,boss,knows about my [obj],My boss knows about my comment
Work-based,boss,knows about my [obj],My boss knows about my comments
Work-based,boss,knows my [obj],My boss knows my username
Work-based,boss,knows my [obj],My boss knows my account
Work-based,boss,knows my [obj],My boss knows my Reddit
Work-based,boss,lurks [where],My boss lurks here
Work-based,boss,lurks [where],My boss lurks on Reddit
Work-based,boss,is a lurker,My boss is a lurker
Work-based,boss,found the [obj],My boss found the thread
Work-based,boss,found the [obj],My boss found the post
Work-based,boss,found the [obj],My boss found the posts
Work-based,boss,found the [obj],My boss found the comment
Work-based,boss,found the [obj],My boss found the comments
Work-based,boss,sent this [obj] to,Sent this thread to my boss
Work-based,boss,sent this [obj] to,Sent this post to my boss
Work-based,boss,came across [det] [obj],My boss came across the post
Work-based,boss,came across [det] [obj],My boss came across the Reddit
Work-based,boss,came across [det] [obj],My boss came across the account
Work-based,boss,came across [det] [obj],My boss came across the comment
Work-based,boss,came across [det] [obj],My boss came across the thread
Work-based,boss,came across [det] [obj],My boss came across my post
Work-based,boss,came across [det] [obj],My boss came across my Reddit
Work-based,boss,came across [det] [obj],My boss came across my account
Work-based,boss,came across [det] [obj],My boss came across my comment
Work-based,boss,came across [det] [obj],My boss came across my thread
Work-based,boss,came across [det] [obj],My boss came across this post
Work-based,boss,came across [det] [obj],My boss came across this Reddit
Work-based,boss,came across [det] [obj],My boss came across this account
Work-based,boss,came across [det] [obj],My boss came across this comment
Work-based,boss,came across [det] [obj],My boss came across this thread
Work-based,boss,stumbled across [det] [obj],My boss stumbled across the post
Work-based,boss,stumbled across [det] [obj],My boss stumbled across the Reddit
Work-based,boss,stumbled across [det] [obj],My boss stumbled across the account
Work-based,boss,stumbled across [det] [obj],My boss stumbled across the thread
Work-based,boss,stumbled across [det] [obj],My boss stumbled across the comment
Work-based,boss,stumbled across [det] [obj],My boss stumbled across my post
Work-based,boss,stumbled across [det] [obj],My boss stumbled across my Reddit
Work-based,boss,stumbled across [det] [obj],My boss stumbled across my account
Work-based,boss,stumbled across [det] [obj],My boss stumbled across my thread
Work-based,boss,stumbled across [det] [obj],My boss stumbled across my comment
Work-based,boss,stumbled across [det] [obj],My boss stumbled across this post
Work-based,boss,stumbled across [det] [obj],My boss stumbled across this Reddit
Work-based,boss,stumbled across [det] [obj],My boss stumbled across this account
Work-based,boss,stumbled across [det] [obj],My boss stumbled across this thread
Work-based,boss,stumbled across [det] [obj],My boss stumbled across this comment
Work-based,boss,found out I [obj],My boss found out I posted
Work-based,boss,found out I [obj],My boss found out I made this
Work-based,boss,traced my [obj],My boss traced my post
Work-based,boss,traced my [obj],My boss traced my Reddit
Work-based,boss,traced my [obj],My boss traced my account
Work-based,boss,traced my [obj],My boss traced my comment
Work-based,boss,traced my [obj],My boss traced my thread
Work-based,boss,got shared with,My post got shared with my boss
Work-based,boss,got shared with,My Reddit got shared with my boss
Work-based,boss,got shared with,My account got shared with my boss
Work-based,boss,got shared with,My comment got shared with my boss
Work-based,boss,got shared with,My thread got shared with my boss
Work-based,employer,got back to,My post got back to my employer
Work-based,employer,found my [obj],My employer found my post
Work-based,employer,found out about my [obj],My employer found out about my post
Work-based,employer,found my [obj],My employer found my posts
Work-based,employer,found out about my [obj],My employer found out about my posts
Work-based,employer,found my [obj],My employer found my Reddit
Work-based,employer,found out about my [obj],My employer found out about my Reddit
Work-based,employer,found my [obj],My employer found my account
Work-based,employer,found out about my [obj],My employer found out about my account
Work-based,employer,found my [obj],My employer found my page
Work-based,employer,found out about my [obj],My employer found out about my page
Work-based,employer,found my [obj],My employer found my profile
Work-based,employer,found out about my [obj],My employer found out about my profile
Work-based,employer,found my [obj],My employer found my comment
Work-based,employer,found out about my [obj],My employer found out about my comment
Work-based,employer,found my [obj],My employer found my comments
Work-based,employer,found out about my [obj],My employer found out about my comments
Work-based,employer,saw my [obj],My employer saw my post
Work-based,employer,saw my [obj],My employer saw my posts
Work-based,employer,saw my [obj],My employer saw my Reddit
Work-based,employer,saw my [obj],My employer saw my account
Work-based,employer,saw my [obj],My employer saw my page
Work-based,employer,saw my [obj],My employer saw my profile
Work-based,employer,saw my [obj],My employer saw my comment
Work-based,employer,saw my [obj],My employer saw my comments
Work-based,employer,exposed my [obj],My employer exposed my post
Work-based,employer,exposed my [obj],My employer exposed my posts
Work-based,employer,exposed my [obj],My employer exposed my Reddit
Work-based,employer,exposed my [obj],My employer exposed my account
Work-based,employer,exposed my [obj],My employer exposed my page
Work-based,employer,exposed my [obj],My employer exposed my profile
Work-based,employer,exposed my [obj],My employer exposed my comment
Work-based,employer,exposed my [obj],My employer exposed my comments
Work-based,employer,knows about my [obj],My employer knows about my post
Work-based,employer,knows about my [obj],My employer knows about my posts
Work-based,employer,knows about my [obj],My employer knows about my Reddit
Work-based,employer,knows about my [obj],My employer knows about my account
Work-based,employer,knows about my [obj],My employer knows about my page
Work-based,employer,knows about my [obj],My employer knows about my profile
Work-based,employer,knows about my [obj],My employer knows about my comment
Work-based,employer,knows about my [obj],My employer knows about my comments
Work-based,employer,knows my [obj],My employer knows my username
Work-based,employer,knows my [obj],My employer knows my account
Work-based,employer,knows my [obj],My employer knows my Reddit
Work-based,employer,lurks [where],My employer lurks here
Work-based,employer,lurks [where],My employer lurks on Reddit
Work-based,employer,is a lurker,My employer is a lurker
Work-based,employer,found the [obj],My employer found the thread
Work-based,employer,found the [obj],My employer found the post
Work-based,employer,found the [obj],My employer found the posts
Work-based,employer,found the [obj],My employer found the comment
Work-based,employer,found the [obj],My employer found the comments
Work-based,employer,sent this [obj] to,Sent this thread to my employer
Work-based,employer,sent this [obj] to,Sent this post to my employer
Work-based,employer,came across [det] [obj],My employer came across the post
Work-based,employer,came across [det] [obj],My employer came across the Reddit
Work-based,employer,came across [det] [obj],My employer came across the account
Work-based,employer,came across [det] [obj],My employer came across the comment
Work-based,employer,came across [det] [obj],My employer came across the thread
Work-based,employer,came across [det] [obj],My employer came across my post
Work-based,employer,came across [det] [obj],My employer came across my Reddit
Work-based,employer,came across [det] [obj],My employer came across my account
Work-based,employer,came across [det] [obj],My employer came across my comment
Work-based,employer,came across [det] [obj],My employer came across my thread
Work-based,employer,came across [det] [obj],My employer came across this post
Work-based,employer,came across [det] [obj],My employer came across this Reddit
Work-based,employer,came across [det] [obj],My employer came across this account
Work-based,employer,came across [det] [obj],My employer came across this comment
Work-based,employer,came across [det] [obj],My employer came across this thread
Work-based,employer,stumbled across [det] [obj],My employer stumbled across the post
Work-based,employer,stumbled across [det] [obj],My employer stumbled across the Reddit
Work-based,employer,stumbled across [det] [obj],My employer stumbled across the account
Work-based,employer,stumbled across [det] [obj],My employer stumbled across the thread
Work-based,employer,stumbled across [det] [obj],My employer stumbled across the comment
Work-based,employer,stumbled across [det] [obj],My employer stumbled across my post
Work-based,employer,stumbled across [det] [obj],My employer stumbled across my Reddit
Work-based,employer,stumbled across [det] [obj],My employer stumbled across my account
Work-based,employer,stumbled across [det] [obj],My employer stumbled across my thread
Work-based,employer,stumbled across [det] [obj],My employer stumbled across my comment
Work-based,employer,stumbled across [det] [obj],My employer stumbled across this post
Work-based,employer,stumbled across [det] [obj],My employer stumbled across this Reddit
Work-based,employer,stumbled across [det] [obj],My employer stumbled across this account
Work-based,employer,stumbled across [det] [obj],My employer stumbled across this thread
Work-based,employer,stumbled across [det] [obj],My employer stumbled across this comment
Work-based,employer,found out I [obj],My employer found out I posted
Work-based,employer,found out I [obj],My employer found out I made this
Work-based,employer,traced my [obj],My employer traced my post
Work-based,employer,traced my [obj],My employer traced my Reddit
Work-based,employer,traced my [obj],My employer traced my account
Work-based,employer,traced my [obj],My employer traced my comment
Work-based,employer,traced my [obj],My employer traced my thread
Work-based,employer,got shared with,My post got shared with my employer
Work-based,employer,got shared with,My Reddit got shared with my employer
Work-based,employer,got shared with,My account got shared with my employer
Work-based,employer,got shared with,My comment got shared with my employer
Work-based,employer,got shared with,My thread got shared with my employer
Work-based,staff,got back to,My post got back to the staff
Work-based,staff,found my [obj],The staff found my post
Work-based,staff,found out about my [obj],The staff found out about my post
Work-based,staff,found my [obj],The staff found my posts
Work-based,staff,found out about my [obj],The staff found out about my posts
Work-based,staff,found my [obj],The staff found my Reddit
Work-based,staff,found out about my [obj],The staff found out about my Reddit
Work-based,staff,found my [obj],The staff found my account
Work-based,staff,found out about my [obj],The staff found out about my account
Work-based,staff,found my [obj],The staff found my page
Work-based,staff,found out about my [obj],The staff found out about my page
Work-based,staff,found my [obj],The staff found my profile
Work-based,staff,found out about my [obj],The staff found out about my profile
Work-based,staff,found my [obj],The staff found my comment
Work-based,staff,found out about my [obj],The staff found out about my comment
Work-based,staff,found my [obj],The staff found my comments
Work-based,staff,found out about my [obj],The staff found out about my comments
Work-based,staff,saw my [obj],The staff saw my post
Work-based,staff,saw my [obj],The staff saw my posts
Work-based,staff,saw my [obj],The staff saw my Reddit
Work-based,staff,saw my [obj],The staff saw my account
Work-based,staff,saw my [obj],The staff saw my page
Work-based,staff,saw my [obj],The staff saw my profile
Work-based,staff,saw my [obj],The staff saw my comment
Work-based,staff,saw my [obj],The staff saw my comments
Work-based,staff,exposed my [obj],The staff exposed my post
Work-based,staff,exposed my [obj],The staff exposed my posts
Work-based,staff,exposed my [obj],The staff exposed my Reddit
Work-based,staff,exposed my [obj],The staff exposed my account
Work-based,staff,exposed my [obj],The staff exposed my page
Work-based,staff,exposed my [obj],The staff exposed my profile
Work-based,staff,exposed my [obj],The staff exposed my comment
Work-based,staff,exposed my [obj],The staff exposed my comments
Work-based,staff,knows about my [obj],The staff know about my post
Work-based,staff,knows about my [obj],The staff know about my posts
Work-based,staff,knows about my [obj],The staff know about my Reddit
Work-based,staff,knows about my [obj],The staff know about my account
Work-based,staff,knows about my [obj],The staff know about my page
Work-based,staff,knows about my [obj],The staff know about my profile
Work-based,staff,knows about my [obj],The staff know about my comment
Work-based,staff,knows about my [obj],The staff know about my comments
Work-based,staff,knows my [obj],The staff know my username
Work-based,staff,knows my [obj],The staff know my account
Work-based,staff,knows my [obj],The staff know my Reddit
Work-based,staff,lurks [where],The staff lurk here
Work-based,staff,lurks [where],The staff lurk on Reddit
Work-based,staff,is a lurker,The staff are lurkers
Work-based,staff,found the [obj],The staff found the thread
Work-based,staff,found the [obj],The staff found the post
Work-based,staff,found the [obj],The staff found the posts
Work-based,staff,found the [obj],The staff found the comment
Work-based,staff,found the [obj],The staff found the comments
Work-based,staff,sent this [obj] to,Sent this thread to the staff
Work-based,staff,sent this [obj] to,Sent this post to the staff
Work-based,staff,came across [det] [obj],The staff came across the post
Work-based,staff,came across [det] [obj],The staff came across the Reddit
Work-based,staff,came across [det] [obj],The staff came across the account
Work-based,staff,came across [det] [obj],The staff came across the comment
Work-based,staff,came across [det] [obj],The staff came across the thread
Work-based,staff,came across [det] [obj],The staff came across my post
Work-based,staff,came across [det] [obj],The staff came across my Reddit
Work-based,staff,came across [det] [obj],The staff came across my account
Work-based,staff,came across [det] [obj],The staff came across my comment
Work-based,staff,came across [det] [obj],The staff came across my thread
Work-based,staff,came across [det] [obj],The staff came across this post
Work-based,staff,came across [det] [obj],The staff came across this Reddit
Work-based,staff,came across [det] [obj],The staff came across this account
Work-based,staff,came across [det] [obj],The staff came across this comment
Work-based,staff,came across [det] [obj],The staff came across this thread
Work-based,staff,stumbled across [det] [obj],The staff stumbled across the post
Work-based,staff,stumbled across [det] [obj],The staff stumbled across the Reddit
Work-based,staff,stumbled across [det] [obj],The staff stumbled across the account
Work-based,staff,stumbled across [det] [obj],The staff stumbled across the thread
Work-based,staff,stumbled across [det] [obj],The staff stumbled across the comment
Work-based,staff,stumbled across [det] [obj],The staff stumbled across my post
Work-based,staff,stumbled across [det] [obj],The staff stumbled across my Reddit
Work-based,staff,stumbled across [det] [obj],The staff stumbled across my account
Work-based,staff,stumbled across [det] [obj],The staff stumbled across my thread
Work-based,staff,stumbled across [det] [obj],The staff stumbled across my comment
Work-based,staff,stumbled across [det] [obj],The staff stumbled across this post
Work-based,staff,stumbled across [det] [obj],The staff stumbled across this Reddit
Work-based,staff,stumbled across [det] [obj],The staff stumbled across this account
Work-based,staff,stumbled across [det] [obj],The staff stumbled across this thread
Work-based,staff,stumbled across [det] [obj],The staff stumbled across this comment
Work-based,staff,found out I [obj],The staff found out I posted
Work-based,staff,found out I [obj],The staff found out I made this
Work-based,staff,traced my [obj],The staff traced my post
Work-based,staff,traced my [obj],The staff traced my Reddit
Work-based,staff,traced my [obj],The staff traced my account
Work-based,staff,traced my [obj],The staff traced my comment
Work-based,staff,traced my [obj],The staff traced my thread
Work-based,staff,got shared with,My post got shared with the staff
Work-based,staff,got shared with,My Reddit got shared with the staff
Work-based,staff,got shared with,My account got shared with the staff
Work-based,staff,got shared with,My comment got shared with the staff
Work-based,staff,got shared with,My thread got shared with the staff
Work-based,staff member,got back to,My post got back to a staff member
Work-based,staff member,found my [obj],A staff member found my post
Work-based,staff member,found out about my [obj],A staff member found out about my post
Work-based,staff member,found my [obj],A staff member found my posts
Work-based,staff member,found out about my [obj],A staff member found out about my posts
Work-based,staff member,found my [obj],A staff member found my Reddit
Work-based,staff member,found out about my [obj],A staff member found out about my Reddit
Work-based,staff member,found my [obj],A staff member found my account
Work-based,staff member,found out about my [obj],A staff member found out about my account
Work-based,staff member,found my [obj],A staff member found my page
Work-based,staff member,found out about my [obj],A staff member found out about my page
Work-based,staff member,found my [obj],A staff member found my profile
Work-based,staff member,found out about my [obj],A staff member found out about my profile
Work-based,staff member,found my [obj],A staff member found my comment
Work-based,staff member,found out about my [obj],A staff member found out about my comment
Work-based,staff member,found my [obj],A staff member found my comments
Work-based,staff member,found out about my [obj],A staff member found out about my comments
Work-based,staff member,saw my [obj],A staff member saw my post
Work-based,staff member,saw my [obj],A staff member saw my posts
Work-based,staff member,saw my [obj],A staff member saw my Reddit
Work-based,staff member,saw my [obj],A staff member saw my account
Work-based,staff member,saw my [obj],A staff member saw my page
Work-based,staff member,saw my [obj],A staff member saw my profile
Work-based,staff member,saw my [obj],A staff member saw my comment
Work-based,staff member,saw my [obj],A staff member saw my comments
Work-based,staff member,exposed my [obj],A staff member exposed my post
Work-based,staff member,exposed my [obj],A staff member exposed my posts
Work-based,staff member,exposed my [obj],A staff member exposed my Reddit
Work-based,staff member,exposed my [obj],A staff member exposed my account
Work-based,staff member,exposed my [obj],A staff member exposed my page
Work-based,staff member,exposed my [obj],A staff member exposed my profile
Work-based,staff member,exposed my [obj],A staff member exposed my comment
Work-based,staff member,exposed my [obj],A staff member exposed my comments
Work-based,staff member,knows about my [obj],A staff member knows about my post
Work-based,staff member,knows about my [obj],A staff member knows about my posts
Work-based,staff member,knows about my [obj],A staff member knows about my Reddit
Work-based,staff member,knows about my [obj],A staff member knows about my account
Work-based,staff member,knows about my [obj],A staff member knows about my page
Work-based,staff member,knows about my [obj],A staff member knows about my profile
Work-based,staff member,knows about my [obj],A staff member knows about my comment
Work-based,staff member,knows about my [obj],A staff member knows about my comments
Work-based,staff member,knows my [obj],A staff member knows my username
Work-based,staff member,knows my [obj],A staff member knows my account
Work-based,staff member,knows my [obj],A staff member knows my Reddit
Work-based,staff member,lurks [where],A staff member lurks here
Work-based,staff member,lurks [where],A staff member lurks on Reddit
Work-based,staff member,is a lurker,A staff member is a lurker
Work-based,staff member,found the [obj],A staff member found the thread
Work-based,staff member,found the [obj],A staff member found the post
Work-based,staff member,found the [obj],A staff member found the posts
Work-based,staff member,found the [obj],A staff member found the comment
Work-based,staff member,found the [obj],A staff member found the comments
Work-based,staff member,sent this [obj] to,Sent this thread to a staff member
Work-based,staff member,sent this [obj] to,Sent this post to a staff member
Work-based,staff member,came across [det] [obj],A staff member came across the post
Work-based,staff member,came across [det] [obj],A staff member came across the Reddit
Work-based,staff member,came across [det] [obj],A staff member came across the account
Work-based,staff member,came across [det] [obj],A staff member came across the comment
Work-based,staff member,came across [det] [obj],A staff member came across the thread
Work-based,staff member,came across [det] [obj],A staff member came across my post
Work-based,staff member,came across [det] [obj],A staff member came across my Reddit
Work-based,staff member,came across [det] [obj],A staff member came across my account
Work-based,staff member,came across [det] [obj],A staff member came across my comment
Work-based,staff member,came across [det] [obj],A staff member came across my thread
Work-based,staff member,came across [det] [obj],A staff member came across this post
Work-based,staff member,came across [det] [obj],A staff member came across this Reddit
Work-based,staff member,came across [det] [obj],A staff member came across this account
Work-based,staff member,came across [det] [obj],A staff member came across this comment
Work-based,staff member,came across [det] [obj],A staff member came across this thread
Work-based,staff member,stumbled across [det] [obj],A staff member stumbled across the post
Work-based,staff member,stumbled across [det] [obj],A staff member stumbled across the Reddit
Work-based,staff member,stumbled across [det] [obj],A staff member stumbled across the account
Work-based,staff member,stumbled across [det] [obj],A staff member stumbled across the thread
Work-based,staff member,stumbled across [det] [obj],A staff member stumbled across the comment
Work-based,staff member,stumbled across [det] [obj],A staff member stumbled across my post
Work-based,staff member,stumbled across [det] [obj],A staff member stumbled across my Reddit
Work-based,staff member,stumbled across [det] [obj],A staff member stumbled across my account
Work-based,staff member,stumbled across [det] [obj],A staff member stumbled across my thread
Work-based,staff member,stumbled across [det] [obj],A staff member stumbled across my comment
Work-based,staff member,stumbled across [det] [obj],A staff member stumbled across this post
Work-based,staff member,stumbled across [det] [obj],A staff member stumbled across this Reddit
Work-based,staff member,stumbled across [det] [obj],A staff member stumbled across this account
Work-based,staff member,stumbled across [det] [obj],A staff member stumbled across this thread
Work-based,staff member,stumbled across [det] [obj],A staff member stumbled across this comment
Work-based,staff member,found out I [obj],A staff member found out I posted
Work-based,staff member,found out I [obj],A staff member found out I made this
Work-based,staff member,traced my [obj],A staff member traced my post
Work-based,staff member,traced my [obj],A staff member traced my Reddit
Work-based,staff member,traced my [obj],A staff member traced my account
Work-based,staff member,traced my [obj],A staff member traced my comment
Work-based,staff member,traced my [obj],A staff member traced my thread
Work-based,staff member,got shared with,My post got shared with a staff member
Work-based,staff member,got shared with,My Reddit got shared with a staff member
Work-based,staff member,got shared with,My account got shared with a staff member
Work-based,staff member,got shared with,My comment got shared with a staff member
Work-based,staff member,got shared with,My thread got shared with a staff member
Work-based,worker,got back to,My post got back to a worker
Work-based,worker,found my [obj],A worker found my post
Work-based,worker,found out about my [obj],A worker found out about my post
Work-based,worker,found my [obj],A worker found my posts
Work-based,worker,found out about my [obj],A worker found out about my posts
Work-based,worker,found my [obj],A worker found my Reddit
Work-based,worker,found out about my [obj],A worker found out about my Reddit
Work-based,worker,found my [obj],A worker found my account
Work-based,worker,found out about my [obj],A worker found out about my account
Work-based,worker,found my [obj],A worker found my page
Work-based,worker,found out about my [obj],A worker found out about my page
Work-based,worker,found my [obj],A worker found my profile
Work-based,worker,found out about my [obj],A worker found out about my profile
Work-based,worker,found my [obj],A worker found my comment
Work-based,worker,found out about my [obj],A worker found out about my comment
Work-based,worker,found my [obj],A worker found my comments
Work-based,worker,found out about my [obj],A worker found out about my comments
Work-based,worker,saw my [obj],A worker saw my post
Work-based,worker,saw my [obj],A worker saw my posts
Work-based,worker,saw my [obj],A worker saw my Reddit
Work-based,worker,saw my [obj],A worker saw my account
Work-based,worker,saw my [obj],A worker saw my page
Work-based,worker,saw my [obj],A worker saw my profile
Work-based,worker,saw my [obj],A worker saw my comment
Work-based,worker,saw my [obj],A worker saw my comments
Work-based,worker,exposed my [obj],A worker exposed my post
Work-based,worker,exposed my [obj],A worker exposed my posts
Work-based,worker,exposed my [obj],A worker exposed my Reddit
Work-based,worker,exposed my [obj],A worker exposed my account
Work-based,worker,exposed my [obj],A worker exposed my page
Work-based,worker,exposed my [obj],A worker exposed my profile
Work-based,worker,exposed my [obj],A worker exposed my comment
Work-based,worker,exposed my [obj],A worker exposed my comments
Work-based,worker,knows about my [obj],A worker knows about my post
Work-based,worker,knows about my [obj],A worker knows about my posts
Work-based,worker,knows about my [obj],A worker knows about my Reddit
Work-based,worker,knows about my [obj],A worker knows about my account
Work-based,worker,knows about my [obj],A worker knows about my page
Work-based,worker,knows about my [obj],A worker knows about my profile
Work-based,worker,knows about my [obj],A worker knows about my comment
Work-based,worker,knows about my [obj],A worker knows about my comments
Work-based,worker,knows my [obj],A worker knows my username
Work-based,worker,knows my [obj],A worker knows my account
Work-based,worker,knows my [obj],A worker knows my Reddit
Work-based,worker,lurks [where],A worker lurks here
Work-based,worker,lurks [where],A worker lurks on Reddit
Work-based,worker,is a lurker,A worker is a lurker
Work-based,worker,found the [obj],A worker found the thread
Work-based,worker,found the [obj],A worker found the post
Work-based,worker,found the [obj],A worker found the posts
Work-based,worker,found the [obj],A worker found the comment
Work-based,worker,found the [obj],A worker found the comments
Work-based,worker,sent this [obj] to,Sent this thread to a worker
Work-based,worker,sent this [obj] to,Sent this post to a worker
Work-based,worker,came across [det] [obj],A worker came across the post
Work-based,worker,came across [det] [obj],A worker came across the Reddit
Work-based,worker,came across [det] [obj],A worker came across the account
Work-based,worker,came across [det] [obj],A worker came across the comment
Work-based,worker,came across [det] [obj],A worker came across the thread
Work-based,worker,came across [det] [obj],A worker came across my post
Work-based,worker,came across [det] [obj],A worker came across my Reddit
Work-based,worker,came across [det] [obj],A worker came across my account
Work-based,worker,came across [det] [obj],A worker came across my comment
Work-based,worker,came across [det] [obj],A worker came across my thread
Work-based,worker,came across [det] [obj],A worker came across this post
Work-based,worker,came across [det] [obj],A worker came across this Reddit
Work-based,worker,came across [det] [obj],A worker came across this account
Work-based,worker,came across [det] [obj],A worker came across this comment
Work-based,worker,came across [det] [obj],A worker came across this thread
Work-based,worker,stumbled across [det] [obj],A worker stumbled across the post
Work-based,worker,stumbled across [det] [obj],A worker stumbled across the Reddit
Work-based,worker,stumbled across [det] [obj],A worker stumbled across the account
Work-based,worker,stumbled across [det] [obj],A worker stumbled across the thread
Work-based,worker,stumbled across [det] [obj],A worker stumbled across the comment
Work-based,worker,stumbled across [det] [obj],A worker stumbled across my post
Work-based,worker,stumbled across [det] [obj],A worker stumbled across my Reddit
Work-based,worker,stumbled across [det] [obj],A worker stumbled across my account
Work-based,worker,stumbled across [det] [obj],A worker stumbled across my thread
Work-based,worker,stumbled across [det] [obj],A worker stumbled across my comment
Work-based,worker,stumbled across [det] [obj],A worker stumbled across this post
Work-based,worker,stumbled across [det] [obj],A worker stumbled across this Reddit
Work-based,worker,stumbled across [det] [obj],A worker stumbled across this account
Work-based,worker,stumbled across [det] [obj],A worker stumbled across this thread
Work-based,worker,stumbled across [det] [obj],A worker stumbled across this comment
Work-based,worker,found out I [obj],A worker found out I posted
Work-based,worker,found out I [obj],A worker found out I made this
Work-based,worker,traced my [obj],A worker traced my post
Work-based,worker,traced my [obj],A worker traced my Reddit
Work-based,worker,traced my [obj],A worker traced my account
Work-based,worker,traced my [obj],A worker traced my comment
Work-based,worker,traced my [obj],A worker traced my thread
Work-based,worker,got shared with,My post got shared with a worker
Work-based,worker,got shared with,My Reddit got shared with a worker
Work-based,worker,got shared with,My account got shared with a worker
Work-based,worker,got shared with,My comment got shared with a worker
Work-based,worker,got shared with,My thread got shared with a worker
Work-based,employee,got back to,My post got back to an employee
Work-based,employee,found my [obj],An employee found my post
Work-based,employee,found out about my [obj],An employee found out about my post
Work-based,employee,found my [obj],An employee found my posts
Work-based,employee,found out about my [obj],An employee found out about my posts
Work-based,employee,found my [obj],An employee found my Reddit
Work-based,employee,found out about my [obj],An employee found out about my Reddit
Work-based,employee,found my [obj],An employee found my account
Work-based,employee,found out about my [obj],An employee found out about my account
Work-based,employee,found my [obj],An employee found my page
Work-based,employee,found out about my [obj],An employee found out about my page
Work-based,employee,found my [obj],An employee found my profile
Work-based,employee,found out about my [obj],An employee found out about my profile
Work-based,employee,found my [obj],An employee found my comment
Work-based,employee,found out about my [obj],An employee found out about my comment
Work-based,employee,found my [obj],An employee found my comments
Work-based,employee,found out about my [obj],An employee found out about my comments
Work-based,employee,saw my [obj],An employee saw my post
Work-based,employee,saw my [obj],An employee saw my posts
Work-based,employee,saw my [obj],An employee saw my Reddit
Work-based,employee,saw my [obj],An employee saw my account
Work-based,employee,saw my [obj],An employee saw my page
Work-based,employee,saw my [obj],An employee saw my profile
Work-based,employee,saw my [obj],An employee saw my comment
Work-based,employee,saw my [obj],An employee saw my comments
Work-based,employee,exposed my [obj],An employee exposed my post
Work-based,employee,exposed my [obj],An employee exposed my posts
Work-based,employee,exposed my [obj],An employee exposed my Reddit
Work-based,employee,exposed my [obj],An employee exposed my account
Work-based,employee,exposed my [obj],An employee exposed my page
Work-based,employee,exposed my [obj],An employee exposed my profile
Work-based,employee,exposed my [obj],An employee exposed my comment
Work-based,employee,exposed my [obj],An employee exposed my comments
Work-based,employee,knows about my [obj],An employee knows about my post
Work-based,employee,knows about my [obj],An employee knows about my posts
Work-based,employee,knows about my [obj],An employee knows about my Reddit
Work-based,employee,knows about my [obj],An employee knows about my account
Work-based,employee,knows about my [obj],An employee knows about my page
Work-based,employee,knows about my [obj],An employee knows about my profile
Work-based,employee,knows about my [obj],An employee knows about my comment
Work-based,employee,knows about my [obj],An employee knows about my comments
Work-based,employee,knows my [obj],An employee knows my username
Work-based,employee,knows my [obj],An employee knows my account
Work-based,employee,knows my [obj],An employee knows my Reddit
Work-based,employee,lurks [where],An employee lurks here
Work-based,employee,lurks [where],An employee lurks on Reddit
Work-based,employee,is a lurker,An employee is a lurker
Work-based,employee,found the [obj],An employee found the thread
Work-based,employee,found the [obj],An employee found the post
Work-based,employee,found the [obj],An employee found the posts
Work-based,employee,found the [obj],An employee found the comment
Work-based,employee,found the [obj],An employee found the comments
Work-based,employee,sent this [obj] to,Sent this thread to an employee
Work-based,employee,sent this [obj] to,Sent this post to an employee
Work-based,employee,came across [det] [obj],An employee came across the post
Work-based,employee,came across [det] [obj],An employee came across the Reddit
Work-based,employee,came across [det] [obj],An employee came across the account
Work-based,employee,came across [det] [obj],An employee came across the comment
Work-based,employee,came across [det] [obj],An employee came across the thread
Work-based,employee,came across [det] [obj],An employee came across my post
Work-based,employee,came across [det] [obj],An employee came across my Reddit
Work-based,employee,came across [det] [obj],An employee came across my account
Work-based,employee,came across [det] [obj],An employee came across my comment
Work-based,employee,came across [det] [obj],An employee came across my thread
Work-based,employee,came across [det] [obj],An employee came across this post
Work-based,employee,came across [det] [obj],An employee came across this Reddit
Work-based,employee,came across [det] [obj],An employee came across this account
Work-based,employee,came across [det] [obj],An employee came across this comment
Work-based,employee,came across [det] [obj],An employee came across this thread
Work-based,employee,stumbled across [det] [obj],An employee stumbled across the post
Work-based,employee,stumbled across [det] [obj],An employee stumbled across the Reddit
Work-based,employee,stumbled across [det] [obj],An employee stumbled across the account
Work-based,employee,stumbled across [det] [obj],An employee stumbled across the thread
Work-based,employee,stumbled across [det] [obj],An employee stumbled across the comment
Work-based,employee,stumbled across [det] [obj],An employee stumbled across my post
Work-based,employee,stumbled across [det] [obj],An employee stumbled across my Reddit
Work-based,employee,stumbled across [det] [obj],An employee stumbled across my account
Work-based,employee,stumbled across [det] [obj],An employee stumbled across my thread
Work-based,employee,stumbled across [det] [obj],An employee stumbled across my comment
Work-based,employee,stumbled across [det] [obj],An employee stumbled across this post
Work-based,employee,stumbled across [det] [obj],An employee stumbled across this Reddit
Work-based,employee,stumbled across [det] [obj],An employee stumbled across this account
Work-based,employee,stumbled across [det] [obj],An employee stumbled across this thread
Work-based,employee,stumbled across [det] [obj],An employee stumbled across this comment
Work-based,employee,found out I [obj],An employee found out I posted
Work-based,employee,found out I [obj],An employee found out I made this
Work-based,employee,traced my [obj],An employee traced my post
Work-based,employee,traced my [obj],An employee traced my Reddit
Work-based,employee,traced my [obj],An employee traced my account
Work-based,employee,traced my [obj],An employee traced my comment
Work-based,employee,traced my [obj],An employee traced my thread
Work-based,employee,got shared with,My post got shared with an employee
Work-based,employee,got shared with,My Reddit got shared with an employee
Work-based,employee,got shared with,My account got shared with an employee
Work-based,employee,got shared with,My comment got shared with an employee
Work-based,employee,got shared with,My thread got shared with an employee
Work-based,supervisor,got back to,My post got back to my supervisor
Work-based,supervisor,found my [obj],My supervisor found my post
Work-based,supervisor,found out about my [obj],My supervisor found out about my post
Work-based,supervisor,found my [obj],My supervisor found my posts
Work-based,supervisor,found out about my [obj],My supervisor found out about my posts
Work-based,supervisor,found my [obj],My supervisor found my Reddit
Work-based,supervisor,found out about my [obj],My supervisor found out about my Reddit
Work-based,supervisor,found my [obj],My supervisor found my account
Work-based,supervisor,found out about my [obj],My supervisor found out about my account
Work-based,supervisor,found my [obj],My supervisor found my page
Work-based,supervisor,found out about my [obj],My supervisor found out about my page
Work-based,supervisor,found my [obj],My supervisor found my profile
Work-based,supervisor,found out about my [obj],My supervisor found out about my profile
Work-based,supervisor,found my [obj],My supervisor found my comment
Work-based,supervisor,found out about my [obj],My supervisor found out about my comment
Work-based,supervisor,found my [obj],My supervisor found my comments
Work-based,supervisor,found out about my [obj],My supervisor found out about my comments
Work-based,supervisor,saw my [obj],My supervisor saw my post
Work-based,supervisor,saw my [obj],My supervisor saw my posts
Work-based,supervisor,saw my [obj],My supervisor saw my Reddit
Work-based,supervisor,saw my [obj],My supervisor saw my account
Work-based,supervisor,saw my [obj],My supervisor saw my page
Work-based,supervisor,saw my [obj],My supervisor saw my profile
Work-based,supervisor,saw my [obj],My supervisor saw my comment
Work-based,supervisor,saw my [obj],My supervisor saw my comments
Work-based,supervisor,exposed my [obj],My supervisor exposed my post
Work-based,supervisor,exposed my [obj],My supervisor exposed my posts
Work-based,supervisor,exposed my [obj],My supervisor exposed my Reddit
Work-based,supervisor,exposed my [obj],My supervisor exposed my account
Work-based,supervisor,exposed my [obj],My supervisor exposed my page
Work-based,supervisor,exposed my [obj],My supervisor exposed my profile
Work-based,supervisor,exposed my [obj],My supervisor exposed my comment
Work-based,supervisor,exposed my [obj],My supervisor exposed my comments
Work-based,supervisor,knows about my [obj],My supervisor knows about my post
Work-based,supervisor,knows about my [obj],My supervisor knows about my posts
Work-based,supervisor,knows about my [obj],My supervisor knows about my Reddit
Work-based,supervisor,knows about my [obj],My supervisor knows about my account
Work-based,supervisor,knows about my [obj],My supervisor knows about my page
Work-based,supervisor,knows about my [obj],My supervisor knows about my profile
Work-based,supervisor,knows about my [obj],My supervisor knows about my comment
Work-based,supervisor,knows about my [obj],My supervisor knows about my comments
Work-based,supervisor,knows my [obj],My supervisor knows my username
Work-based,supervisor,knows my [obj],My supervisor knows my account
Work-based,supervisor,knows my [obj],My supervisor knows my Reddit
Work-based,supervisor,lurks [where],My supervisor lurks here
Work-based,supervisor,lurks [where],My supervisor lurks on Reddit
Work-based,supervisor,is a lurker,My supervisor is a lurker
Work-based,supervisor,found the [obj],My supervisor found the thread
Work-based,supervisor,found the [obj],My supervisor found the post
Work-based,supervisor,found the [obj],My supervisor found the posts
Work-based,supervisor,found the [obj],My supervisor found the comment
Work-based,supervisor,found the [obj],My supervisor found the comments
Work-based,supervisor,sent this [obj] to,Sent this thread to my supervisor
Work-based,supervisor,sent this [obj] to,Sent this post to my supervisor
Work-based,supervisor,came across [det] [obj],My supervisor came across the post
Work-based,supervisor,came across [det] [obj],My supervisor came across the Reddit
Work-based,supervisor,came across [det] [obj],My supervisor came across the account
Work-based,supervisor,came across [det] [obj],My supervisor came across the comment
Work-based,supervisor,came across [det] [obj],My supervisor came across the thread
Work-based,supervisor,came across [det] [obj],My supervisor came across my post
Work-based,supervisor,came across [det] [obj],My supervisor came across my Reddit
Work-based,supervisor,came across [det] [obj],My supervisor came across my account
Work-based,supervisor,came across [det] [obj],My supervisor came across my comment
Work-based,supervisor,came across [det] [obj],My supervisor came across my thread
Work-based,supervisor,came across [det] [obj],My supervisor came across this post
Work-based,supervisor,came across [det] [obj],My supervisor came across this Reddit
Work-based,supervisor,came across [det] [obj],My supervisor came across this account
Work-based,supervisor,came across [det] [obj],My supervisor came across this comment
Work-based,supervisor,came across [det] [obj],My supervisor came across this thread
Work-based,supervisor,stumbled across [det] [obj],My supervisor stumbled across the post
Work-based,supervisor,stumbled across [det] [obj],My supervisor stumbled across the Reddit
Work-based,supervisor,stumbled across [det] [obj],My supervisor stumbled across the account
Work-based,supervisor,stumbled across [det] [obj],My supervisor stumbled across the thread
Work-based,supervisor,stumbled across [det] [obj],My supervisor stumbled across the comment
Work-based,supervisor,stumbled across [det] [obj],My supervisor stumbled across my post
Work-based,supervisor,stumbled across [det] [obj],My supervisor stumbled across my Reddit
Work-based,supervisor,stumbled across [det] [obj],My supervisor stumbled across my account
Work-based,supervisor,stumbled across [det] [obj],My supervisor stumbled across my thread
Work-based,supervisor,stumbled across [det] [obj],My supervisor stumbled across my comment
Work-based,supervisor,stumbled across [det] [obj],My supervisor stumbled across this post
Work-based,supervisor,stumbled across [det] [obj],My supervisor stumbled across this Reddit
Work-based,supervisor,stumbled across [det] [obj],My supervisor stumbled across this account
Work-based,supervisor,stumbled across [det] [obj],My supervisor stumbled across this thread
Work-based,supervisor,stumbled across [det] [obj],My supervisor stumbled across this comment
Work-based,supervisor,found out I [obj],My supervisor found out I posted
Work-based,supervisor,found out I [obj],My supervisor found out I made this
Work-based,supervisor,traced my [obj],My supervisor traced my post
Work-based,supervisor,traced my [obj],My supervisor traced my Reddit
Work-based,supervisor,traced my [obj],My supervisor traced my account
Work-based,supervisor,traced my [obj],My supervisor traced my comment
Work-based,supervisor,traced my [obj],My supervisor traced my thread
Work-based,supervisor,got shared with,My post got shared with my supervisor
Work-based,supervisor,got shared with,My Reddit got shared with my supervisor
Work-based,supervisor,got shared with,My account got shared with my supervisor
Work-based,supervisor,got shared with,My comment got shared with my supervisor
Work-based,supervisor,got shared with,My thread got shared with my supervisor
Work-based,manager,got back to,My post got back to my manager
Work-based,manager,found my [obj],My manager found my post
Work-based,manager,found out about my [obj],My manager found out about my post
Work-based,manager,found my [obj],My manager found my posts
Work-based,manager,found out about my [obj],My manager found out about my posts
Work-based,manager,found my [obj],My manager found my Reddit
Work-based,manager,found out about my [obj],My manager found out about my Reddit
Work-based,manager,found my [obj],My manager found my account
Work-based,manager,found out about my [obj],My manager found out about my account
Work-based,manager,found my [obj],My manager found my page
Work-based,manager,found out about my [obj],My manager found out about my page
Work-based,manager,found my [obj],My manager found my profile
Work-based,manager,found out about my [obj],My manager found out about my profile
Work-based,manager,found my [obj],My manager found my comment
Work-based,manager,found out about my [obj],My manager found out about my comment
Work-based,manager,found my [obj],My manager found my comments
Work-based,manager,found out about my [obj],My manager found out about my comments
Work-based,manager,saw my [obj],My manager saw my post
Work-based,manager,saw my [obj],My manager saw my posts
Work-based,manager,saw my [obj],My manager saw my Reddit
Work-based,manager,saw my [obj],My manager saw my account
Work-based,manager,saw my [obj],My manager saw my page
Work-based,manager,saw my [obj],My manager saw my profile
Work-based,manager,saw my [obj],My manager saw my comment
Work-based,manager,saw my [obj],My manager saw my comments
Work-based,manager,exposed my [obj],My manager exposed my post
Work-based,manager,exposed my [obj],My manager exposed my posts
Work-based,manager,exposed my [obj],My manager exposed my Reddit
Work-based,manager,exposed my [obj],My manager exposed my account
Work-based,manager,exposed my [obj],My manager exposed my page
Work-based,manager,exposed my [obj],My manager exposed my profile
Work-based,manager,exposed my [obj],My manager exposed my comment
Work-based,manager,exposed my [obj],My manager exposed my comments
Work-based,manager,knows about my [obj],My manager knows about my post
Work-based,manager,knows about my [obj],My manager knows about my posts
Work-based,manager,knows about my [obj],My manager knows about my Reddit
Work-based,manager,knows about my [obj],My manager knows about my account
Work-based,manager,knows about my [obj],My manager knows about my page
Work-based,manager,knows about my [obj],My manager knows about my profile
Work-based,manager,knows about my [obj],My manager knows about my comment
Work-based,manager,knows about my [obj],My manager knows about my comments
Work-based,manager,knows my [obj],My manager knows my username
Work-based,manager,knows my [obj],My manager knows my account
Work-based,manager,knows my [obj],My manager knows my Reddit
Work-based,manager,lurks [where],My manager lurks here
Work-based,manager,lurks [where],My manager lurks on Reddit
Work-based,manager,is a lurker,My manager is a lurker
Work-based,manager,found the [obj],My manager found the thread
Work-based,manager,found the [obj],My manager found the post
Work-based,manager,found the [obj],My manager found the posts
Work-based,manager,found the [obj],My manager found the comment
Work-based,manager,found the [obj],My manager found the comments
Work-based,manager,sent this [obj] to,Sent this thread to my manager
Work-based,manager,sent this [obj] to,Sent this post to my manager
Work-based,manager,came across [det] [obj],My manager came across the post
Work-based,manager,came across [det] [obj],My manager came across the Reddit
Work-based,manager,came across [det] [obj],My manager came across the account
Work-based,manager,came across [det] [obj],My manager came across the comment
Work-based,manager,came across [det] [obj],My manager came across the thread
Work-based,manager,came across [det] [obj],My manager came across my post
Work-based,manager,came across [det] [obj],My manager came across my Reddit
Work-based,manager,came across [det] [obj],My manager came across my account
Work-based,manager,came across [det] [obj],My manager came across my comment
Work-based,manager,came across [det] [obj],My manager came across my thread
Work-based,manager,came across [det] [obj],My manager came across this post
Work-based,manager,came across [det] [obj],My manager came across this Reddit
Work-based,manager,came across [det] [obj],My manager came across this account
Work-based,manager,came across [det] [obj],My manager came across this comment
Work-based,manager,came across [det] [obj],My manager came across this thread
Work-based,manager,stumbled across [det] [obj],My manager stumbled across the post
Work-based,manager,stumbled across [det] [obj],My manager stumbled across the Reddit
Work-based,manager,stumbled across [det] [obj],My manager stumbled across the account
Work-based,manager,stumbled across [det] [obj],My manager stumbled across the thread
Work-based,manager,stumbled across [det] [obj],My manager stumbled across the comment
Work-based,manager,stumbled across [det] [obj],My manager stumbled across my post
Work-based,manager,stumbled across [det] [obj],My manager stumbled across my Reddit
Work-based,manager,stumbled across [det] [obj],My manager stumbled across my account
Work-based,manager,stumbled across [det] [obj],My manager stumbled across my thread
Work-based,manager,stumbled across [det] [obj],My manager stumbled across my comment
Work-based,manager,stumbled across [det] [obj],My manager stumbled across this post
Work-based,manager,stumbled across [det] [obj],My manager stumbled across this Reddit
Work-based,manager,stumbled across [det] [obj],My manager stumbled across this account
Work-based,manager,stumbled across [det] [obj],My manager stumbled across this thread
Work-based,manager,stumbled across [det] [obj],My manager stumbled across this comment
Work-based,manager,found out I [obj],My manager found out I posted
Work-based,manager,found out I [obj],My manager found out I made this
Work-based,manager,traced my [obj],My manager traced my post
Work-based,manager,traced my [obj],My manager traced my Reddit
Work-based,manager,traced my [obj],My manager traced my account
Work-based,manager,traced my [obj],My manager traced my comment
Work-based,manager,traced my [obj],My manager traced my thread
Work-based,manager,got shared with,My post got shared with my manager
Work-based,manager,got shared with,My Reddit got shared with my manager
Work-based,manager,got shared with,My account got shared with my manager
Work-based,manager,got shared with,My comment got shared with my manager
Work-based,manager,got shared with,My thread got shared with my manager
Work-based,workplace,got back to,My post got back to my workplace
Work-based,workplace,found my [obj],My workplace found my post
Work-based,workplace,found out about my [obj],My workplace found out about my post
Work-based,workplace,found my [obj],My workplace found my posts
Work-based,workplace,found out about my [obj],My workplace found out about my posts
Work-based,workplace,found my [obj],My workplace found my Reddit
Work-based,workplace,found out about my [obj],My workplace found out about my Reddit
Work-based,workplace,found my [obj],My workplace found my account
Work-based,workplace,found out about my [obj],My workplace found out about my account
Work-based,workplace,found my [obj],My workplace found my page
Work-based,workplace,found out about my [obj],My workplace found out about my page
Work-based,workplace,found my [obj],My workplace found my profile
Work-based,workplace,found out about my [obj],My workplace found out about my profile
Work-based,workplace,found my [obj],My workplace found my comment
Work-based,workplace,found out about my [obj],My workplace found out about my comment
Work-based,workplace,found my [obj],My workplace found my comments
Work-based,workplace,found out about my [obj],My workplace found out about my comments
Work-based,workplace,saw my [obj],My workplace saw my post
Work-based,workplace,saw my [obj],My workplace saw my posts
Work-based,workplace,saw my [obj],My workplace saw my Reddit
Work-based,workplace,saw my [obj],My workplace saw my account
Work-based,workplace,saw my [obj],My workplace saw my page
Work-based,workplace,saw my [obj],My workplace saw my profile
Work-based,workplace,saw my [obj],My workplace saw my comment
Work-based,workplace,saw my [obj],My workplace saw my comments
Work-based,workplace,exposed my [obj],My workplace exposed my post
Work-based,workplace,exposed my [obj],My workplace exposed my posts
Work-based,workplace,exposed my [obj],My workplace exposed my Reddit
Work-based,workplace,exposed my [obj],My workplace exposed my account
Work-based,workplace,exposed my [obj],My workplace exposed my page
Work-based,workplace,exposed my [obj],My workplace exposed my profile
Work-based,workplace,exposed my [obj],My workplace exposed my comment
Work-based,workplace,exposed my [obj],My workplace exposed my comments
Work-based,workplace,knows about my [obj],My workplace knows about my post
Work-based,workplace,knows about my [obj],My workplace knows about my posts
Work-based,workplace,knows about my [obj],My workplace knows about my Reddit
Work-based,workplace,knows about my [obj],My workplace knows about my account
Work-based,workplace,knows about my [obj],My workplace knows about my page
Work-based,workplace,knows about my [obj],My workplace knows about my profile
Work-based,workplace,knows about my [obj],My workplace knows about my comment
Work-based,workplace,knows about my [obj],My workplace knows about my comments
Work-based,workplace,knows my [obj],My workplace knows my username
Work-based,workplace,knows my [obj],My workplace knows my account
Work-based,workplace,knows my [obj],My workplace knows my Reddit
Work-based,workplace,lurks [where],My workplace lurks here
Work-based,workplace,lurks [where],My workplace lurks on Reddit
Work-based,workplace,is a lurker,My workplace is a lurker
Work-based,workplace,found the [obj],My workplace found the thread
Work-based,workplace,found the [obj],My workplace found the post
Work-based,workplace,found the [obj],My workplace found the posts
Work-based,workplace,found the [obj],My workplace found the comment
Work-based,workplace,found the [obj],My workplace found the comments
Work-based,workplace,sent this [obj] to,Sent this thread to my workplace
Work-based,workplace,sent this [obj] to,Sent this post to my workplace
Work-based,workplace,came across [det] [obj],My workplace came across the post
Work-based,workplace,came across [det] [obj],My workplace came across the Reddit
Work-based,workplace,came across [det] [obj],My workplace came across the account
Work-based,workplace,came across [det] [obj],My workplace came across the comment
Work-based,workplace,came across [det] [obj],My workplace came across the thread
Work-based,workplace,came across [det] [obj],My workplace came across my post
Work-based,workplace,came across [det] [obj],My workplace came across my Reddit
Work-based,workplace,came across [det] [obj],My workplace came across my account
Work-based,workplace,came across [det] [obj],My workplace came across my comment
Work-based,workplace,came across [det] [obj],My workplace came across my thread
Work-based,workplace,came across [det] [obj],My workplace came across this post
Work-based,workplace,came across [det] [obj],My workplace came across this Reddit
Work-based,workplace,came across [det] [obj],My workplace came across this account
Work-based,workplace,came across [det] [obj],My workplace came across this comment
Work-based,workplace,came across [det] [obj],My workplace came across this thread
Work-based,workplace,stumbled across [det] [obj],My workplace stumbled across the post
Work-based,workplace,stumbled across [det] [obj],My workplace stumbled across the Reddit
Work-based,workplace,stumbled across [det] [obj],My workplace stumbled across the account
Work-based,workplace,stumbled across [det] [obj],My workplace stumbled across the thread
Work-based,workplace,stumbled across [det] [obj],My workplace stumbled across the comment
Work-based,workplace,stumbled across [det] [obj],My workplace stumbled across my post
Work-based,workplace,stumbled across [det] [obj],My workplace stumbled across my Reddit
Work-based,workplace,stumbled across [det] [obj],My workplace stumbled across my account
Work-based,workplace,stumbled across [det] [obj],My workplace stumbled across my thread
Work-based,workplace,stumbled across [det] [obj],My workplace stumbled across my comment
Work-based,workplace,stumbled across [det] [obj],My workplace stumbled across this post
Work-based,workplace,stumbled across [det] [obj],My workplace stumbled across this Reddit
Work-based,workplace,stumbled across [det] [obj],My workplace stumbled across this account
Work-based,workplace,stumbled across [det] [obj],My workplace stumbled across this thread
Work-based,workplace,stumbled across [det] [obj],My workplace stumbled across this comment
Work-based,workplace,found out I [obj],My workplace found out I posted
Work-based,workplace,found out I [obj],My workplace found out I made this
Work-based,workplace,traced my [obj],My workplace traced my post
Work-based,workplace,traced my [obj],My workplace traced my Reddit
Work-based,workplace,traced my [obj],My workplace traced my account
Work-based,workplace,traced my [obj],My workplace traced my comment
Work-based,workplace,traced my [obj],My workplace traced my thread
Work-based,workplace,got shared with,My post got shared with my workplace
Work-based,workplace,got shared with,My Reddit got shared with my workplace
Work-based,workplace,got shared with,My account got shared with my workplace
Work-based,workplace,got shared with,My comment got shared with my workplace
Work-based,workplace,got shared with,My thread got shared with my workplace
Work-based,work,got back to,My post got back to work
Work-based,work,found my [obj],Work found my post
Work-based,work,found out about my [obj],Work found out about my post
Work-based,work,found my [obj],Work found my posts
Work-based,work,found out about my [obj],Work found out about my posts
Work-based,work,found my [obj],Work found my Reddit
Work-based,work,found out about my [obj],Work found out about my Reddit
Work-based,work,found my [obj],Work found my account
Work-based,work,found out about my [obj],Work found out about my account
Work-based,work,found my [obj],Work found my page
Work-based,work,found out about my [obj],Work found out about my page
Work-based,work,found my [obj],Work found my profile
Work-based,work,found out about my [obj],Work found out about my profile
Work-based,work,found my [obj],Work found my comment
Work-based,work,found out about my [obj],Work found out about my comment
Work-based,work,found my [obj],Work found my comments
Work-based,work,found out about my [obj],Work found out about my comments
Work-based,work,saw my [obj],Work saw my post
Work-based,work,saw my [obj],Work saw my posts
Work-based,work,saw my [obj],Work saw my Reddit
Work-based,work,saw my [obj],Work saw my account
Work-based,work,saw my [obj],Work saw my page
Work-based,work,saw my [obj],Work saw my profile
Work-based,work,saw my [obj],Work saw my comment
Work-based,work,saw my [obj],Work saw my comments
Work-based,work,exposed my [obj],Work exposed my post
Work-based,work,exposed my [obj],Work exposed my posts
Work-based,work,exposed my [obj],Work exposed my Reddit
Work-based,work,exposed my [obj],Work exposed my account
Work-based,work,exposed my [obj],Work exposed my page
Work-based,work,exposed my [obj],Work exposed my profile
Work-based,work,exposed my [obj],Work exposed my comment
Work-based,work,exposed my [obj],Work exposed my comments
Work-based,work,knows about my [obj],Work knows about my post
Work-based,work,knows about my [obj],Work knows about my posts
Work-based,work,knows about my [obj],Work knows about my Reddit
Work-based,work,knows about my [obj],Work knows about my account
Work-based,work,knows about my [obj],Work knows about my page
Work-based,work,knows about my [obj],Work knows about my profile
Work-based,work,knows about my [obj],Work knows about my comment
Work-based,work,knows about my [obj],Work knows about my comments
Work-based,work,knows my [obj],Work knows my username
Work-based,work,knows my [obj],Work knows my account
Work-based,work,knows my [obj],Work knows my Reddit
Work-based,work,lurks [where],Work lurks here
Work-based,work,lurks [where],Work lurks on Reddit
Work-based,work,is a lurker,Work is a lurker
Work-based,work,found the [obj],Work found the thread
Work-based,work,found the [obj],Work found the post
Work-based,work,found the [obj],Work found the posts
Work-based,work,found the [obj],Work found the comment
Work-based,work,found the [obj],Work found the comments
Work-based,work,sent this [obj] to,Sent this thread to work
Work-based,work,sent this [obj] to,Sent this post to work
Work-based,work,came across [det] [obj],Work came across the post
Work-based,work,came across [det] [obj],Work came across the Reddit
Work-based,work,came across [det] [obj],Work came across the account
Work-based,work,came across [det] [obj],Work came across the comment
Work-based,work,came across [det] [obj],Work came across the thread
Work-based,work,came across [det] [obj],Work came across my post
Work-based,work,came across [det] [obj],Work came across my Reddit
Work-based,work,came across [det] [obj],Work came across my account
Work-based,work,came across [det] [obj],Work came across my comment
Work-based,work,came across [det] [obj],Work came across my thread
Work-based,work,came across [det] [obj],Work came across this post
Work-based,work,came across [det] [obj],Work came across this Reddit
Work-based,work,came across [det] [obj],Work came across this account
Work-based,work,came across [det] [obj],Work came across this comment
Work-based,work,came across [det] [obj],Work came across this thread
Work-based,work,stumbled across [det] [obj],Work stumbled across the post
Work-based,work,stumbled across [det] [obj],Work stumbled across the Reddit
Work-based,work,stumbled across [det] [obj],Work stumbled across the account
Work-based,work,stumbled across [det] [obj],Work stumbled across the thread
Work-based,work,stumbled across [det] [obj],Work stumbled across the comment
Work-based,work,stumbled across [det] [obj],Work stumbled across my post
Work-based,work,stumbled across [det] [obj],Work stumbled across my Reddit
Work-based,work,stumbled across [det] [obj],Work stumbled across my account
Work-based,work,stumbled across [det] [obj],Work stumbled across my thread
Work-based,work,stumbled across [det] [obj],Work stumbled across my comment
Work-based,work,stumbled across [det] [obj],Work stumbled across this post
Work-based,work,stumbled across [det] [obj],Work stumbled across this Reddit
Work-based,work,stumbled across [det] [obj],Work stumbled across this account
Work-based,work,stumbled across [det] [obj],Work stumbled across this thread
Work-based,work,stumbled across [det] [obj],Work stumbled across this comment
Work-based,work,found out I [obj],Work found out I posted
Work-based,work,found out I [obj],Work found out I made this
Work-based,work,traced my [obj],Work traced my post
Work-based,work,traced my [obj],Work traced my Reddit
Work-based,work,traced my [obj],Work traced my account
Work-based,work,traced my [obj],Work traced my comment
Work-based,work,traced my [obj],Work traced my thread
Work-based,work,got shared with,My post got shared with work
Work-based,work,got shared with,My Reddit got shared with work
Work-based,work,got shared with,My account got shared with work
Work-based,work,got shared with,My comment got shared with work
Work-based,work,got shared with,My thread got shared with work
Work-based,HR,got back to,My post got back to HR
Work-based,HR,found my [obj],Hr found my post
Work-based,HR,found out about my [obj],Hr found out about my post
Work-based,HR,found my [obj],Hr found my posts
Work-based,HR,found out about my [obj],Hr found out about my posts
Work-based,HR,found my [obj],Hr found my Reddit
Work-based,HR,found out about my [obj],Hr found out about my Reddit
Work-based,HR,found my [obj],Hr found my account
Work-based,HR,found out about my [obj],Hr found out about my account
Work-based,HR,found my [obj],Hr found my page
Work-based,HR,found out about my [obj],Hr found out about my page
Work-based,HR,found my [obj],Hr found my profile
Work-based,HR,found out about my [obj],Hr found out about my profile
Work-based,HR,found my [obj],Hr found my comment
Work-based,HR,found out about my [obj],Hr found out about my comment
Work-based,HR,found my [obj],Hr found my comments
Work-based,HR,found out about my [obj],Hr found out about my comments
Work-based,HR,saw my [obj],Hr saw my post
Work-based,HR,saw my [obj],Hr saw my posts
Work-based,HR,saw my [obj],Hr saw my Reddit
Work-based,HR,saw my [obj],Hr saw my account
Work-based,HR,saw my [obj],Hr saw my page
Work-based,HR,saw my [obj],Hr saw my profile
Work-based,HR,saw my [obj],Hr saw my comment
Work-based,HR,saw my [obj],Hr saw my comments
Work-based,HR,exposed my [obj],Hr exposed my post
Work-based,HR,exposed my [obj],Hr exposed my posts
Work-based,HR,exposed my [obj],Hr exposed my Reddit
Work-based,HR,exposed my [obj],Hr exposed my account
Work-based,HR,exposed my [obj],Hr exposed my page
Work-based,HR,exposed my [obj],Hr exposed my profile
Work-based,HR,exposed my [obj],Hr exposed my comment
Work-based,HR,exposed my [obj],Hr exposed my comments
Work-based,HR,knows about my [obj],Hr knows about my post
Work-based,HR,knows about my [obj],Hr knows about my posts
Work-based,HR,knows about my [obj],Hr knows about my Reddit
Work-based,HR,knows about my [obj],Hr knows about my account
Work-based,HR,knows about my [obj],Hr knows about my page
Work-based,HR,knows about my [obj],Hr knows about my profile
Work-based,HR,knows about my [obj],Hr knows about my comment
Work-based,HR,knows about my [obj],Hr knows about my comments
Work-based,HR,knows my [obj],Hr knows my username
Work-based,HR,knows my [obj],Hr knows my account
Work-based,HR,knows my [obj],Hr knows my Reddit
Work-based,HR,lurks [where],Hr lurks here
Work-based,HR,lurks [where],Hr lurks on Reddit
Work-based,HR,is a lurker,Hr is a lurker
Work-based,HR,found the [obj],Hr found the thread
Work-based,HR,found the [obj],Hr found the post
Work-based,HR,found the [obj],Hr found the posts
Work-based,HR,found the [obj],Hr found the comment
Work-based,HR,found the [obj],Hr found the comments
Work-based,HR,sent this [obj] to,Sent this thread to HR
Work-based,HR,sent this [obj] to,Sent this post to HR
Work-based,HR,came across [det] [obj],Hr came across the post
Work-based,HR,came across [det] [obj],Hr came across the Reddit
Work-based,HR,came across [det] [obj],Hr came across the account
Work-based,HR,came across [det] [obj],Hr came across the comment
Work-based,HR,came across [det] [obj],Hr came across the thread
Work-based,HR,came across [det] [obj],Hr came across my post
Work-based,HR,came across [det] [obj],Hr came across my Reddit
Work-based,HR,came across [det] [obj],Hr came across my account
Work-based,HR,came across [det] [obj],Hr came across my comment
Work-based,HR,came across [det] [obj],Hr came across my thread
Work-based,HR,came across [det] [obj],Hr came across this post
Work-based,HR,came across [det] [obj],Hr came across this Reddit
Work-based,HR,came across [det] [obj],Hr came across this account
Work-based,HR,came across [det] [obj],Hr came across this comment
Work-based,HR,came across [det] [obj],Hr came across this thread
Work-based,HR,stumbled across [det] [obj],Hr stumbled across the post
Work-based,HR,stumbled across [det] [obj],Hr stumbled across the Reddit
Work-based,HR,stumbled across [det] [obj],Hr stumbled across the account
Work-based,HR,stumbled across [det] [obj],Hr stumbled across the thread
Work-based,HR,stumbled across [det] [obj],Hr stumbled across the comment
Work-based,HR,stumbled across [det] [obj],Hr stumbled across my post
Work-based,HR,stumbled across [det] [obj],Hr stumbled across my Reddit
Work-based,HR,stumbled across [det] [obj],Hr stumbled across my account
Work-based,HR,stumbled across [det] [obj],Hr stumbled across my thread
Work-based,HR,stumbled across [det] [obj],Hr stumbled across my comment
Work-based,HR,stumbled across [det] [obj],Hr stumbled across this post
Work-based,HR,stumbled across [det] [obj],Hr stumbled across this Reddit
Work-based,HR,stumbled across [det] [obj],Hr stumbled across this account
Work-based,HR,stumbled across [det] [obj],Hr stumbled across this thread
Work-based,HR,stumbled across [det] [obj],Hr stumbled across this comment
Work-based,HR,found out I [obj],Hr found out I posted
Work-based,HR,found out I [obj],Hr found out I made this
Work-based,HR,traced my [obj],Hr traced my post
Work-based,HR,traced my [obj],Hr traced my Reddit
Work-based,HR,traced my [obj],Hr traced my account
Work-based,HR,traced my [obj],Hr traced my comment
Work-based,HR,traced my [obj],Hr traced my thread
Work-based,HR,got shared with,My post got shared with HR
Work-based,HR,got shared with,My Reddit got shared with HR
Work-based,HR,got shared with,My account got shared with HR
Work-based,HR,got shared with,My comment got shared with HR
Work-based,HR,got shared with,My thread got shared with HR
Work-based,someone from work,got back to,My post got back to someone from work
Work-based,someone from work,found my [obj],Someone from work found my post
Work-based,someone from work,found out about my [obj],Someone from work found out about my post
Work-based,someone from work,found my [obj],Someone from work found my posts
Work-based,someone from work,found out about my [obj],Someone from work found out about my posts
Work-based,someone from work,found my [obj],Someone from work found my Reddit
Work-based,someone from work,found out about my [obj],Someone from work found out about my Reddit
Work-based,someone from work,found my [obj],Someone from work found my account
Work-based,someone from work,found out about my [obj],Someone from work found out about my account
Work-based,someone from work,found my [obj],Someone from work found my page
Work-based,someone from work,found out about my [obj],Someone from work found out about my page
Work-based,someone from work,found my [obj],Someone from work found my profile
Work-based,someone from work,found out about my [obj],Someone from work found out about my profile
Work-based,someone from work,found my [obj],Someone from work found my comment
Work-based,someone from work,found out about my [obj],Someone from work found out about my comment
Work-based,someone from work,found my [obj],Someone from work found my comments
Work-based,someone from work,found out about my [obj],Someone from work found out about my comments
Work-based,someone from work,saw my [obj],Someone from work saw my post
Work-based,someone from work,saw my [obj],Someone from work saw my posts
Work-based,someone from work,saw my [obj],Someone from work saw my Reddit
Work-based,someone from work,saw my [obj],Someone from work saw my account
Work-based,someone from work,saw my [obj],Someone from work saw my page
Work-based,someone from work,saw my [obj],Someone from work saw my profile
Work-based,someone from work,saw my [obj],Someone from work saw my comment
Work-based,someone from work,saw my [obj],Someone from work saw my comments
Work-based,someone from work,exposed my [obj],Someone from work exposed my post
Work-based,someone from work,exposed my [obj],Someone from work exposed my posts
Work-based,someone from work,exposed my [obj],Someone from work exposed my Reddit
Work-based,someone from work,exposed my [obj],Someone from work exposed my account
Work-based,someone from work,exposed my [obj],Someone from work exposed my page
Work-based,someone from work,exposed my [obj],Someone from work exposed my profile
Work-based,someone from work,exposed my [obj],Someone from work exposed my comment
Work-based,someone from work,exposed my [obj],Someone from work exposed my comments
Work-based,someone from work,knows about my [obj],Someone from work knows about my post
Work-based,someone from work,knows about my [obj],Someone from work knows about my posts
Work-based,someone from work,knows about my [obj],Someone from work knows about my Reddit
Work-based,someone from work,knows about my [obj],Someone from work knows about my account
Work-based,someone from work,knows about my [obj],Someone from work knows about my page
Work-based,someone from work,knows about my [obj],Someone from work knows about my profile
Work-based,someone from work,knows about my [obj],Someone from work knows about my comment
Work-based,someone from work,knows about my [obj],Someone from work knows about my comments
Work-based,someone from work,knows my [obj],Someone from work knows my username
Work-based,someone from work,knows my [obj],Someone from work knows my account
Work-based,someone from work,knows my [obj],Someone from work knows my Reddit
Work-based,someone from work,lurks [where],Someone from work lurks here
Work-based,someone from work,lurks [where],Someone from work lurks on Reddit
Work-based,someone from work,is a lurker,Someone from work is a lurker
Work-based,someone from work,found the [obj],Someone from work found the thread
Work-based,someone from work,found the [obj],Someone from work found the post
Work-based,someone from work,found the [obj],Someone from work found the posts
Work-based,someone from work,found the [obj],Someone from work found the comment
Work-based,someone from work,found the [obj],Someone from work found the comments
Work-based,someone from work,sent this [obj] to,Sent this thread to someone from work
Work-based,someone from work,sent this [obj] to,Sent this post to someone from work
Work-based,someone from work,came across [det] [obj],Someone from work came across the post
Work-based,someone from work,came across [det] [obj],Someone from work came across the Reddit
Work-based,someone from work,came across [det] [obj],Someone from work came across the account
Work-based,someone from work,came across [det] [obj],Someone from work came across the comment
Work-based,someone from work,came across [det] [obj],Someone from work came across the thread
Work-based,someone from work,came across [det] [obj],Someone from work came across my post
Work-based,someone from work,came across [det] [obj],Someone from work came across my Reddit
Work-based,someone from work,came across [det] [obj],Someone from work came across my account
Work-based,someone from work,came across [det] [obj],Someone from work came across my comment
Work-based,someone from work,came across [det] [obj],Someone from work came across my thread
Work-based,someone from work,came across [det] [obj],Someone from work came across this post
Work-based,someone from work,came across [det] [obj],Someone from work came across this Reddit
Work-based,someone from work,came across [det] [obj],Someone from work came across this account
Work-based,someone from work,came across [det] [obj],Someone from work came across this comment
Work-based,someone from work,came across [det] [obj],Someone from work came across this thread
Work-based,someone from work,stumbled across [det] [obj],Someone from work stumbled across the post
Work-based,someone from work,stumbled across [det] [obj],Someone from work stumbled across the Reddit
Work-based,someone from work,stumbled across [det] [obj],Someone from work stumbled across the account
Work-based,someone from work,stumbled across [det] [obj],Someone from work stumbled across the thread
Work-based,someone from work,stumbled across [det] [obj],Someone from work stumbled across the comment
Work-based,someone from work,stumbled across [det] [obj],Someone from work stumbled across my post
Work-based,someone from work,stumbled across [det] [obj],Someone from work stumbled across my Reddit
Work-based,someone from work,stumbled across [det] [obj],Someone from work stumbled across my account
Work-based,someone from work,stumbled across [det] [obj],Someone from work stumbled across my thread
Work-based,someone from work,stumbled across [det] [obj],Someone from work stumbled across my comment
Work-based,someone from work,stumbled across [det] [obj],Someone from work stumbled across this post
Work-based,someone from work,stumbled across [det] [obj],Someone from work stumbled across this Reddit
Work-based,someone from work,stumbled across [det] [obj],Someone from work stumbled across this account
Work-based,someone from work,stumbled across [det] [obj],Someone from work stumbled across this thread
Work-based,someone from work,stumbled across [det] [obj],Someone from work stumbled across this comment
Work-based,someone from work,found out I [obj],Someone from work found out I posted
Work-based,someone from work,found out I [obj],Someone from work found out I made this
Work-based,someone from work,traced my [obj],Someone from work traced my post
Work-based,someone from work,traced my [obj],Someone from work traced my Reddit
Work-based,someone from work,traced my [obj],Someone from work traced my account
Work-based,someone from work,traced my [obj],Someone from work traced my comment
Work-based,someone from work,traced my [obj],Someone from work traced my thread
Work-based,someone from work,got shared with,My post got shared with someone from work
Work-based,someone from work,got shared with,My Reddit got shared with someone from work
Work-based,someone from work,got shared with,My account got shared with someone from work
Work-based,someone from work,got shared with,My comment got shared with someone from work
Work-based,someone from work,got shared with,My thread got shared with someone from work
Work-based,board,got back to,My post got back to the board
Work-based,board,found my [obj],The board found my post
Work-based,board,found out about my [obj],The board found out about my post
Work-based,board,found my [obj],The board found my posts
Work-based,board,found out about my [obj],The board found out about my posts
Work-based,board,found my [obj],The board found my Reddit
Work-based,board,found out about my [obj],The board found out about my Reddit
Work-based,board,found my [obj],The board found my account
Work-based,board,found out about my [obj],The board found out about my account
Work-based,board,found my [obj],The board found my page
Work-based,board,found out about my [obj],The board found out about my page
Work-based,board,found my [obj],The board found my profile
Work-based,board,found out about my [obj],The board found out about my profile
Work-based,board,found my [obj],The board found my comment
Work-based,board,found out about my [obj],The board found out about my comment
Work-based,board,found my [obj],The board found my comments
Work-based,board,found out about my [obj],The board found out about my comments
Work-based,board,saw my [obj],The board saw my post
Work-based,board,saw my [obj],The board saw my posts
Work-based,board,saw my [obj],The board saw my Reddit
Work-based,board,saw my [obj],The board saw my account
Work-based,board,saw my [obj],The board saw my page
Work-based,board,saw my [obj],The board saw my profile
Work-based,board,saw my [obj],The board saw my comment
Work-based,board,saw my [obj],The board saw my comments
Work-based,board,exposed my [obj],The board exposed my post
Work-based,board,exposed my [obj],The board exposed my posts
Work-based,board,exposed my [obj],The board exposed my Reddit
Work-based,board,exposed my [obj],The board exposed my account
Work-based,board,exposed my [obj],The board exposed my page
Work-based,board,exposed my [obj],The board exposed my profile
Work-based,board,exposed my [obj],The board exposed my comment
Work-based,board,exposed my [obj],The board exposed my comments
Work-based,board,knows about my [obj],The board knows about my post
Work-based,board,knows about my [obj],The board knows about my posts
Work-based,board,knows about my [obj],The board knows about my Reddit
Work-based,board,knows about my [obj],The board knows about my account
Work-based,board,knows about my [obj],The board knows about my page
Work-based,board,knows about my [obj],The board knows about my profile
Work-based,board,knows about my [obj],The board knows about my comment
Work-based,board,knows about my [obj],The board knows about my comments
Work-based,board,knows my [obj],The board knows my username
Work-based,board,knows my [obj],The board knows my account
Work-based,board,knows my [obj],The board knows my Reddit
Work-based,board,lurks [where],The board lurks here
Work-based,board,lurks [where],The board lurks on Reddit
Work-based,board,is a lurker,The board is a lurker
Work-based,board,found the [obj],The board found the thread
Work-based,board,found the [obj],The board found the post
Work-based,board,found the [obj],The board found the posts
Work-based,board,found the [obj],The board found the comment
Work-based,board,found the [obj],The board found the comments
Work-based,board,sent this [obj] to,Sent this thread to the board
Work-based,board,sent this [obj] to,Sent this post to the board
Work-based,board,came across [det] [obj],The board came across the post
Work-based,board,came across [det] [obj],The board came across the Reddit
Work-based,board,came across [det] [obj],The board came across the account
Work-based,board,came across [det] [obj],The board came across the comment
Work-based,board,came across [det] [obj],The board came across the thread
Work-based,board,came across [det] [obj],The board came across my post
Work-based,board,came across [det] [obj],The board came across my Reddit
Work-based,board,came across [det] [obj],The board came across my account
Work-based,board,came across [det] [obj],The board came across my comment
Work-based,board,came across [det] [obj],The board came across my thread
Work-based,board,came across [det] [obj],The board came across this post
Work-based,board,came across [det] [obj],The board came across this Reddit
Work-based,board,came across [det] [obj],The board came across this account
Work-based,board,came across [det] [obj],The board came across this comment
Work-based,board,came across [det] [obj],The board came across this thread
Work-based,board,stumbled across [det] [obj],The board stumbled across the post
Work-based,board,stumbled across [det] [obj],The board stumbled across the Reddit
Work-based,board,stumbled across [det] [obj],The board stumbled across the account
Work-based,board,stumbled across [det] [obj],The board stumbled across the thread
Work-based,board,stumbled across [det] [obj],The board stumbled across the comment
Work-based,board,stumbled across [det] [obj],The board stumbled across my post
Work-based,board,stumbled across [det] [obj],The board stumbled across my Reddit
Work-based,board,stumbled across [det] [obj],The board stumbled across my account
Work-based,board,stumbled across [det] [obj],The board stumbled across my thread
Work-based,board,stumbled across [det] [obj],The board stumbled across my comment
Work-based,board,stumbled across [det] [obj],The board stumbled across this post
Work-based,board,stumbled across [det] [obj],The board stumbled across this Reddit
Work-based,board,stumbled across [det] [obj],The board stumbled across this account
Work-based,board,stumbled across [det] [obj],The board stumbled across this thread
Work-based,board,stumbled across [det] [obj],The board stumbled across this comment
Work-based,board,found out I [obj],The board found out I posted
Work-based,board,found out I [obj],The board found out I made this
Work-based,board,traced my [obj],The board traced my post
Work-based,board,traced my [obj],The board traced my Reddit
Work-based,board,traced my [obj],The board traced my account
Work-based,board,traced my [obj],The board traced my comment
Work-based,board,traced my [obj],The board traced my thread
Work-based,board,got shared with,My post got shared with the board
Work-based,board,got shared with,My Reddit got shared with the board
Work-based,board,got shared with,My account got shared with the board
Work-based,board,got shared with,My comment got shared with the board
Work-based,board,got shared with,My thread got shared with the board
School-based,school,got back to,My post got back to my school
School-based,school,found my [obj],My school found my post
School-based,school,found out about my [obj],My school found out about my post
School-based,school,found my [obj],My school found my posts
School-based,school,found out about my [obj],My school found out about my posts
School-based,school,found my [obj],My school found my Reddit
School-based,school,found out about my [obj],My school found out about my Reddit
School-based,school,found my [obj],My school found my account
School-based,school,found out about my [obj],My school found out about my account
School-based,school,found my [obj],My school found my page
School-based,school,found out about my [obj],My school found out about my page
School-based,school,found my [obj],My school found my profile
School-based,school,found out about my [obj],My school found out about my profile
School-based,school,found my [obj],My school found my comment
School-based,school,found out about my [obj],My school found out about my comment
School-based,school,found my [obj],My school found my comments
School-based,school,found out about my [obj],My school found out about my comments
School-based,school,saw my [obj],My school saw my post
School-based,school,saw my [obj],My school saw my posts
School-based,school,saw my [obj],My school saw my Reddit
School-based,school,saw my [obj],My school saw my account
School-based,school,saw my [obj],My school saw my page
School-based,school,saw my [obj],My school saw my profile
School-based,school,saw my [obj],My school saw my comment
School-based,school,saw my [obj],My school saw my comments
School-based,school,exposed my [obj],My school exposed my post
School-based,school,exposed my [obj],My school exposed my posts
School-based,school,exposed my [obj],My school exposed my Reddit
School-based,school,exposed my [obj],My school exposed my account
School-based,school,exposed my [obj],My school exposed my page
School-based,school,exposed my [obj],My school exposed my profile
School-based,school,exposed my [obj],My school exposed my comment
School-based,school,exposed my [obj],My school exposed my comments
School-based,school,knows about my [obj],My school knows about my post
School-based,school,knows about my [obj],My school knows about my posts
School-based,school,knows about my [obj],My school knows about my Reddit
School-based,school,knows about my [obj],My school knows about my account
School-based,school,knows about my [obj],My school knows about my page
School-based,school,knows about my [obj],My school knows about my profile
School-based,school,knows about my [obj],My school knows about my comment
School-based,school,knows about my [obj],My school knows about my comments
School-based,school,knows my [obj],My school knows my username
School-based,school,knows my [obj],My school knows my account
School-based,school,knows my [obj],My school knows my Reddit
School-based,school,lurks [where],My school lurks here
School-based,school,lurks [where],My school lurks on Reddit
School-based,school,is a lurker,My school is a lurker
School-based,school,found the [obj],My school found the thread
School-based,school,found the [obj],My school found the post
School-based,school,found the [obj],My school found the posts
School-based,school,found the [obj],My school found the comment
School-based,school,found the [obj],My school found the comments
School-based,school,sent this [obj] to,Sent this thread to my school
School-based,school,sent this [obj] to,Sent this post to my school
School-based,school,came across [det] [obj],My school came across the post
School-based,school,came across [det] [obj],My school came across the Reddit
School-based,school,came across [det] [obj],My school came across the account
School-based,school,came across [det] [obj],My school came across the comment
School-based,school,came across [det] [obj],My school came across the thread
School-based,school,came across [det] [obj],My school came across my post
School-based,school,came across [det] [obj],My school came across my Reddit
School-based,school,came across [det] [obj],My school came across my account
School-based,school,came across [det] [obj],My school came across my comment
School-based,school,came across [det] [obj],My school came across my thread
School-based,school,came across [det] [obj],My school came across this post
School-based,school,came across [det] [obj],My school came across this Reddit
School-based,school,came across [det] [obj],My school came across this account
School-based,school,came across [det] [obj],My school came across this comment
School-based,school,came across [det] [obj],My school came across this thread
School-based,school,stumbled across [det] [obj],My school stumbled across the post
School-based,school,stumbled across [det] [obj],My school stumbled across the Reddit
School-based,school,stumbled across [det] [obj],My school stumbled across the account
School-based,school,stumbled across [det] [obj],My school stumbled across the thread
School-based,school,stumbled across [det] [obj],My school stumbled across the comment
School-based,school,stumbled across [det] [obj],My school stumbled across my post
School-based,school,stumbled across [det] [obj],My school stumbled across my Reddit
School-based,school,stumbled across [det] [obj],My school stumbled across my account
School-based,school,stumbled across [det] [obj],My school stumbled across my thread
School-based,school,stumbled across [det] [obj],My school stumbled across my comment
School-based,school,stumbled across [det] [obj],My school stumbled across this post
School-based,school,stumbled across [det] [obj],My school stumbled across this Reddit
School-based,school,stumbled across [det] [obj],My school stumbled across this account
School-based,school,stumbled across [det] [obj],My school stumbled across this thread
School-based,school,stumbled across [det] [obj],My school stumbled across this comment
School-based,school,found out I [obj],My school found out I posted
School-based,school,found out I [obj],My school found out I made this
School-based,school,traced my [obj],My school traced my post
School-based,school,traced my [obj],My school traced my Reddit
School-based,school,traced my [obj],My school traced my account
School-based,school,traced my [obj],My school traced my comment
School-based,school,traced my [obj],My school traced my thread
School-based,school,got shared with,My post got shared with my school
School-based,school,got shared with,My Reddit got shared with my school
School-based,school,got shared with,My account got shared with my school
School-based,school,got shared with,My comment got shared with my school
School-based,school,got shared with,My thread got shared with my school
School-based,university,got back to,My post got back to my university
School-based,university,found my [obj],My university found my post
School-based,university,found out about my [obj],My university found out about my post
School-based,university,found my [obj],My university found my posts
School-based,university,found out about my [obj],My university found out about my posts
School-based,university,found my [obj],My university found my Reddit
School-based,university,found out about my [obj],My university found out about my Reddit
School-based,university,found my [obj],My university found my account
School-based,university,found out about my [obj],My university found out about my account
School-based,university,found my [obj],My university found my page
School-based,university,found out about my [obj],My university found out about my page
School-based,university,found my [obj],My university found my profile
School-based,university,found out about my [obj],My university found out about my profile
School-based,university,found my [obj],My university found my comment
School-based,university,found out about my [obj],My university found out about my comment
School-based,university,found my [obj],My university found my comments
School-based,university,found out about my [obj],My university found out about my comments
School-based,university,saw my [obj],My university saw my post
School-based,university,saw my [obj],My university saw my posts
School-based,university,saw my [obj],My university saw my Reddit
School-based,university,saw my [obj],My university saw my account
School-based,university,saw my [obj],My university saw my page
School-based,university,saw my [obj],My university saw my profile
School-based,university,saw my [obj],My university saw my comment
School-based,university,saw my [obj],My university saw my comments
School-based,university,exposed my [obj],My university exposed my post
School-based,university,exposed my [obj],My university exposed my posts
School-based,university,exposed my [obj],My university exposed my Reddit
School-based,university,exposed my [obj],My university exposed my account
School-based,university,exposed my [obj],My university exposed my page
School-based,university,exposed my [obj],My university exposed my profile
School-based,university,exposed my [obj],My university exposed my comment
School-based,university,exposed my [obj],My university exposed my comments
School-based,university,knows about my [obj],My university knows about my post
School-based,university,knows about my [obj],My university knows about my posts
School-based,university,knows about my [obj],My university knows about my Reddit
School-based,university,knows about my [obj],My university knows about my account
School-based,university,knows about my [obj],My university knows about my page
School-based,university,knows about my [obj],My university knows about my profile
School-based,university,knows about my [obj],My university knows about my comment
School-based,university,knows about my [obj],My university knows about my comments
School-based,university,knows my [obj],My university knows my username
School-based,university,knows my [obj],My university knows my account
School-based,university,knows my [obj],My university knows my Reddit
School-based,university,lurks [where],My university lurks here
School-based,university,lurks [where],My university lurks on Reddit
School-based,university,is a lurker,My university is a lurker
School-based,university,found the [obj],My university found the thread
School-based,university,found the [obj],My university found the post
School-based,university,found the [obj],My university found the posts
School-based,university,found the [obj],My university found the comment
School-based,university,found the [obj],My university found the comments
School-based,university,sent this [obj] to,Sent this thread to my university
School-based,university,sent this [obj] to,Sent this post to my university
School-based,university,came across [det] [obj],My university came across the post
School-based,university,came across [det] [obj],My university came across the Reddit
School-based,university,came across [det] [obj],My university came across the account
School-based,university,came across [det] [obj],My university came across the comment
School-based,university,came across [det] [obj],My university came across the thread
School-based,university,came across [det] [obj],My university came across my post
School-based,university,came across [det] [obj],My university came across my Reddit
School-based,university,came across [det] [obj],My university came across my account
School-based,university,came across [det] [obj],My university came across my comment
School-based,university,came across [det] [obj],My university came across my thread
School-based,university,came across [det] [obj],My university came across this post
School-based,university,came across [det] [obj],My university came across this Reddit
School-based,university,came across [det] [obj],My university came across this account
School-based,university,came across [det] [obj],My university came across this comment
School-based,university,came across [det] [obj],My university came across this thread
School-based,university,stumbled across [det] [obj],My university stumbled across the post
School-based,university,stumbled across [det] [obj],My university stumbled across the Reddit
School-based,university,stumbled across [det] [obj],My university stumbled across the account
School-based,university,stumbled across [det] [obj],My university stumbled across the thread
School-based,university,stumbled across [det] [obj],My university stumbled across the comment
School-based,university,stumbled across [det] [obj],My university stumbled across my post
School-based,university,stumbled across [det] [obj],My university stumbled across my Reddit
School-based,university,stumbled across [det] [obj],My university stumbled across my account
School-based,university,stumbled across [det] [obj],My university stumbled across my thread
School-based,university,stumbled across [det] [obj],My university stumbled across my comment
School-based,university,stumbled across [det] [obj],My university stumbled across this post
School-based,university,stumbled across [det] [obj],My university stumbled across this Reddit
School-based,university,stumbled across [det] [obj],My university stumbled across this account
School-based,university,stumbled across [det] [obj],My university stumbled across this thread
School-based,university,stumbled across [det] [obj],My university stumbled across this comment
School-based,university,found out I [obj],My university found out I posted
School-based,university,found out I [obj],My university found out I made this
School-based,university,traced my [obj],My university traced my post
School-based,university,traced my [obj],My university traced my Reddit
School-based,university,traced my [obj],My university traced my account
School-based,university,traced my [obj],My university traced my comment
School-based,university,traced my [obj],My university traced my thread
School-based,university,got shared with,My post got shared with my university
School-based,university,got shared with,My Reddit got shared with my university
School-based,university,got shared with,My account got shared with my university
School-based,university,got shared with,My comment got shared with my university
School-based,university,got shared with,My thread got shared with my university
School-based,professor,got back to,My post got back to my professor
School-based,professor,found my [obj],My professor found my post
School-based,professor,found out about my [obj],My professor found out about my post
School-based,professor,found my [obj],My professor found my posts
School-based,professor,found out about my [obj],My professor found out about my posts
School-based,professor,found my [obj],My professor found my Reddit
School-based,professor,found out about my [obj],My professor found out about my Reddit
School-based,professor,found my [obj],My professor found my account
School-based,professor,found out about my [obj],My professor found out about my account
School-based,professor,found my [obj],My professor found my page
School-based,professor,found out about my [obj],My professor found out about my page
School-based,professor,found my [obj],My professor found my profile
School-based,professor,found out about my [obj],My professor found out about my profile
School-based,professor,found my [obj],My professor found my comment
School-based,professor,found out about my [obj],My professor found out about my comment
School-based,professor,found my [obj],My professor found my comments
School-based,professor,found out about my [obj],My professor found out about my comments
School-based,professor,saw my [obj],My professor saw my post
School-based,professor,saw my [obj],My professor saw my posts
School-based,professor,saw my [obj],My professor saw my Reddit
School-based,professor,saw my [obj],My professor saw my account
School-based,professor,saw my [obj],My professor saw my page
School-based,professor,saw my [obj],My professor saw my profile
School-based,professor,saw my [obj],My professor saw my comment
School-based,professor,saw my [obj],My professor saw my comments
School-based,professor,exposed my [obj],My professor exposed my post
School-based,professor,exposed my [obj],My professor exposed my posts
School-based,professor,exposed my [obj],My professor exposed my Reddit
School-based,professor,exposed my [obj],My professor exposed my account
School-based,professor,exposed my [obj],My professor exposed my page
School-based,professor,exposed my [obj],My professor exposed my profile
School-based,professor,exposed my [obj],My professor exposed my comment
School-based,professor,exposed my [obj],My professor exposed my comments
School-based,professor,knows about my [obj],My professor knows about my post
School-based,professor,knows about my [obj],My professor knows about my posts
School-based,professor,knows about my [obj],My professor knows about my Reddit
School-based,professor,knows about my [obj],My professor knows about my account
School-based,professor,knows about my [obj],My professor knows about my page
School-based,professor,knows about my [obj],My professor knows about my profile
School-based,professor,knows about my [obj],My professor knows about my comment
School-based,professor,knows about my [obj],My professor knows about my comments
School-based,professor,knows my [obj],My professor knows my username
School-based,professor,knows my [obj],My professor knows my account
School-based,professor,knows my [obj],My professor knows my Reddit
School-based,professor,lurks [where],My professor lurks here
School-based,professor,lurks [where],My professor lurks on Reddit
School-based,professor,is a lurker,My professor is a lurker
School-based,professor,found the [obj],My professor found the thread
School-based,professor,found the [obj],My professor found the post
School-based,professor,found the [obj],My professor found the posts
School-based,professor,found the [obj],My professor found the comment
School-based,professor,found the [obj],My professor found the comments
School-based,professor,sent this [obj] to,Sent this thread to my professor
School-based,professor,sent this [obj] to,Sent this post to my professor
School-based,professor,came across [det] [obj],My professor came across the post
School-based,professor,came across [det] [obj],My professor came across the Reddit
School-based,professor,came across [det] [obj],My professor came across the account
School-based,professor,came across [det] [obj],My professor came across the comment
School-based,professor,came across [det] [obj],My professor came across the thread
School-based,professor,came across [det] [obj],My professor came across my post
School-based,professor,came across [det] [obj],My professor came across my Reddit
School-based,professor,came across [det] [obj],My professor came across my account
School-based,professor,came across [det] [obj],My professor came across my comment
School-based,professor,came across [det] [obj],My professor came across my thread
School-based,professor,came across [det] [obj],My professor came across this post
School-based,professor,came across [det] [obj],My professor came across this Reddit
School-based,professor,came across [det] [obj],My professor came across this account
School-based,professor,came across [det] [obj],My professor came across this comment
School-based,professor,came across [det] [obj],My professor came across this thread
School-based,professor,stumbled across [det] [obj],My professor stumbled across the post
School-based,professor,stumbled across [det] [obj],My professor stumbled across the Reddit
School-based,professor,stumbled across [det] [obj],My professor stumbled across the account
School-based,professor,stumbled across [det] [obj],My professor stumbled across the thread
School-based,professor,stumbled across [det] [obj],My professor stumbled across the comment
School-based,professor,stumbled across [det] [obj],My professor stumbled across my post
School-based,professor,stumbled across [det] [obj],My professor stumbled across my Reddit
School-based,professor,stumbled across [det] [obj],My professor stumbled across my account
School-based,professor,stumbled across [det] [obj],My professor stumbled across my thread
School-based,professor,stumbled across [det] [obj],My professor stumbled across my comment
School-based,professor,stumbled across [det] [obj],My professor stumbled across this post
School-based,professor,stumbled across [det] [obj],My professor stumbled across this Reddit
School-based,professor,stumbled across [det] [obj],My professor stumbled across this account
School-based,professor,stumbled across [det] [obj],My professor stumbled across this thread
School-based,professor,stumbled across [det] [obj],My professor stumbled across this comment
School-based,professor,found out I [obj],My professor found out I posted
School-based,professor,found out I [obj],My professor found out I made this
School-based,professor,traced my [obj],My professor traced my post
School-based,professor,traced my [obj],My professor traced my Reddit
School-based,professor,traced my [obj],My professor traced my account
School-based,professor,traced my [obj],My professor traced my comment
School-based,professor,traced my [obj],My professor traced my thread
School-based,professor,got shared with,My post got shared with my professor
School-based,professor,got shared with,My Reddit got shared with my professor
School-based,professor,got shared with,My account got shared with my professor
School-based,professor,got shared with,My comment got shared with my professor
School-based,professor,got shared with,My thread got shared with my professor
School-based,teacher,got back to,My post got back to my teacher
School-based,teacher,found my [obj],My teacher found my post
School-based,teacher,found out about my [obj],My teacher found out about my post
School-based,teacher,found my [obj],My teacher found my posts
School-based,teacher,found out about my [obj],My teacher found out about my posts
School-based,teacher,found my [obj],My teacher found my Reddit
School-based,teacher,found out about my [obj],My teacher found out about my Reddit
School-based,teacher,found my [obj],My teacher found my account
School-based,teacher,found out about my [obj],My teacher found out about my account
School-based,teacher,found my [obj],My teacher found my page
School-based,teacher,found out about my [obj],My teacher found out about my page
School-based,teacher,found my [obj],My teacher found my profile
School-based,teacher,found out about my [obj],My teacher found out about my profile
School-based,teacher,found my [obj],My teacher found my comment
School-based,teacher,found out about my [obj],My teacher found out about my comment
School-based,teacher,found my [obj],My teacher found my comments
School-based,teacher,found out about my [obj],My teacher found out about my comments
School-based,teacher,saw my [obj],My teacher saw my post
School-based,teacher,saw my [obj],My teacher saw my posts
School-based,teacher,saw my [obj],My teacher saw my Reddit
School-based,teacher,saw my [obj],My teacher saw my account
School-based,teacher,saw my [obj],My teacher saw my page
School-based,teacher,saw my [obj],My teacher saw my profile
School-based,teacher,saw my [obj],My teacher saw my comment
School-based,teacher,saw my [obj],My teacher saw my comments
School-based,teacher,exposed my [obj],My teacher exposed my post
School-based,teacher,exposed my [obj],My teacher exposed my posts
School-based,teacher,exposed my [obj],My teacher exposed my Reddit
School-based,teacher,exposed my [obj],My teacher exposed my account
School-based,teacher,exposed my [obj],My teacher exposed my page
School-based,teacher,exposed my [obj],My teacher exposed my profile
School-based,teacher,exposed my [obj],My teacher exposed my comment
School-based,teacher,exposed my [obj],My teacher exposed my comments
School-based,teacher,knows about my [obj],My teacher knows about my post
School-based,teacher,knows about my [obj],My teacher knows about my posts
School-based,teacher,knows about my [obj],My teacher knows about my Reddit
School-based,teacher,knows about my [obj],My teacher knows about my account
School-based,teacher,knows about my [obj],My teacher knows about my page
School-based,teacher,knows about my [obj],My teacher knows about my profile
School-based,teacher,knows about my [obj],My teacher knows about my comment
School-based,teacher,knows about my [obj],My teacher knows about my comments
School-based,teacher,knows my [obj],My teacher knows my username
School-based,teacher,knows my [obj],My teacher knows my account
School-based,teacher,knows my [obj],My teacher knows my Reddit
School-based,teacher,lurks [where],My teacher lurks here
School-based,teacher,lurks [where],My teacher lurks on Reddit
School-based,teacher,is a lurker,My teacher is a lurker
School-based,teacher,found the [obj],My teacher found the thread
School-based,teacher,found the [obj],My teacher found the post
School-based,teacher,found the [obj],My teacher found the posts
School-based,teacher,found the [obj],My teacher found the comment
School-based,teacher,found the [obj],My teacher found the comments
School-based,teacher,sent this [obj] to,Sent this thread to my teacher
School-based,teacher,sent this [obj] to,Sent this post to my teacher
School-based,teacher,came across [det] [obj],My teacher came across the post
School-based,teacher,came across [det] [obj],My teacher came across the Reddit
School-based,teacher,came across [det] [obj],My teacher came across the account
School-based,teacher,came across [det] [obj],My teacher came across the comment
School-based,teacher,came across [det] [obj],My teacher came across the thread
School-based,teacher,came across [det] [obj],My teacher came across my post
School-based,teacher,came across [det] [obj],My teacher came across my Reddit
School-based,teacher,came across [det] [obj],My teacher came across my account
School-based,teacher,came across [det] [obj],My teacher came across my comment
School-based,teacher,came across [det] [obj],My teacher came across my thread
School-based,teacher,came across [det] [obj],My teacher came across this post
School-based,teacher,came across [det] [obj],My teacher came across this Reddit
School-based,teacher,came across [det] [obj],My teacher came across this account
School-based,teacher,came across [det] [obj],My teacher came across this comment
School-based,teacher,came across [det] [obj],My teacher came across this thread
School-based,teacher,stumbled across [det] [obj],My teacher stumbled across the post
School-based,teacher,stumbled across [det] [obj],My teacher stumbled across the Reddit
School-based,teacher,stumbled across [det] [obj],My teacher stumbled across the account
School-based,teacher,stumbled across [det] [obj],My teacher stumbled across the thread
School-based,teacher,stumbled across [det] [obj],My teacher stumbled across the comment
School-based,teacher,stumbled across [det] [obj],My teacher stumbled across my post
School-based,teacher,stumbled across [det] [obj],My teacher stumbled across my Reddit
School-based,teacher,stumbled across [det] [obj],My teacher stumbled across my account
School-based,teacher,stumbled across [det] [obj],My teacher stumbled across my thread
School-based,teacher,stumbled across [det] [obj],My teacher stumbled across my comment
School-based,teacher,stumbled across [det] [obj],My teacher stumbled across this post
School-based,teacher,stumbled across [det] [obj],My teacher stumbled across this Reddit
School-based,teacher,stumbled across [det] [obj],My teacher stumbled across this account
School-based,teacher,stumbled across [det] [obj],My teacher stumbled across this thread
School-based,teacher,stumbled across [det] [obj],My teacher stumbled across this comment
School-based,teacher,found out I [obj],My teacher found out I posted
School-based,teacher,found out I [obj],My teacher found out I made this
School-based,teacher,traced my [obj],My teacher traced my post
School-based,teacher,traced my [obj],My teacher traced my Reddit
School-based,teacher,traced my [obj],My teacher traced my account
School-based,teacher,traced my [obj],My teacher traced my comment
School-based,teacher,traced my [obj],My teacher traced my thread
School-based,teacher,got shared with,My post got shared with my teacher
School-based,teacher,got shared with,My Reddit got shared with my teacher
School-based,teacher,got shared with,My account got shared with my teacher
School-based,teacher,got shared with,My comment got shared with my teacher
School-based,teacher,got shared with,My thread got shared with my teacher
School-based,faculty,got back to,My post got back to the faculty
School-based,faculty,found my [obj],The faculty found my post
School-based,faculty,found out about my [obj],The faculty found out about my post
School-based,faculty,found my [obj],The faculty found my posts
School-based,faculty,found out about my [obj],The faculty found out about my posts
School-based,faculty,found my [obj],The faculty found my Reddit
School-based,faculty,found out about my [obj],The faculty found out about my Reddit
School-based,faculty,found my [obj],The faculty found my account
School-based,faculty,found out about my [obj],The faculty found out about my account
School-based,faculty,found my [obj],The faculty found my page
School-based,faculty,found out about my [obj],The faculty found out about my page
School-based,faculty,found my [obj],The faculty found my profile
School-based,faculty,found out about my [obj],The faculty found out about my profile
School-based,faculty,found my [obj],The faculty found my comment
School-based,faculty,found out about my [obj],The faculty found out about my comment
School-based,faculty,found my [obj],The faculty found my comments
School-based,faculty,found out about my [obj],The faculty found out about my comments
School-based,faculty,saw my [obj],The faculty saw my post
School-based,faculty,saw my [obj],The faculty saw my posts
School-based,faculty,saw my [obj],The faculty saw my Reddit
School-based,faculty,saw my [obj],The faculty saw my account
School-based,faculty,saw my [obj],The faculty saw my page
School-based,faculty,saw my [obj],The faculty saw my profile
School-based,faculty,saw my [obj],The faculty saw my comment
School-based,faculty,saw my [obj],The faculty saw my comments
School-based,faculty,exposed my [obj],The faculty exposed my post
School-based,faculty,exposed my [obj],The faculty exposed my posts
School-based,faculty,exposed my [obj],The faculty exposed my Reddit
School-based,faculty,exposed my [obj],The faculty exposed my account
School-based,faculty,exposed my [obj],The faculty exposed my page
School-based,faculty,exposed my [obj],The faculty exposed my profile
School-based,faculty,exposed my [obj],The faculty exposed my comment
School-based,faculty,exposed my [obj],The faculty exposed my comments
School-based,faculty,knows about my [obj],The faculty know about my post
School-based,faculty,knows about my [obj],The faculty know about my posts
School-based,faculty,knows about my [obj],The faculty know about my Reddit
School-based,faculty,knows about my [obj],The faculty know about my account
School-based,faculty,knows about my [obj],The faculty know about my page
School-based,faculty,knows about my [obj],The faculty know about my profile
School-based,faculty,knows about my [obj],The faculty know about my comment
School-based,faculty,knows about my [obj],The faculty know about my comments
School-based,faculty,knows my [obj],The faculty know my username
School-based,faculty,knows my [obj],The faculty know my account
School-based,faculty,knows my [obj],The faculty know my Reddit
School-based,faculty,lurks [where],The faculty lurk here
School-based,faculty,lurks [where],The faculty lurk on Reddit
School-based,faculty,is a lurker,The faculty are lurkers
School-based,faculty,found the [obj],The faculty found the thread
School-based,faculty,found the [obj],The faculty found the post
School-based,faculty,found the [obj],The faculty found the posts
School-based,faculty,found the [obj],The faculty found the comment
School-based,faculty,found the [obj],The faculty found the comments
School-based,faculty,sent this [obj] to,Sent this thread to the faculty
School-based,faculty,sent this [obj] to,Sent this post to the faculty
School-based,faculty,came across [det] [obj],The faculty came across the post
School-based,faculty,came across [det] [obj],The faculty came across the Reddit
School-based,faculty,came across [det] [obj],The faculty came across the account
School-based,faculty,came across [det] [obj],The faculty came across the comment
School-based,faculty,came across [det] [obj],The faculty came across the thread
School-based,faculty,came across [det] [obj],The faculty came across my post
School-based,faculty,came across [det] [obj],The faculty came across my Reddit
School-based,faculty,came across [det] [obj],The faculty came across my account
School-based,faculty,came across [det] [obj],The faculty came across my comment
School-based,faculty,came across [det] [obj],The faculty came across my thread
School-based,faculty,came across [det] [obj],The faculty came across this post
School-based,faculty,came across [det] [obj],The faculty came across this Reddit
School-based,faculty,came across [det] [obj],The faculty came across this account
School-based,faculty,came across [det] [obj],The faculty came across this comment
School-based,faculty,came across [det] [obj],The faculty came across this thread
School-based,faculty,stumbled across [det] [obj],The faculty stumbled across the post
School-based,faculty,stumbled across [det] [obj],The faculty stumbled across the Reddit
School-based,faculty,stumbled across [det] [obj],The faculty stumbled across the account
School-based,faculty,stumbled across [det] [obj],The faculty stumbled across the thread
School-based,faculty,stumbled across [det] [obj],The faculty stumbled across the comment
School-based,faculty,stumbled across [det] [obj],The faculty stumbled across my post
School-based,faculty,stumbled across [det] [obj],The faculty stumbled across my Reddit
School-based,faculty,stumbled across [det] [obj],The faculty stumbled across my account
School-based,faculty,stumbled across [det] [obj],The faculty stumbled across my thread
School-based,faculty,stumbled across [det] [obj],The faculty stumbled across my comment
School-based,faculty,stumbled across [det] [obj],The faculty stumbled across this post
School-based,faculty,stumbled across [det] [obj],The faculty stumbled across this Reddit
School-based,faculty,stumbled across [det] [obj],The faculty stumbled across this account
School-based,faculty,stumbled across [det] [obj],The faculty stumbled across this thread
School-based,faculty,stumbled across [det] [obj],The faculty stumbled across this comment
School-based,faculty,found out I [obj],The faculty found out I posted
School-based,faculty,found out I [obj],The faculty found out I made this
School-based,faculty,traced my [obj],The faculty traced my post
School-based,faculty,traced my [obj],The faculty traced my Reddit
School-based,faculty,traced my [obj],The faculty traced my account
School-based,faculty,traced my [obj],The faculty traced my comment
School-based,faculty,traced my [obj],The faculty traced my thread
School-based,faculty,got shared with,My post got shared with the faculty
School-based,faculty,got shared with,My Reddit got shared with the faculty
School-based,faculty,got shared with,My account got shared with the faculty
School-based,faculty,got shared with,My comment got shared with the faculty
School-based,faculty,got shared with,My thread got shared with the faculty
School-based,dean,got back to,My post got back to the dean
School-based,dean,found my [obj],The dean found my post
School-based,dean,found out about my [obj],The dean found out about my post
School-based,dean,found my [obj],The dean found my posts
School-based,dean,found out about my [obj],The dean found out about my posts
School-based,dean,found my [obj],The dean found my Reddit
School-based,dean,found out about my [obj],The dean found out about my Reddit
School-based,dean,found my [obj],The dean found my account
School-based,dean,found out about my [obj],The dean found out about my account
School-based,dean,found my [obj],The dean found my page
School-based,dean,found out about my [obj],The dean found out about my page
School-based,dean,found my [obj],The dean found my profile
School-based,dean,found out about my [obj],The dean found out about my profile
School-based,dean,found my [obj],The dean found my comment
School-based,dean,found out about my [obj],The dean found out about my comment
School-based,dean,found my [obj],The dean found my comments
School-based,dean,found out about my [obj],The dean found out about my comments
School-based,dean,saw my [obj],The dean saw my post
School-based,dean,saw my [obj],The dean saw my posts
School-based,dean,saw my [obj],The dean saw my Reddit
School-based,dean,saw my [obj],The dean saw my account
School-based,dean,saw my [obj],The dean saw my page
School-based,dean,saw my [obj],The dean saw my profile
School-based,dean,saw my [obj],The dean saw my comment
School-based,dean,saw my [obj],The dean saw my comments
School-based,dean,exposed my [obj],The dean exposed my post
School-based,dean,exposed my [obj],The dean exposed my posts
School-based,dean,exposed my [obj],The dean exposed my Reddit
School-based,dean,exposed my [obj],The dean exposed my account
School-based,dean,exposed my [obj],The dean exposed my page
School-based,dean,exposed my [obj],The dean exposed my profile
School-based,dean,exposed my [obj],The dean exposed my comment
School-based,dean,exposed my [obj],The dean exposed my comments
School-based,dean,knows about my [obj],The dean knows about my post
School-based,dean,knows about my [obj],The dean knows about my posts
School-based,dean,knows about my [obj],The dean knows about my Reddit
School-based,dean,knows about my [obj],The dean knows about my account
School-based,dean,knows about my [obj],The dean knows about my page
School-based,dean,knows about my [obj],The dean knows about my profile
School-based,dean,knows about my [obj],The dean knows about my comment
School-based,dean,knows about my [obj],The dean knows about my comments
School-based,dean,knows my [obj],The dean knows my username
School-based,dean,knows my [obj],The dean knows my account
School-based,dean,knows my [obj],The dean knows my Reddit
School-based,dean,lurks [where],The dean lurks here
School-based,dean,lurks [where],The dean lurks on Reddit
School-based,dean,is a lurker,The dean is a lurker
School-based,dean,found the [obj],The dean found the thread
School-based,dean,found the [obj],The dean found the post
School-based,dean,found the [obj],The dean found the posts
School-based,dean,found the [obj],The dean found the comment
School-based,dean,found the [obj],The dean found the comments
School-based,dean,sent this [obj] to,Sent this thread to the dean
School-based,dean,sent this [obj] to,Sent this post to the dean
School-based,dean,came across [det] [obj],The dean came across the post
School-based,dean,came across [det] [obj],The dean came across the Reddit
School-based,dean,came across [det] [obj],The dean came across the account
School-based,dean,came across [det] [obj],The dean came across the comment
School-based,dean,came across [det] [obj],The dean came across the thread
School-based,dean,came across [det] [obj],The dean came across my post
School-based,dean,came across [det] [obj],The dean came across my Reddit
School-based,dean,came across [det] [obj],The dean came across my account
School-based,dean,came across [det] [obj],The dean came across my comment
School-based,dean,came across [det] [obj],The dean came across my thread
School-based,dean,came across [det] [obj],The dean came across this post
School-based,dean,came across [det] [obj],The dean came across this Reddit
School-based,dean,came across [det] [obj],The dean came across this account
School-based,dean,came across [det] [obj],The dean came across this comment
School-based,dean,came across [det] [obj],The dean came across this thread
School-based,dean,stumbled across [det] [obj],The dean stumbled across the post
School-based,dean,stumbled across [det] [obj],The dean stumbled across the Reddit
School-based,dean,stumbled across [det] [obj],The dean stumbled across the account
School-based,dean,stumbled across [det] [obj],The dean stumbled across the thread
School-based,dean,stumbled across [det] [obj],The dean stumbled across the comment
School-based,dean,stumbled across [det] [obj],The dean stumbled across my post
School-based,dean,stumbled across [det] [obj],The dean stumbled across my Reddit
School-based,dean,stumbled across [det] [obj],The dean stumbled across my account
School-based,dean,stumbled across [det] [obj],The dean stumbled across my thread
School-based,dean,stumbled across [det] [obj],The dean stumbled across my comment
School-based,dean,stumbled across [det] [obj],The dean stumbled across this post
School-based,dean,stumbled across [det] [obj],The dean stumbled across this Reddit
School-based,dean,stumbled across [det] [obj],The dean stumbled across this account
School-based,dean,stumbled across [det] [obj],The dean stumbled across this thread
School-based,dean,stumbled across [det] [obj],The dean stumbled across this comment
School-based,dean,found out I [obj],The dean found out I posted
School-based,dean,found out I [obj],The dean found out I made this
School-based,dean,traced my [obj],The dean traced my post
School-based,dean,traced my [obj],The dean traced my Reddit
School-based,dean,traced my [obj],The dean traced my account
School-based,dean,traced my [obj],The dean traced my comment
School-based,dean,traced my [obj],The dean traced my thread
School-based,dean,got shared with,My post got shared with the dean
School-based,dean,got shared with,My Reddit got shared with the dean
School-based,dean,got shared with,My account got shared with the dean
School-based,dean,got shared with,My comment got shared with the dean
School-based,dean,got shared with,My thread got shared with the dean
