Category,Target Term,Template,Object,Search Phrase
Community/Acquaintance,HOA,I found [poss] [obj],post,I found my hoa's post
Community/Acquaintance,HOA,I found [poss] [obj],posts,I found my hoa's posts
Community/Acquaintance,HOA,I found [poss] [obj],comment,I found my hoa's comment
Community/Acquaintance,HOA,I found [poss] [obj],account,I found my hoa's account
Community/Acquaintance,HOA,I found [poss] [obj],Reddit,I found my hoa's Reddit
Community/Acquaintance,HOA,I found [poss] [obj],profile,I found my hoa's profile
Community/Acquaintance,HOA,I found [poss] [obj],thread,I found my hoa's thread
Community/Acquaintance,HOA,I found [poss] [obj],username,I found my hoa's username
Community/Acquaintance,HOA,Found [poss] [obj],post,Found my hoa's post
Community/Acquaintance,HOA,Found [poss] [obj],posts,Found my hoa's posts
Community/Acquaintance,HOA,Found [poss] [obj],comment,Found my hoa's comment
Community/Acquaintance,HOA,Found [poss] [obj],account,Found my hoa's account
Community/Acquaintance,HOA,Found [poss] [obj],Reddit,Found my hoa's Reddit
Community/Acquaintance,HOA,Found [poss] [obj],profile,Found my hoa's profile
Community/Acquaintance,HOA,Found [poss] [obj],thread,Found my hoa's thread
Community/Acquaintance,HOA,Found [poss] [obj],username,Found my hoa's username
Community/Acquaintance,HOA,I saw [poss] [obj],post,I saw my hoa's post
Community/Acquaintance,HOA,I saw [poss] [obj],posts,I saw my hoa's posts
Community/Acquaintance,HOA,I saw [poss] [obj],comment,I saw my hoa's comment
Community/Acquaintance,HOA,I saw [poss] [obj],account,I saw my hoa's account
Community/Acquaintance,HOA,I saw [poss] [obj],Reddit,I saw my hoa's Reddit
Community/Acquaintance,HOA,I saw [poss] [obj],profile,I saw my hoa's profile
Community/Acquaintance,HOA,I saw [poss] [obj],thread,I saw my hoa's thread
Community/Acquaintance,HOA,I saw [poss] [obj],username,I saw my hoa's username
Community/Acquaintance,HOA,I recognized [poss] [obj],post,I recognized my hoa's post
Community/Acquaintance,HOA,I recognized [poss] [obj],posts,I recognized my hoa's posts
Community/Acquaintance,HOA,I recognized [poss] [obj],comment,I recognized my hoa's comment
Community/Acquaintance,HOA,I recognized [poss] [obj],account,I recognized my hoa's account
Community/Acquaintance,HOA,I recognized [poss] [obj],Reddit,I recognized my hoa's Reddit
Community/Acquaintance,HOA,I recognized [poss] [obj],profile,I recognized my hoa's profile
Community/Acquaintance,HOA,I recognized [poss] [obj],thread,I recognized my hoa's thread
Community/Acquaintance,HOA,I recognized [poss] [obj],username,I recognized my hoa's username
Community/Acquaintance,HOA,I came across [poss] [obj],post,I came across my hoa's post
Community/Acquaintance,HOA,I came across [poss] [obj],posts,I came across my hoa's posts
Community/Acquaintance,HOA,I came across [poss] [obj],comment,I came across my hoa's comment
Community/Acquaintance,HOA,I came across [poss] [obj],account,I came across my hoa's account
Community/Acquaintance,HOA,I came across [poss] [obj],Reddit,I came across my hoa's Reddit
Community/Acquaintance,HOA,I came across [poss] [obj],profile,I came across my hoa's profile
Community/Acquaintance,HOA,I came across [poss] [obj],thread,I came across my hoa's thread
Community/Acquaintance,HOA,I came across [poss] [obj],username,I came across my hoa's username
Community/Acquaintance,HOA,I stumbled across [poss] [obj],post,I stumbled across my hoa's post
Community/Acquaintance,HOA,I stumbled across [poss] [obj],posts,I stumbled across my hoa's posts
Community/Acquaintance,HOA,I stumbled across [poss] [obj],comment,I stumbled across my hoa's comment
Community/Acquaintance,HOA,I stumbled across [poss] [obj],account,I stumbled across my hoa's account
Community/Acquaintance,HOA,I stumbled across [poss] [obj],Reddit,I stumbled across my hoa's Reddit
Community/Acquaintance,HOA,I stumbled across [poss] [obj],profile,I stumbled across my hoa's profile
Community/Acquaintance,HOA,I stumbled across [poss] [obj],thread,I stumbled across my hoa's thread
Community/Acquaintance,HOA,I stumbled across [poss] [obj],username,I stumbled across my hoa's username
Community/Acquaintance,HOA,Is this [poss] [obj],post,Is this my hoa's post
Community/Acquaintance,HOA,Is this [poss] [obj],posts,Is this my hoa's posts
Community/Acquaintance,HOA,Is this [poss] [obj],comment,Is this my hoa's comment
Community/Acquaintance,HOA,Is this [poss] [obj],account,Is this my hoa's account
Community/Acquaintance,HOA,Is this [poss] [obj],Reddit,Is this my hoa's Reddit
Community/Acquaintance,HOA,Is this [poss] [obj],profile,Is this my hoa's profile
Community/Acquaintance,HOA,Is this [poss] [obj],thread,Is this my hoa's thread
Community/Acquaintance,HOA,Is this [poss] [obj],username,Is this my hoa's username
Community/Acquaintance,HOA,I found out [subj_lower] posts on Reddit,,I found out my hoa posts on Reddit
Community/Acquaintance,HOA,I found out [subj_lower] is on Reddit,,I found out my hoa is on Reddit
Community/Acquaintance,HOA,I think [subj_lower] is a redditor,,I think my hoa is a redditor
Work-based,HR,I found [poss] [obj],post,I found hr's post
Work-based,HR,I found [poss] [obj],posts,I found hr's posts
Work-based,HR,I found [poss] [obj],comment,I found hr's comment
Work-based,HR,I found [poss] [obj],account,I found hr's account
Work-based,HR,I found [poss] [obj],Reddit,I found hr's Reddit
Work-based,HR,I found [poss] [obj],profile,I found hr's profile
Work-based,HR,I found [poss] [obj],thread,I found hr's thread
Work-based,HR,I found [poss] [obj],username,I found hr's username
Work-based,HR,Found [poss] [obj],post,Found hr's post
Work-based,HR,Found [poss] [obj],posts,Found hr's posts
Work-based,HR,Found [poss] [obj],comment,Found hr's comment
Work-based,HR,Found [poss] [obj],account,Found hr's account
Work-based,HR,Found [poss] [obj],Reddit,Found hr's Reddit
Work-based,HR,Found [poss] [obj],profile,Found hr's profile
Work-based,HR,Found [poss] [obj],thread,Found hr's thread
Work-based,HR,Found [poss] [obj],username,Found hr's username
Work-based,HR,I saw [poss] [obj],post,I saw hr's post
Work-based,HR,I saw [poss] [obj],posts,I saw hr's posts
Work-based,HR,I saw [poss] [obj],comment,I saw hr's comment
Work-based,HR,I saw [poss] [obj],account,I saw hr's account
Work-based,HR,I saw [poss] [obj],Reddit,I saw hr's Reddit
Work-based,HR,I saw [poss] [obj],profile,I saw hr's profile
Work-based,HR,I saw [poss] [obj],thread,I saw hr's thread
Work-based,HR,I saw [poss] [obj],username,I saw hr's username
Work-based,HR,I recognized [poss] [obj],post,I recognized hr's post
Work-based,HR,I recognized [poss] [obj],posts,I recognized hr's posts
Work-based,HR,I recognized [poss] [obj],comment,I recognized hr's comment
Work-based,HR,I recognized [poss] [obj],account,I recognized hr's account
Work-based,HR,I recognized [poss] [obj],Reddit,I recognized hr's Reddit
Work-based,HR,I recognized [poss] [obj],profile,I recognized hr's profile
Work-based,HR,I recognized [poss] [obj],thread,I recognized hr's thread
Work-based,HR,I recognized [poss] [obj],username,I recognized hr's username
Work-based,HR,I came across [poss] [obj],post,I came across hr's post
Work-based,HR,I came across [poss] [obj],posts,I came across hr's posts
Work-based,HR,I came across [poss] [obj],comment,I came across hr's comment
Work-based,HR,I came across [poss] [obj],account,I came across hr's account
Work-based,HR,I came across [poss] [obj],Reddit,I came across hr's Reddit
Work-based,HR,I came across [poss] [obj],profile,I came across hr's profile
Work-based,HR,I came across [poss] [obj],thread,I came across hr's thread
Work-based,HR,I came across [poss] [obj],username,I came across hr's username
Work-based,HR,I stumbled across [poss] [obj],post,I stumbled across hr's post
Work-based,HR,I stumbled across [poss] [obj],posts,I stumbled across hr's posts
Work-based,HR,I stumbled across [poss] [obj],comment,I stumbled across hr's comment
Work-based,HR,I stumbled across [poss] [obj],account,I stumbled across hr's account
Work-based,HR,I stumbled across [poss] [obj],Reddit,I stumbled across hr's Reddit
Work-based,HR,I stumbled across [poss] [obj],profile,I stumbled across hr's profile
Work-based,HR,I stumbled across [poss] [obj],thread,I stumbled across hr's thread
Work-based,HR,I stumbled across [poss] [obj],username,I stumbled across hr's username
Work-based,HR,Is this [poss] [obj],post,Is this hr's post
Work-based,HR,Is this [poss] [obj],posts,Is this hr's posts
Work-based,HR,Is this [poss] [obj],comment,Is this hr's comment
Work-based,HR,Is this [poss] [obj],account,Is this hr's account
Work-based,HR,Is this [poss] [obj],Reddit,Is this hr's Reddit
Work-based,HR,Is this [poss] [obj],profile,Is this hr's profile
Work-based,HR,Is this [poss] [obj],thread,Is this hr's thread
Work-based,HR,Is this [poss] [obj],username,Is this hr's username
Work-based,HR,I found out [subj_lower] posts on Reddit,,I found out hr posts on Reddit
Work-based,HR,I found out [subj_lower] is on Reddit,,I found out hr is on Reddit
Work-based,HR,I think [subj_lower] is a redditor,,I think hr is a redditor
Family,aunt,I found [poss] [obj],post,I found my aunt's post
Family,aunt,I found [poss] [obj],posts,I found my aunt's posts
Family,aunt,I found [poss] [obj],comment,I found my aunt's comment
Family,aunt,I found [poss] [obj],account,I found my aunt's account
Family,aunt,I found [poss] [obj],Reddit,I found my aunt's Reddit
Family,aunt,I found [poss] [obj],profile,I found my aunt's profile
Family,aunt,I found [poss] [obj],thread,I found my aunt's thread
Family,aunt,I found [poss] [obj],username,I found my aunt's username
Family,aunt,Found [poss] [obj],post,Found my aunt's post
Family,aunt,Found [poss] [obj],posts,Found my aunt's posts
Family,aunt,Found [poss] [obj],comment,Found my aunt's comment
Family,aunt,Found [poss] [obj],account,Found my aunt's account
Family,aunt,Found [poss] [obj],Reddit,Found my aunt's Reddit
Family,aunt,Found [poss] [obj],profile,Found my aunt's profile
Family,aunt,Found [poss] [obj],thread,Found my aunt's thread
Family,aunt,Found [poss] [obj],username,Found my aunt's username
Family,aunt,I saw [poss] [obj],post,I saw my aunt's post
Family,aunt,I saw [poss] [obj],posts,I saw my aunt's posts
Family,aunt,I saw [poss] [obj],comment,I saw my aunt's comment
Family,aunt,I saw [poss] [obj],account,I saw my aunt's account
Family,aunt,I saw [poss] [obj],Reddit,I saw my aunt's Reddit
Family,aunt,I saw [poss] [obj],profile,I saw my aunt's profile
Family,aunt,I saw [poss] [obj],thread,I saw my aunt's thread
Family,aunt,I saw [poss] [obj],username,I saw my aunt's username
Family,aunt,I recognized [poss] [obj],post,I recognized my aunt's post
Family,aunt,I recognized [poss] [obj],posts,I recognized my aunt's posts
Family,aunt,I recognized [poss] [obj],comment,I recognized my aunt's comment
Family,aunt,I recognized [poss] [obj],account,I recognized my aunt's account
Family,aunt,I recognized [poss] [obj],Reddit,I recognized my aunt's Reddit
Family,aunt,I recognized [poss] [obj],profile,I recognized my aunt's profile
Family,aunt,I recognized [poss] [obj],thread,I recognized my aunt's thread
Family,aunt,I recognized [poss] [obj],username,I recognized my aunt's username
Family,aunt,I came across [poss] [obj],post,I came across my aunt's post
Family,aunt,I came across [poss] [obj],posts,I came across my aunt's posts
Family,aunt,I came across [poss] [obj],comment,I came across my aunt's comment
Family,aunt,I came across [poss] [obj],account,I came across my aunt's account
Family,aunt,I came across [poss] [obj],Reddit,I came across my aunt's Reddit
Family,aunt,I came across [poss] [obj],profile,I came across my aunt's profile
Family,aunt,I came across [poss] [obj],thread,I came across my aunt's thread
Family,aunt,I came across [poss] [obj],username,I came across my aunt's username
Family,aunt,I stumbled across [poss] [obj],post,I stumbled across my aunt's post
Family,aunt,I stumbled across [poss] [obj],posts,I stumbled across my aunt's posts
Family,aunt,I stumbled across [poss] [obj],comment,I stumbled across my aunt's comment
Family,aunt,I stumbled across [poss] [obj],account,I stumbled across my aunt's account
Family,aunt,I stumbled across [poss] [obj],Reddit,I stumbled across my aunt's Reddit
Family,aunt,I stumbled across [poss] [obj],profile,I stumbled across my aunt's profile
Family,aunt,I stumbled across [poss] [obj],thread,I stumbled across my aunt's thread
Family,aunt,I stumbled across [poss] [obj],username,I stumbled across my aunt's username
Family,aunt,Is this [poss] [obj],post,Is this my aunt's post
Family,aunt,Is this [poss] [obj],posts,Is this my aunt's posts
Family,aunt,Is this [poss] [obj],comment,Is this my aunt's comment
Family,aunt,Is this [poss] [obj],account,Is this my aunt's account
Family,aunt,Is this [poss] [obj],Reddit,Is this my aunt's Reddit
Family,aunt,Is this [poss] [obj],profile,Is this my aunt's profile
Family,aunt,Is this [poss] [obj],thread,Is this my aunt's thread
Family,aunt,Is this [poss] [obj],username,Is this my aunt's username
Family,aunt,I found out [subj_lower] posts on Reddit,,I found out my aunt posts on Reddit
Family,aunt,I found out [subj_lower] is on Reddit,,I found out my aunt is on Reddit
Family,aunt,I think [subj_lower] is a redditor,,I think my aunt is a redditor
Romantic partner,bf,I found [poss] [obj],post,I found my bf's post
Romantic partner,bf,I found [poss] [obj],posts,I found my bf's posts
Romantic partner,bf,I found [poss] [obj],comment,I found my bf's comment
Romantic partner,bf,I found [poss] [obj],account,I found my bf's account
Romantic partner,bf,I found [poss] [obj],Reddit,I found my bf's Reddit
Romantic partner,bf,I found [poss] [obj],profile,I found my bf's profile
Romantic partner,bf,I found [poss] [obj],thread,I found my bf's thread
Romantic partner,bf,I found [poss] [obj],username,I found my bf's username
Romantic partner,bf,Found [poss] [obj],post,Found my bf's post
Romantic partner,bf,Found [poss] [obj],posts,Found my bf's posts
Romantic partner,bf,Found [poss] [obj],comment,Found my bf's comment
Romantic partner,bf,Found [poss] [obj],account,Found my bf's account
Romantic partner,bf,Found [poss] [obj],Reddit,Found my bf's Reddit
Romantic partner,bf,Found [poss] [obj],profile,Found my bf's profile
Romantic partner,bf,Found [poss] [obj],thread,Found my bf's thread
Romantic partner,bf,Found [poss] [obj],username,Found my bf's username
Romantic partner,bf,I saw [poss] [obj],post,I saw my bf's post
Romantic partner,bf,I saw [poss] [obj],posts,I saw my bf's posts
Romantic partner,bf,I saw [poss] [obj],comment,I saw my bf's comment
Romantic partner,bf,I saw [poss] [obj],account,I saw my bf's account
Romantic partner,bf,I saw [poss] [obj],Reddit,I saw my bf's Reddit
Romantic partner,bf,I saw [poss] [obj],profile,I saw my bf's profile
Romantic partner,bf,I saw [poss] [obj],thread,I saw my bf's thread
Romantic partner,bf,I saw [poss] [obj],username,I saw my bf's username
Romantic partner,bf,I recognized [poss] [obj],post,I recognized my bf's post
Romantic partner,bf,I recognized [poss] [obj],posts,I recognized my bf's posts
Romantic partner,bf,I recognized [poss] [obj],comment,I recognized my bf's comment
Romantic partner,bf,I recognized [poss] [obj],account,I recognized my bf's account
Romantic partner,bf,I recognized [poss] [obj],Reddit,I recognized my bf's Reddit
Romantic partner,bf,I recognized [poss] [obj],profile,I recognized my bf's profile
Romantic partner,bf,I recognized [poss] [obj],thread,I recognized my bf's thread
Romantic partner,bf,I recognized [poss] [obj],username,I recognized my bf's username
Romantic partner,bf,I came across [poss] [obj],post,I came across my bf's post
Romantic partner,bf,I came across [poss] [obj],posts,I came across my bf's posts
Romantic partner,bf,I came across [poss] [obj],comment,I came across my bf's comment
Romantic partner,bf,I came across [poss] [obj],account,I came across my bf's account
Romantic partner,bf,I came across [poss] [obj],Reddit,I came across my bf's Reddit
Romantic partner,bf,I came across [poss] [obj],profile,I came across my bf's profile
Romantic partner,bf,I came across [poss] [obj],thread,I came across my bf's thread
Romantic partner,bf,I came across [poss] [obj],username,I came across my bf's username
Romantic partner,bf,I stumbled across [poss] [obj],post,I stumbled across my bf's post
Romantic partner,bf,I stumbled across [poss] [obj],posts,I stumbled across my bf's posts
Romantic partner,bf,I stumbled across [poss] [obj],comment,I stumbled across my bf's comment
Romantic partner,bf,I stumbled across [poss] [obj],account,I stumbled across my bf's account
Romantic partner,bf,I stumbled across [poss] [obj],Reddit,I stumbled across my bf's Reddit
Romantic partner,bf,I stumbled across [poss] [obj],profile,I stumbled across my bf's profile
Romantic partner,bf,I stumbled across [poss] [obj],thread,I stumbled across my bf's thread
Romantic partner,bf,I stumbled across [poss] [obj],username,I stumbled across my bf's username
Romantic partner,bf,Is this [poss] [obj],post,Is this my bf's post
Romantic partner,bf,Is this [poss] [obj],posts,Is this my bf's posts
Romantic partner,bf,Is this [poss] [obj],comment,Is this my bf's comment
Romantic partner,bf,Is this [poss] [obj],account,Is this my bf's account
Romantic partner,bf,Is this [poss] [obj],Reddit,Is this my bf's Reddit
Romantic partner,bf,Is this [poss] [obj],profile,Is this my bf's profile
Romantic partner,bf,Is this [poss] [obj],thread,Is this my bf's thread
Romantic partner,bf,Is this [poss] [obj],username,Is this my bf's username
Romantic partner,bf,I found out [subj_lower] posts on Reddit,,I found out my bf posts on Reddit
Romantic partner,bf,I found out [subj_lower] is on Reddit,,I found out my bf is on Reddit
Romantic partner,bf,I think [subj_lower] is a redditor,,I think my bf is a redditor
Friend,bff,I found [poss] [obj],post,I found my bff's post
Friend,bff,I found [poss] [obj],posts,I found my bff's posts
Friend,bff,I found [poss] [obj],comment,I found my bff's comment
Friend,bff,I found [poss] [obj],account,I found my bff's account
Friend,bff,I found [poss] [obj],Reddit,I found my bff's Reddit
Friend,bff,I found [poss] [obj],profile,I found my bff's profile
Friend,bff,I found [poss] [obj],thread,I found my bff's thread
Friend,bff,I found [poss] [obj],username,I found my bff's username
Friend,bff,Found [poss] [obj],post,Found my bff's post
Friend,bff,Found [poss] [obj],posts,Found my bff's posts
Friend,bff,Found [poss] [obj],comment,Found my bff's comment
Friend,bff,Found [poss] [obj],account,Found my bff's account
Friend,bff,Found [poss] [obj],Reddit,Found my bff's Reddit
Friend,bff,Found [poss] [obj],profile,Found my bff's profile
Friend,bff,Found [poss] [obj],thread,Found my bff's thread
Friend,bff,Found [poss] [obj],username,Found my bff's username
Friend,bff,I saw [poss] [obj],post,I saw my bff's post
Friend,bff,I saw [poss] [obj],posts,I saw my bff's posts
Friend,bff,I saw [poss] [obj],comment,I saw my bff's comment
Friend,bff,I saw [poss] [obj],account,I saw my bff's account
Friend,bff,I saw [poss] [obj],Reddit,I saw my bff's Reddit
Friend,bff,I saw [poss] [obj],profile,I saw my bff's profile
Friend,bff,I saw [poss] [obj],thread,I saw my bff's thread
Friend,bff,I saw [poss] [obj],username,I saw my bff's username
Friend,bff,I recognized [poss] [obj],post,I recognized my bff's post
Friend,bff,I recognized [poss] [obj],posts,I recognized my bff's posts
Friend,bff,I recognized [poss] [obj],comment,I recognized my bff's comment
Friend,bff,I recognized [poss] [obj],account,I recognized my bff's account
Friend,bff,I recognized [poss] [obj],Reddit,I recognized my bff's Reddit
Friend,bff,I recognized [poss] [obj],profile,I recognized my bff's profile
Friend,bff,I recognized [poss] [obj],thread,I recognized my bff's thread
Friend,bff,I recognized [poss] [obj],username,I recognized my bff's username
Friend,bff,I came across [poss] [obj],post,I came across my bff's post
Friend,bff,I came across [poss] [obj],posts,I came across my bff's posts
Friend,bff,I came across [poss] [obj],comment,I came across my bff's comment
Friend,bff,I came across [poss] [obj],account,I came across my bff's account
Friend,bff,I came across [poss] [obj],Reddit,I came across my bff's Reddit
Friend,bff,I came across [poss] [obj],profile,I came across my bff's profile
Friend,bff,I came across [poss] [obj],thread,I came across my bff's thread
Friend,bff,I came across [poss] [obj],username,I came across my bff's username
Friend,bff,I stumbled across [poss] [obj],post,I stumbled across my bff's post
Friend,bff,I stumbled across [poss] [obj],posts,I stumbled across my bff's posts
Friend,bff,I stumbled across [poss] [obj],comment,I stumbled across my bff's comment
Friend,bff,I stumbled across [poss] [obj],account,I stumbled across my bff's account
Friend,bff,I stumbled across [poss] [obj],Reddit,I stumbled across my bff's Reddit
Friend,bff,I stumbled across [poss] [obj],profile,I stumbled across my bff's profile
Friend,bff,I stumbled across [poss] [obj],thread,I stumbled across my bff's thread
Friend,bff,I stumbled across [poss] [obj],username,I stumbled across my bff's username
Friend,bff,Is this [poss] [obj],post,Is this my bff's post
Friend,bff,Is this [poss] [obj],posts,Is this my bff's posts
Friend,bff,Is this [poss] [obj],comment,Is this my bff's comment
Friend,bff,Is this [poss] [obj],account,Is this my bff's account
Friend,bff,Is this [poss] [obj],Reddit,Is this my bff's Reddit
Friend,bff,Is this [poss] [obj],profile,Is this my bff's profile
Friend,bff,Is this [poss] [obj],thread,Is this my bff's thread
Friend,bff,Is this [poss] [obj],username,Is this my bff's username
Friend,bff,I found out [subj_lower] posts on Reddit,,I found out my bff posts on Reddit
Friend,bff,I found out [subj_lower] is on Reddit,,I found out my bff is on Reddit
Friend,bff,I think [subj_lower] is a redditor,,I think my bff is a redditor
Work-based,board,I found [poss] [obj],post,I found the board's post
Work-based,board,I found [poss] [obj],posts,I found the board's posts
Work-based,board,I found [poss] [obj],comment,I found the board's comment
Work-based,board,I found [poss] [obj],account,I found the board's account
Work-based,board,I found [poss] [obj],Reddit,I found the board's Reddit
Work-based,board,I found [poss] [obj],profile,I found the board's profile
Work-based,board,I found [poss] [obj],thread,I found the board's thread
Work-based,board,I found [poss] [obj],username,I found the board's username
Work-based,board,Found [poss] [obj],post,Found the board's post
Work-based,board,Found [poss] [obj],posts,Found the board's posts
Work-based,board,Found [poss] [obj],comment,Found the board's comment
Work-based,board,Found [poss] [obj],account,Found the board's account
Work-based,board,Found [poss] [obj],Reddit,Found the board's Reddit
Work-based,board,Found [poss] [obj],profile,Found the board's profile
Work-based,board,Found [poss] [obj],thread,Found the board's thread
Work-based,board,Found [poss] [obj],username,Found the board's username
Work-based,board,I saw [poss] [obj],post,I saw the board's post
Work-based,board,I saw [poss] [obj],posts,I saw the board's posts
Work-based,board,I saw [poss] [obj],comment,I saw the board's comment
Work-based,board,I saw [poss] [obj],account,I saw the board's account
Work-based,board,I saw [poss] [obj],Reddit,I saw the board's Reddit
Work-based,board,I saw [poss] [obj],profile,I saw the board's profile
Work-based,board,I saw [poss] [obj],thread,I saw the board's thread
Work-based,board,I saw [poss] [obj],username,I saw the board's username
Work-based,board,I recognized [poss] [obj],post,I recognized the board's post
Work-based,board,I recognized [poss] [obj],posts,I recognized the board's posts
Work-based,board,I recognized [poss] [obj],comment,I recognized the board's comment
Work-based,board,I recognized [poss] [obj],account,I recognized the board's account
Work-based,board,I recognized [poss] [obj],Reddit,I recognized the board's Reddit
Work-based,board,I recognized [poss] [obj],profile,I recognized the board's profile
Work-based,board,I recognized [poss] [obj],thread,I recognized the board's thread
Work-based,board,I recognized [poss] [obj],username,I recognized the board's username
Work-based,board,I came across [poss] [obj],post,I came across the board's post
Work-based,board,I came across [poss] [obj],posts,I came across the board's posts
Work-based,board,I came across [poss] [obj],comment,I came across the board's comment
Work-based,board,I came across [poss] [obj],account,I came across the board's account
Work-based,board,I came across [poss] [obj],Reddit,I came across the board's Reddit
Work-based,board,I came across [poss] [obj],profile,I came across the board's profile
Work-based,board,I came across [poss] [obj],thread,I came across the board's thread
Work-based,board,I came across [poss] [obj],username,I came across the board's username
Work-based,board,I stumbled across [poss] [obj],post,I stumbled across the board's post
Work-based,board,I stumbled across [poss] [obj],posts,I stumbled across the board's posts
Work-based,board,I stumbled across [poss] [obj],comment,I stumbled across the board's comment
Work-based,board,I stumbled across [poss] [obj],account,I stumbled across the board's account
Work-based,board,I stumbled across [poss] [obj],Reddit,I stumbled across the board's Reddit
Work-based,board,I stumbled across [poss] [obj],profile,I stumbled across the board's profile
Work-based,board,I stumbled across [poss] [obj],thread,I stumbled across the board's thread
Work-based,board,I stumbled across [poss] [obj],username,I stumbled across the board's username
Work-based,board,Is this [poss] [obj],post,Is this the board's post
Work-based,board,Is this [poss] [obj],posts,Is this the board's posts
Work-based,board,Is this [poss] [obj],comment,Is this the board's comment
Work-based,board,Is this [poss] [obj],account,Is this the board's account
Work-based,board,Is this [poss] [obj],Reddit,Is this the board's Reddit
Work-based,board,Is this [poss] [obj],profile,Is this the board's profile
Work-based,board,Is this [poss] [obj],thread,Is this the board's thread
Work-based,board,Is this [poss] [obj],username,Is this the board's username
Work-based,board,I found out [subj_lower] posts on Reddit,,I found out the board posts on Reddit
Work-based,board,I found out [subj_lower] is on Reddit,,I found out the board is on Reddit
Work-based,board,I think [subj_lower] is a redditor,,I think the board is a redditor
Work-based,boss,I found [poss] [obj],post,I found my boss's post
Work-based,boss,I found [poss] [obj],posts,I found my boss's posts
Work-based,boss,I found [poss] [obj],comment,I found my boss's comment
Work-based,boss,I found [poss] [obj],account,I found my boss's account
Work-based,boss,I found [poss] [obj],Reddit,I found my boss's Reddit
Work-based,boss,I found [poss] [obj],profile,I found my boss's profile
Work-based,boss,I found [poss] [obj],thread,I found my boss's thread
Work-based,boss,I found [poss] [obj],username,I found my boss's username
Work-based,boss,Found [poss] [obj],post,Found my boss's post
Work-based,boss,Found [poss] [obj],posts,Found my boss's posts
Work-based,boss,Found [poss] [obj],comment,Found my boss's comment
Work-based,boss,Found [poss] [obj],account,Found my boss's account
Work-based,boss,Found [poss] [obj],Reddit,Found my boss's Reddit
Work-based,boss,Found [poss] [obj],profile,Found my boss's profile
Work-based,boss,Found [poss] [obj],thread,Found my boss's thread
Work-based,boss,Found [poss] [obj],username,Found my boss's username
Work-based,boss,I saw [poss] [obj],post,I saw my boss's post
Work-based,boss,I saw [poss] [obj],posts,I saw my boss's posts
Work-based,boss,I saw [poss] [obj],comment,I saw my boss's comment
Work-based,boss,I saw [poss] [obj],account,I saw my boss's account
Work-based,boss,I saw [poss] [obj],Reddit,I saw my boss's Reddit
Work-based,boss,I saw [poss] [obj],profile,I saw my boss's profile
Work-based,boss,I saw [poss] [obj],thread,I saw my boss's thread
Work-based,boss,I saw [poss] [obj],username,I saw my boss's username
Work-based,boss,I recognized [poss] [obj],post,I recognized my boss's post
Work-based,boss,I recognized [poss] [obj],posts,I recognized my boss's posts
Work-based,boss,I recognized [poss] [obj],comment,I recognized my boss's comment
Work-based,boss,I recognized [poss] [obj],account,I recognized my boss's account
Work-based,boss,I recognized [poss] [obj],Reddit,I recognized my boss's Reddit
Work-based,boss,I recognized [poss] [obj],profile,I recognized my boss's profile
Work-based,boss,I recognized [poss] [obj],thread,I recognized my boss's thread
Work-based,boss,I recognized [poss] [obj],username,I recognized my boss's username
Work-based,boss,I came across [poss] [obj],post,I came across my boss's post
Work-based,boss,I came across [poss] [obj],posts,I came across my boss's posts
Work-based,boss,I came across [poss] [obj],comment,I came across my boss's comment
Work-based,boss,I came across [poss] [obj],account,I came across my boss's account
Work-based,boss,I came across [poss] [obj],Reddit,I came across my boss's Reddit
Work-based,boss,I came across [poss] [obj],profile,I came across my boss's profile
Work-based,boss,I came across [poss] [obj],thread,I came across my boss's thread
Work-based,boss,I came across [poss] [obj],username,I came across my boss's username
Work-based,boss,I stumbled across [poss] [obj],post,I stumbled across my boss's post
Work-based,boss,I stumbled across [poss] [obj],posts,I stumbled across my boss's posts
Work-based,boss,I stumbled across [poss] [obj],comment,I stumbled across my boss's comment
Work-based,boss,I stumbled across [poss] [obj],account,I stumbled across my boss's account
Work-based,boss,I stumbled across [poss] [obj],Reddit,I stumbled across my boss's Reddit
Work-based,boss,I stumbled across [poss] [obj],profile,I stumbled across my boss's profile
Work-based,boss,I stumbled across [poss] [obj],thread,I stumbled across my boss's thread
Work-based,boss,I stumbled across [poss] [obj],username,I stumbled across my boss's username
Work-based,boss,Is this [poss] [obj],post,Is this my boss's post
Work-based,boss,Is this [poss] [obj],posts,Is this my boss's posts
Work-based,boss,Is this [poss] [obj],comment,Is this my boss's comment
Work-based,boss,Is this [poss] [obj],account,Is this my boss's account
Work-based,boss,Is this [poss] [obj],Reddit,Is this my boss's Reddit
Work-based,boss,Is this [poss] [obj],profile,Is this my boss's profile
Work-based,boss,Is this [poss] [obj],thread,Is this my boss's thread
Work-based,boss,Is this [poss] [obj],username,Is this my boss's username
Work-based,boss,I found out [subj_lower] posts on Reddit,,I found out my boss posts on Reddit
Work-based,boss,I found out [subj_lower] is on Reddit,,I found out my boss is on Reddit
Work-based,boss,I think [subj_lower] is a redditor,,I think my boss is a redditor
Romantic partner,boyfriend,I found [poss] [obj],post,I found my boyfriend's post
Romantic partner,boyfriend,I found [poss] [obj],posts,I found my boyfriend's posts
Romantic partner,boyfriend,I found [poss] [obj],comment,I found my boyfriend's comment
Romantic partner,boyfriend,I found [poss] [obj],account,I found my boyfriend's account
Romantic partner,boyfriend,I found [poss] [obj],Reddit,I found my boyfriend's Reddit
Romantic partner,boyfriend,I found [poss] [obj],profile,I found my boyfriend's profile
Romantic partner,boyfriend,I found [poss] [obj],thread,I found my boyfriend's thread
Romantic partner,boyfriend,I found [poss] [obj],username,I found my boyfriend's username
Romantic partner,boyfriend,Found [poss] [obj],post,Found my boyfriend's post
Romantic partner,boyfriend,Found [poss] [obj],posts,Found my boyfriend's posts
Romantic partner,boyfriend,Found [poss] [obj],comment,Found my boyfriend's comment
Romantic partner,boyfriend,Found [poss] [obj],account,Found my boyfriend's account
Romantic partner,boyfriend,Found [poss] [obj],Reddit,Found my boyfriend's Reddit
Romantic partner,boyfriend,Found [poss] [obj],profile,Found my boyfriend's profile
Romantic partner,boyfriend,Found [poss] [obj],thread,Found my boyfriend's thread
Romantic partner,boyfriend,Found [poss] [obj],username,Found my boyfriend's username
Romantic partner,boyfriend,I saw [poss] [obj],post,I saw my boyfriend's post
Romantic partner,boyfriend,I saw [poss] [obj],posts,I saw my boyfriend's posts
Romantic partner,boyfriend,I saw [poss] [obj],comment,I saw my boyfriend's comment
Romantic partner,boyfriend,I saw [poss] [obj],account,I saw my boyfriend's account
Romantic partner,boyfriend,I saw [poss] [obj],Reddit,I saw my boyfriend's Reddit
Romantic partner,boyfriend,I saw [poss] [obj],profile,I saw my boyfriend's profile
Romantic partner,boyfriend,I saw [poss] [obj],thread,I saw my boyfriend's thread
Romantic partner,boyfriend,I saw [poss] [obj],username,I saw my boyfriend's username
Romantic partner,boyfriend,I recognized [poss] [obj],post,I recognized my boyfriend's post
Romantic partner,boyfriend,I recognized [poss] [obj],posts,I recognized my boyfriend's posts
Romantic partner,boyfriend,I recognized [poss] [obj],comment,I recognized my boyfriend's comment
Romantic partner,boyfriend,I recognized [poss] [obj],account,I recognized my boyfriend's account
Romantic partner,boyfriend,I recognized [poss] [obj],Reddit,I recognized my boyfriend's Reddit
Romantic partner,boyfriend,I recognized [poss] [obj],profile,I recognized my boyfriend's profile
Romantic partner,boyfriend,I recognized [poss] [obj],thread,I recognized my boyfriend's thread
Romantic partner,boyfriend,I recognized [poss] [obj],username,I recognized my boyfriend's username
Romantic partner,boyfriend,I came across [poss] [obj],post,I came across my boyfriend's post
Romantic partner,boyfriend,I came across [poss] [obj],posts,I came across my boyfriend's posts
Romantic partner,boyfriend,I came across [poss] [obj],comment,I came across my boyfriend's comment
Romantic partner,boyfriend,I came across [poss] [obj],account,I came across my boyfriend's account
Romantic partner,boyfriend,I came across [poss] [obj],Reddit,I came across my boyfriend's Reddit
Romantic partner,boyfriend,I came across [poss] [obj],profile,I came across my boyfriend's profile
Romantic partner,boyfriend,I came across [poss] [obj],thread,I came across my boyfriend's thread
Romantic partner,boyfriend,I came across [poss] [obj],username,I came across my boyfriend's username
Romantic partner,boyfriend,I stumbled across [poss] [obj],post,I stumbled across my boyfriend's post
Romantic partner,boyfriend,I stumbled across [poss] [obj],posts,I stumbled across my boyfriend's posts
Romantic partner,boyfriend,I stumbled across [poss] [obj],comment,I stumbled across my boyfriend's comment
Romantic partner,boyfriend,I stumbled across [poss] [obj],account,I stumbled across my boyfriend's account
Romantic partner,boyfriend,I stumbled across [poss] [obj],Reddit,I stumbled across my boyfriend's Reddit
Romantic partner,boyfriend,I stumbled across [poss] [obj],profile,I stumbled across my boyfriend's profile
Romantic partner,boyfriend,I stumbled across [poss] [obj],thread,I stumbled across my boyfriend's thread
Romantic partner,boyfriend,I stumbled across [poss] [obj],username,I stumbled across my boyfriend's username
Romantic partner,boyfriend,Is this [poss] [obj],post,Is this my boyfriend's post
Romantic partner,boyfriend,Is this [poss] [obj],posts,Is this my boyfriend's posts
Romantic partner,boyfriend,Is this [poss] [obj],comment,Is this my boyfriend's comment
Romantic partner,boyfriend,Is this [poss] [obj],account,Is this my boyfriend's account
Romantic partner,boyfriend,Is this [poss] [obj],Reddit,Is this my boyfriend's Reddit
Romantic partner,boyfriend,Is this [poss] [obj],profile,Is this my boyfriend's profile
Romantic partner,boyfriend,Is this [poss] [obj],thread,Is this my boyfriend's thread
Romantic partner,boyfriend,Is this [poss] [obj],username,Is this my boyfriend's username
Romantic partner,boyfriend,I found out [subj_lower] posts on Reddit,,I found out my boyfriend posts on Reddit
Romantic partner,boyfriend,I found out [subj_lower] is on Reddit,,I found out my boyfriend is on Reddit
Romantic partner,boyfriend,I think [subj_lower] is a redditor,,I think my boyfriend is a redditor
Family,brother,I found [poss] [obj],post,I found my brother's post
Family,brother,I found [poss] [obj],posts,I found my brother's posts
Family,brother,I found [poss] [obj],comment,I found my brother's comment
Family,brother,I found [poss] [obj],account,I found my brother's account
Family,brother,I found [poss] [obj],Reddit,I found my brother's Reddit
Family,brother,I found [poss] [obj],profile,I found my brother's profile
Family,brother,I found [poss] [obj],thread,I found my brother's thread
Family,brother,I found [poss] [obj],username,I found my brother's username
Family,brother,Found [poss] [obj],post,Found my brother's post
Family,brother,Found [poss] [obj],posts,Found my brother's posts
Family,brother,Found [poss] [obj],comment,Found my brother's comment
Family,brother,Found [poss] [obj],account,Found my brother's account
Family,brother,Found [poss] [obj],Reddit,Found my brother's Reddit
Family,brother,Found [poss] [obj],profile,Found my brother's profile
Family,brother,Found [poss] [obj],thread,Found my brother's thread
Family,brother,Found [poss] [obj],username,Found my brother's username
Family,brother,I saw [poss] [obj],post,I saw my brother's post
Family,brother,I saw [poss] [obj],posts,I saw my brother's posts
Family,brother,I saw [poss] [obj],comment,I saw my brother's comment
Family,brother,I saw [poss] [obj],account,I saw my brother's account
Family,brother,I saw [poss] [obj],Reddit,I saw my brother's Reddit
Family,brother,I saw [poss] [obj],profile,I saw my brother's profile
Family,brother,I saw [poss] [obj],thread,I saw my brother's thread
Family,brother,I saw [poss] [obj],username,I saw my brother's username
Family,brother,I recognized [poss] [obj],post,I recognized my brother's post
Family,brother,I recognized [poss] [obj],posts,I recognized my brother's posts
Family,brother,I recognized [poss] [obj],comment,I recognized my brother's comment
Family,brother,I recognized [poss] [obj],account,I recognized my brother's account
Family,brother,I recognized [poss] [obj],Reddit,I recognized my brother's Reddit
Family,brother,I recognized [poss] [obj],profile,I recognized my brother's profile
Family,brother,I recognized [poss] [obj],thread,I recognized my brother's thread
Family,brother,I recognized [poss] [obj],username,I recognized my brother's username
Family,brother,I came across [poss] [obj],post,I came across my brother's post
Family,brother,I came across [poss] [obj],posts,I came across my brother's posts
Family,brother,I came across [poss] [obj],comment,I came across my brother's comment
Family,brother,I came across [poss] [obj],account,I came across my brother's account
Family,brother,I came across [poss] [obj],Reddit,I came across my brother's Reddit
Family,brother,I came across [poss] [obj],profile,I came across my brother's profile
Family,brother,I came across [poss] [obj],thread,I came across my brother's thread
Family,brother,I came across [poss] [obj],username,I came across my brother's username
Family,brother,I stumbled across [poss] [obj],post,I stumbled across my brother's post
Family,brother,I stumbled across [poss] [obj],posts,I stumbled across my brother's posts
Family,brother,I stumbled across [poss] [obj],comment,I stumbled across my brother's comment
Family,brother,I stumbled across [poss] [obj],account,I stumbled across my brother's account
Family,brother,I stumbled across [poss] [obj],Reddit,I stumbled across my brother's Reddit
Family,brother,I stumbled across [poss] [obj],profile,I stumbled across my brother's profile
Family,brother,I stumbled across [poss] [obj],thread,I stumbled across my brother's thread
Family,brother,I stumbled across [poss] [obj],username,I stumbled across my brother's username
Family,brother,Is this [poss] [obj],post,Is this my brother's post
Family,brother,Is this [poss] [obj],posts,Is this my brother's posts
Family,brother,Is this [poss] [obj],comment,Is this my brother's comment
Family,brother,Is this [poss] [obj],account,Is this my brother's account
Family,brother,Is this [poss] [obj],Reddit,Is this my brother's Reddit
Family,brother,Is this [poss] [obj],profile,Is this my brother's profile
Family,brother,Is this [poss] [obj],thread,Is this my brother's thread
Family,brother,Is this [poss] [obj],username,Is this my brother's username
Family,brother,I found out [subj_lower] posts on Reddit,,I found out my brother posts on Reddit
Family,brother,I found out [subj_lower] is on Reddit,,I found out my brother is on Reddit
Family,brother,I think [subj_lower] is a redditor,,I think my brother is a redditor
Community/Acquaintance,club,I found [poss] [obj],post,I found my club's post
Community/Acquaintance,club,I found [poss] [obj],posts,I found my club's posts
Community/Acquaintance,club,I found [poss] [obj],comment,I found my club's comment
Community/Acquaintance,club,I found [poss] [obj],account,I found my club's account
Community/Acquaintance,club,I found [poss] [obj],Reddit,I found my club's Reddit
Community/Acquaintance,club,I found [poss] [obj],profile,I found my club's profile
Community/Acquaintance,club,I found [poss] [obj],thread,I found my club's thread
Community/Acquaintance,club,I found [poss] [obj],username,I found my club's username
Community/Acquaintance,club,Found [poss] [obj],post,Found my club's post
Community/Acquaintance,club,Found [poss] [obj],posts,Found my club's posts
Community/Acquaintance,club,Found [poss] [obj],comment,Found my club's comment
Community/Acquaintance,club,Found [poss] [obj],account,Found my club's account
Community/Acquaintance,club,Found [poss] [obj],Reddit,Found my club's Reddit
Community/Acquaintance,club,Found [poss] [obj],profile,Found my club's profile
Community/Acquaintance,club,Found [poss] [obj],thread,Found my club's thread
Community/Acquaintance,club,Found [poss] [obj],username,Found my club's username
Community/Acquaintance,club,I saw [poss] [obj],post,I saw my club's post
Community/Acquaintance,club,I saw [poss] [obj],posts,I saw my club's posts
Community/Acquaintance,club,I saw [poss] [obj],comment,I saw my club's comment
Community/Acquaintance,club,I saw [poss] [obj],account,I saw my club's account
Community/Acquaintance,club,I saw [poss] [obj],Reddit,I saw my club's Reddit
Community/Acquaintance,club,I saw [poss] [obj],profile,I saw my club's profile
Community/Acquaintance,club,I saw [poss] [obj],thread,I saw my club's thread
Community/Acquaintance,club,I saw [poss] [obj],username,I saw my club's username
Community/Acquaintance,club,I recognized [poss] [obj],post,I recognized my club's post
Community/Acquaintance,club,I recognized [poss] [obj],posts,I recognized my club's posts
Community/Acquaintance,club,I recognized [poss] [obj],comment,I recognized my club's comment
Community/Acquaintance,club,I recognized [poss] [obj],account,I recognized my club's account
Community/Acquaintance,club,I recognized [poss] [obj],Reddit,I recognized my club's Reddit
Community/Acquaintance,club,I recognized [poss] [obj],profile,I recognized my club's profile
Community/Acquaintance,club,I recognized [poss] [obj],thread,I recognized my club's thread
Community/Acquaintance,club,I recognized [poss] [obj],username,I recognized my club's username
Community/Acquaintance,club,I came across [poss] [obj],post,I came across my club's post
Community/Acquaintance,club,I came across [poss] [obj],posts,I came across my club's posts
Community/Acquaintance,club,I came across [poss] [obj],comment,I came across my club's comment
Community/Acquaintance,club,I came across [poss] [obj],account,I came across my club's account
Community/Acquaintance,club,I came across [poss] [obj],Reddit,I came across my club's Reddit
Community/Acquaintance,club,I came across [poss] [obj],profile,I came across my club's profile
Community/Acquaintance,club,I came across [poss] [obj],thread,I came across my club's thread
Community/Acquaintance,club,I came across [poss] [obj],username,I came across my club's username
Community/Acquaintance,club,I stumbled across [poss] [obj],post,I stumbled across my club's post
Community/Acquaintance,club,I stumbled across [poss] [obj],posts,I stumbled across my club's posts
Community/Acquaintance,club,I stumbled across [poss] [obj],comment,I stumbled across my club's comment
Community/Acquaintance,club,I stumbled across [poss] [obj],account,I stumbled across my club's account
Community/Acquaintance,club,I stumbled across [poss] [obj],Reddit,I stumbled across my club's Reddit
Community/Acquaintance,club,I stumbled across [poss] [obj],profile,I stumbled across my club's profile
Community/Acquaintance,club,I stumbled across [poss] [obj],thread,I stumbled across my club's thread
Community/Acquaintance,club,I stumbled across [poss] [obj],username,I stumbled across my club's username
Community/Acquaintance,club,Is this [poss] [obj],post,Is this my club's post
Community/Acquaintance,club,Is this [poss] [obj],posts,Is this my club's posts
Community/Acquaintance,club,Is this [poss] [obj],comment,Is this my club's comment
Community/Acquaintance,club,Is this [poss] [obj],account,Is this my club's account
Community/Acquaintance,club,Is this [poss] [obj],Reddit,Is this my club's Reddit
Community/Acquaintance,club,Is this [poss] [obj],profile,Is this my club's profile
Community/Acquaintance,club,Is this [poss] [obj],thread,Is this my club's thread
Community/Acquaintance,club,Is this [poss] [obj],username,Is this my club's username
Community/Acquaintance,club,I found out [subj_lower] posts on Reddit,,I found out my club posts on Reddit
Community/Acquaintance,club,I found out [subj_lower] is on Reddit,,I found out my club is on Reddit
Community/Acquaintance,club,I think [subj_lower] is a redditor,,I think my club is a redditor
Work-based,colleague,I found [poss] [obj],post,I found my colleague's post
Work-based,colleague,I found [poss] [obj],posts,I found my colleague's posts
Work-based,colleague,I found [poss] [obj],comment,I found my colleague's comment
Work-based,colleague,I found [poss] [obj],account,I found my colleague's account
Work-based,colleague,I found [poss] [obj],Reddit,I found my colleague's Reddit
Work-based,colleague,I found [poss] [obj],profile,I found my colleague's profile
Work-based,colleague,I found [poss] [obj],thread,I found my colleague's thread
Work-based,colleague,I found [poss] [obj],username,I found my colleague's username
Work-based,colleague,Found [poss] [obj],post,Found my colleague's post
Work-based,colleague,Found [poss] [obj],posts,Found my colleague's posts
Work-based,colleague,Found [poss] [obj],comment,Found my colleague's comment
Work-based,colleague,Found [poss] [obj],account,Found my colleague's account
Work-based,colleague,Found [poss] [obj],Reddit,Found my colleague's Reddit
Work-based,colleague,Found [poss] [obj],profile,Found my colleague's profile
Work-based,colleague,Found [poss] [obj],thread,Found my colleague's thread
Work-based,colleague,Found [poss] [obj],username,Found my colleague's username
Work-based,colleague,I saw [poss] [obj],post,I saw my colleague's post
Work-based,colleague,I saw [poss] [obj],posts,I saw my colleague's posts
Work-based,colleague,I saw [poss] [obj],comment,I saw my colleague's comment
Work-based,colleague,I saw [poss] [obj],account,I saw my colleague's account
Work-based,colleague,I saw [poss] [obj],Reddit,I saw my colleague's Reddit
Work-based,colleague,I saw [poss] [obj],profile,I saw my colleague's profile
Work-based,colleague,I saw [poss] [obj],thread,I saw my colleague's thread
Work-based,colleague,I saw [poss] [obj],username,I saw my colleague's username
Work-based,colleague,I recognized [poss] [obj],post,I recognized my colleague's post
Work-based,colleague,I recognized [poss] [obj],posts,I recognized my colleague's posts
Work-based,colleague,I recognized [poss] [obj],comment,I recognized my colleague's comment
Work-based,colleague,I recognized [poss] [obj],account,I recognized my colleague's account
Work-based,colleague,I recognized [poss] [obj],Reddit,I recognized my colleague's Reddit
Work-based,colleague,I recognized [poss] [obj],profile,I recognized my colleague's profile
Work-based,colleague,I recognized [poss] [obj],thread,I recognized my colleague's thread
Work-based,colleague,I recognized [poss] [obj],username,I recognized my colleague's username
Work-based,colleague,I came across [poss] [obj],post,I came across my colleague's post
Work-based,colleague,I came across [poss] [obj],posts,I came across my colleague's posts
Work-based,colleague,I came across [poss] [obj],comment,I came across my colleague's comment
Work-based,colleague,I came across [poss] [obj],account,I came across my colleague's account
Work-based,colleague,I came across [poss] [obj],Reddit,I came across my colleague's Reddit
Work-based,colleague,I came across [poss] [obj],profile,I came across my colleague's profile
Work-based,colleague,I came across [poss] [obj],thread,I came across my colleague's thread
Work-based,colleague,I came across [poss] [obj],username,I came across my colleague's username
Work-based,colleague,I stumbled across [poss] [obj],post,I stumbled across my colleague's post
Work-based,colleague,I stumbled across [poss] [obj],posts,I stumbled across my colleague's posts
Work-based,colleague,I stumbled across [poss] [obj],comment,I stumbled across my colleague's comment
Work-based,colleague,I stumbled across [poss] [obj],account,I stumbled across my colleague's account
Work-based,colleague,I stumbled across [poss] [obj],Reddit,I stumbled across my colleague's Reddit
Work-based,colleague,I stumbled across [poss] [obj],profile,I stumbled across my colleague's profile
Work-based,colleague,I stumbled across [poss] [obj],thread,I stumbled across my colleague's thread
Work-based,colleague,I stumbled across [poss] [obj],username,I stumbled across my colleague's username
Work-based,colleague,Is this [poss] [obj],post,Is this my colleague's post
Work-based,colleague,Is this [poss] [obj],posts,Is this my colleague's posts
Work-based,colleague,Is this [poss] [obj],comment,Is this my colleague's comment
Work-based,colleague,Is this [poss] [obj],account,Is this my colleague's account
Work-based,colleague,Is this [poss] [obj],Reddit,Is this my colleague's Reddit
Work-based,colleague,Is this [poss] [obj],profile,Is this my colleague's profile
Work-based,colleague,Is this [poss] [obj],thread,Is this my colleague's thread
Work-based,colleague,Is this [poss] [obj],username,Is this my colleague's username
Work-based,colleague,I found out [subj_lower] posts on Reddit,,I found out my colleague posts on Reddit
Work-based,colleague,I found out [subj_lower] is on Reddit,,I found out my colleague is on Reddit
Work-based,colleague,I think [subj_lower] is a redditor,,I think my colleague is a redditor
Work-based,company,I found [poss] [obj],post,I found my company's post
Work-based,company,I found [poss] [obj],posts,I found my company's posts
Work-based,company,I found [poss] [obj],comment,I found my company's comment
Work-based,company,I found [poss] [obj],account,I found my company's account
Work-based,company,I found [poss] [obj],Reddit,I found my company's Reddit
Work-based,company,I found [poss] [obj],profile,I found my company's profile
Work-based,company,I found [poss] [obj],thread,I found my company's thread
Work-based,company,I found [poss] [obj],username,I found my company's username
Work-based,company,Found [poss] [obj],post,Found my company's post
Work-based,company,Found [poss] [obj],posts,Found my company's posts
Work-based,company,Found [poss] [obj],comment,Found my company's comment
Work-based,company,Found [poss] [obj],account,Found my company's account
Work-based,company,Found [poss] [obj],Reddit,Found my company's Reddit
Work-based,company,Found [poss] [obj],profile,Found my company's profile
Work-based,company,Found [poss] [obj],thread,Found my company's thread
Work-based,company,Found [poss] [obj],username,Found my company's username
Work-based,company,I saw [poss] [obj],post,I saw my company's post
Work-based,company,I saw [poss] [obj],posts,I saw my company's posts
Work-based,company,I saw [poss] [obj],comment,I saw my company's comment
Work-based,company,I saw [poss] [obj],account,I saw my company's account
Work-based,company,I saw [poss] [obj],Reddit,I saw my company's Reddit
Work-based,company,I saw [poss] [obj],profile,I saw my company's profile
Work-based,company,I saw [poss] [obj],thread,I saw my company's thread
Work-based,company,I saw [poss] [obj],username,I saw my company's username
Work-based,company,I recognized [poss] [obj],post,I recognized my company's post
Work-based,company,I recognized [poss] [obj],posts,I recognized my company's posts
Work-based,company,I recognized [poss] [obj],comment,I recognized my company's comment
Work-based,company,I recognized [poss] [obj],account,I recognized my company's account
Work-based,company,I recognized [poss] [obj],Reddit,I recognized my company's Reddit
Work-based,company,I recognized [poss] [obj],profile,I recognized my company's profile
Work-based,company,I recognized [poss] [obj],thread,I recognized my company's thread
Work-based,company,I recognized [poss] [obj],username,I recognized my company's username
Work-based,company,I came across [poss] [obj],post,I came across my company's post
Work-based,company,I came across [poss] [obj],posts,I came across my company's posts
Work-based,company,I came across [poss] [obj],comment,I came across my company's comment
Work-based,company,I came across [poss] [obj],account,I came across my company's account
Work-based,company,I came across [poss] [obj],Reddit,I came across my company's Reddit
Work-based,company,I came across [poss] [obj],profile,I came across my company's profile
Work-based,company,I came across [poss] [obj],thread,I came across my company's thread
Work-based,company,I came across [poss] [obj],username,I came across my company's username
Work-based,company,I stumbled across [poss] [obj],post,I stumbled across my company's post
Work-based,company,I stumbled across [poss] [obj],posts,I stumbled across my company's posts
Work-based,company,I stumbled across [poss] [obj],comment,I stumbled across my company's comment
Work-based,company,I stumbled across [poss] [obj],account,I stumbled across my company's account
Work-based,company,I stumbled across [poss] [obj],Reddit,I stumbled across my company's Reddit
Work-based,company,I stumbled across [poss] [obj],profile,I stumbled across my company's profile
Work-based,company,I stumbled across [poss] [obj],thread,I stumbled across my company's thread
Work-based,company,I stumbled across [poss] [obj],username,I stumbled across my company's username
Work-based,company,Is this [poss] [obj],post,Is this my company's post
Work-based,company,Is this [poss] [obj],posts,Is this my company's posts
Work-based,company,Is this [poss] [obj],comment,Is this my company's comment
Work-based,company,Is this [poss] [obj],account,Is this my company's account
Work-based,company,Is this [poss] [obj],Reddit,Is this my company's Reddit
Work-based,company,Is this [poss] [obj],profile,Is this my company's profile
Work-based,company,Is this [poss] [obj],thread,Is this my company's thread
Work-based,company,Is this [poss] [obj],username,Is this my company's username
Work-based,company,I found out [subj_lower] posts on Reddit,,I found out my company posts on Reddit
Work-based,company,I found out [subj_lower] is on Reddit,,I found out my company is on Reddit
Work-based,company,I think [subj_lower] is a redditor,,I think my company is a redditor
Family,cousin,I found [poss] [obj],post,I found my cousin's post
Family,cousin,I found [poss] [obj],posts,I found my cousin's posts
Family,cousin,I found [poss] [obj],comment,I found my cousin's comment
Family,cousin,I found [poss] [obj],account,I found my cousin's account
Family,cousin,I found [poss] [obj],Reddit,I found my cousin's Reddit
Family,cousin,I found [poss] [obj],profile,I found my cousin's profile
Family,cousin,I found [poss] [obj],thread,I found my cousin's thread
Family,cousin,I found [poss] [obj],username,I found my cousin's username
Family,cousin,Found [poss] [obj],post,Found my cousin's post
Family,cousin,Found [poss] [obj],posts,Found my cousin's posts
Family,cousin,Found [poss] [obj],comment,Found my cousin's comment
Family,cousin,Found [poss] [obj],account,Found my cousin's account
Family,cousin,Found [poss] [obj],Reddit,Found my cousin's Reddit
Family,cousin,Found [poss] [obj],profile,Found my cousin's profile
Family,cousin,Found [poss] [obj],thread,Found my cousin's thread
Family,cousin,Found [poss] [obj],username,Found my cousin's username
Family,cousin,I saw [poss] [obj],post,I saw my cousin's post
Family,cousin,I saw [poss] [obj],posts,I saw my cousin's posts
Family,cousin,I saw [poss] [obj],comment,I saw my cousin's comment
Family,cousin,I saw [poss] [obj],account,I saw my cousin's account
Family,cousin,I saw [poss] [obj],Reddit,I saw my cousin's Reddit
Family,cousin,I saw [poss] [obj],profile,I saw my cousin's profile
Family,cousin,I saw [poss] [obj],thread,I saw my cousin's thread
Family,cousin,I saw [poss] [obj],username,I saw my cousin's username
Family,cousin,I recognized [poss] [obj],post,I recognized my cousin's post
Family,cousin,I recognized [poss] [obj],posts,I recognized my cousin's posts
Family,cousin,I recognized [poss] [obj],comment,I recognized my cousin's comment
Family,cousin,I recognized [poss] [obj],account,I recognized my cousin's account
Family,cousin,I recognized [poss] [obj],Reddit,I recognized my cousin's Reddit
Family,cousin,I recognized [poss] [obj],profile,I recognized my cousin's profile
Family,cousin,I recognized [poss] [obj],thread,I recognized my cousin's thread
Family,cousin,I recognized [poss] [obj],username,I recognized my cousin's username
Family,cousin,I came across [poss] [obj],post,I came across my cousin's post
Family,cousin,I came across [poss] [obj],posts,I came across my cousin's posts
Family,cousin,I came across [poss] [obj],comment,I came across my cousin's comment
Family,cousin,I came across [poss] [obj],account,I came across my cousin's account
Family,cousin,I came across [poss] [obj],Reddit,I came across my cousin's Reddit
Family,cousin,I came across [poss] [obj],profile,I came across my cousin's profile
Family,cousin,I came across [poss] [obj],thread,I came across my cousin's thread
Family,cousin,I came across [poss] [obj],username,I came across my cousin's username
Family,cousin,I stumbled across [poss] [obj],post,I stumbled across my cousin's post
Family,cousin,I stumbled across [poss] [obj],posts,I stumbled across my cousin's posts
Family,cousin,I stumbled across [poss] [obj],comment,I stumbled across my cousin's comment
Family,cousin,I stumbled across [poss] [obj],account,I stumbled across my cousin's account
Family,cousin,I stumbled across [poss] [obj],Reddit,I stumbled across my cousin's Reddit
Family,cousin,I stumbled across [poss] [obj],profile,I stumbled across my cousin's profile
Family,cousin,I stumbled across [poss] [obj],thread,I stumbled across my cousin's thread
Family,cousin,I stumbled across [poss] [obj],username,I stumbled across my cousin's username
Family,cousin,Is this [poss] [obj],post,Is this my cousin's post
Family,cousin,Is this [poss] [obj],posts,Is this my cousin's posts
Family,cousin,Is this [poss] [obj],comment,Is this my cousin's comment
Family,cousin,Is this [poss] [obj],account,Is this my cousin's account
Family,cousin,Is this [poss] [obj],Reddit,Is this my cousin's Reddit
Family,cousin,Is this [poss] [obj],profile,Is this my cousin's profile
Family,cousin,Is this [poss] [obj],thread,Is this my cousin's thread
Family,cousin,Is this [poss] [obj],username,Is this my cousin's username
Family,cousin,I found out [subj_lower] posts on Reddit,,I found out my cousin posts on Reddit
Family,cousin,I found out [subj_lower] is on Reddit,,I found out my cousin is on Reddit
Family,cousin,I think [subj_lower] is a redditor,,I think my cousin is a redditor
Family,cousins,I found [poss] [obj],post,I found my cousins' post
Family,cousins,I found [poss] [obj],posts,I found my cousins' posts
Family,cousins,I found [poss] [obj],comment,I found my cousins' comment
Family,cousins,I found [poss] [obj],account,I found my cousins' account
Family,cousins,I found [poss] [obj],Reddit,I found my cousins' Reddit
Family,cousins,I found [poss] [obj],profile,I found my cousins' profile
Family,cousins,I found [poss] [obj],thread,I found my cousins' thread
Family,cousins,I found [poss] [obj],username,I found my cousins' username
Family,cousins,Found [poss] [obj],post,Found my cousins' post
Family,cousins,Found [poss] [obj],posts,Found my cousins' posts
Family,cousins,Found [poss] [obj],comment,Found my cousins' comment
Family,cousins,Found [poss] [obj],account,Found my cousins' account
Family,cousins,Found [poss] [obj],Reddit,Found my cousins' Reddit
Family,cousins,Found [poss] [obj],profile,Found my cousins' profile
Family,cousins,Found [poss] [obj],thread,Found my cousins' thread
Family,cousins,Found [poss] [obj],username,Found my cousins' username
Family,cousins,I saw [poss] [obj],post,I saw my cousins' post
Family,cousins,I saw [poss] [obj],posts,I saw my cousins' posts
Family,cousins,I saw [poss] [obj],comment,I saw my cousins' comment
Family,cousins,I saw [poss] [obj],account,I saw my cousins' account
Family,cousins,I saw [poss] [obj],Reddit,I saw my cousins' Reddit
Family,cousins,I saw [poss] [obj],profile,I saw my cousins' profile
Family,cousins,I saw [poss] [obj],thread,I saw my cousins' thread
Family,cousins,I saw [poss] [obj],username,I saw my cousins' username
Family,cousins,I recognized [poss] [obj],post,I recognized my cousins' post
Family,cousins,I recognized [poss] [obj],posts,I recognized my cousins' posts
Family,cousins,I recognized [poss] [obj],comment,I recognized my cousins' comment
Family,cousins,I recognized [poss] [obj],account,I recognized my cousins' account
Family,cousins,I recognized [poss] [obj],Reddit,I recognized my cousins' Reddit
Family,cousins,I recognized [poss] [obj],profile,I recognized my cousins' profile
Family,cousins,I recognized [poss] [obj],thread,I recognized my cousins' thread
Family,cousins,I recognized [poss] [obj],username,I recognized my cousins' username
Family,cousins,I came across [poss] [obj],post,I came across my cousins' post
Family,cousins,I came across [poss] [obj],posts,I came across my cousins' posts
Family,cousins,I came across [poss] [obj],comment,I came across my cousins' comment
Family,cousins,I came across [poss] [obj],account,I came across my cousins' account
Family,cousins,I came across [poss] [obj],Reddit,I came across my cousins' Reddit
Family,cousins,I came across [poss] [obj],profile,I came across my cousins' profile
Family,cousins,I came across [poss] [obj],thread,I came across my cousins' thread
Family,cousins,I came across [poss] [obj],username,I came across my cousins' username
Family,cousins,I stumbled across [poss] [obj],post,I stumbled across my cousins' post
Family,cousins,I stumbled across [poss] [obj],posts,I stumbled across my cousins' posts
Family,cousins,I stumbled across [poss] [obj],comment,I stumbled across my cousins' comment
Family,cousins,I stumbled across [poss] [obj],account,I stumbled across my cousins' account
Family,cousins,I stumbled across [poss] [obj],Reddit,I stumbled across my cousins' Reddit
Family,cousins,I stumbled across [poss] [obj],profile,I stumbled across my cousins' profile
Family,cousins,I stumbled across [poss] [obj],thread,I stumbled across my cousins' thread
Family,cousins,I stumbled across [poss] [obj],username,I stumbled across my cousins' username
Family,cousins,Is this [poss] [obj],post,Is this my cousins' post
Family,cousins,Is this [poss] [obj],posts,Is this my cousins' posts
Family,cousins,Is this [poss] [obj],comment,Is this my cousins' comment
Family,cousins,Is this [poss] [obj],account,Is this my cousins' account
Family,cousins,Is this [poss] [obj],Reddit,Is this my cousins' Reddit
Family,cousins,Is this [poss] [obj],profile,Is this my cousins' profile
Family,cousins,Is this [poss] [obj],thread,Is this my cousins' thread
Family,cousins,Is this [poss] [obj],username,Is this my cousins' username
Family,cousins,I found out [subj_lower] posts on Reddit,,I found out my cousins posts on Reddit
Family,cousins,I found out [subj_lower] is on Reddit,,I found out my cousins is on Reddit
Family,cousins,I think [subj_lower] is a redditor,,I think my cousins is a redditor
Work-based,coworker,I found [poss] [obj],post,I found my coworker's post
Work-based,coworker,I found [poss] [obj],posts,I found my coworker's posts
Work-based,coworker,I found [poss] [obj],comment,I found my coworker's comment
Work-based,coworker,I found [poss] [obj],account,I found my coworker's account
Work-based,coworker,I found [poss] [obj],Reddit,I found my coworker's Reddit
Work-based,coworker,I found [poss] [obj],profile,I found my coworker's profile
Work-based,coworker,I found [poss] [obj],thread,I found my coworker's thread
Work-based,coworker,I found [poss] [obj],username,I found my coworker's username
Work-based,coworker,Found [poss] [obj],post,Found my coworker's post
Work-based,coworker,Found [poss] [obj],posts,Found my coworker's posts
Work-based,coworker,Found [poss] [obj],comment,Found my coworker's comment
Work-based,coworker,Found [poss] [obj],account,Found my coworker's account
Work-based,coworker,Found [poss] [obj],Reddit,Found my coworker's Reddit
Work-based,coworker,Found [poss] [obj],profile,Found my coworker's profile
Work-based,coworker,Found [poss] [obj],thread,Found my coworker's thread
Work-based,coworker,Found [poss] [obj],username,Found my coworker's username
Work-based,coworker,I saw [poss] [obj],post,I saw my coworker's post
Work-based,coworker,I saw [poss] [obj],posts,I saw my coworker's posts
Work-based,coworker,I saw [poss] [obj],comment,I saw my coworker's comment
Work-based,coworker,I saw [poss] [obj],account,I saw my coworker's account
Work-based,coworker,I saw [poss] [obj],Reddit,I saw my coworker's Reddit
Work-based,coworker,I saw [poss] [obj],profile,I saw my coworker's profile
Work-based,coworker,I saw [poss] [obj],thread,I saw my coworker's thread
Work-based,coworker,I saw [poss] [obj],username,I saw my coworker's username
Work-based,coworker,I recognized [poss] [obj],post,I recognized my coworker's post
Work-based,coworker,I recognized [poss] [obj],posts,I recognized my coworker's posts
Work-based,coworker,I recognized [poss] [obj],comment,I recognized my coworker's comment
Work-based,coworker,I recognized [poss] [obj],account,I recognized my coworker's account
Work-based,coworker,I recognized [poss] [obj],Reddit,I recognized my coworker's Reddit
Work-based,coworker,I recognized [poss] [obj],profile,I recognized my coworker's profile
Work-based,coworker,I recognized [poss] [obj],thread,I recognized my coworker's thread
Work-based,coworker,I recognized [poss] [obj],username,I recognized my coworker's username
Work-based,coworker,I came across [poss] [obj],post,I came across my coworker's post
Work-based,coworker,I came across [poss] [obj],posts,I came across my coworker's posts
Work-based,coworker,I came across [poss] [obj],comment,I came across my coworker's comment
Work-based,coworker,I came across [poss] [obj],account,I came across my coworker's account
Work-based,coworker,I came across [poss] [obj],Reddit,I came across my coworker's Reddit
Work-based,coworker,I came across [poss] [obj],profile,I came across my coworker's profile
Work-based,coworker,I came across [poss] [obj],thread,I came across my coworker's thread
Work-based,coworker,I came across [poss] [obj],username,I came across my coworker's username
Work-based,coworker,I stumbled across [poss] [obj],post,I stumbled across my coworker's post
Work-based,coworker,I stumbled across [poss] [obj],posts,I stumbled across my coworker's posts
Work-based,coworker,I stumbled across [poss] [obj],comment,I stumbled across my coworker's comment
Work-based,coworker,I stumbled across [poss] [obj],account,I stumbled across my coworker's account
Work-based,coworker,I stumbled across [poss] [obj],Reddit,I stumbled across my coworker's Reddit
Work-based,coworker,I stumbled across [poss] [obj],profile,I stumbled across my coworker's profile
Work-based,coworker,I stumbled across [poss] [obj],thread,I stumbled across my coworker's thread
Work-based,coworker,I stumbled across [poss] [obj],username,I stumbled across my coworker's username
Work-based,coworker,Is this [poss] [obj],post,Is this my coworker's post
Work-based,coworker,Is this [poss] [obj],posts,Is this my coworker's posts
Work-based,coworker,Is this [poss] [obj],comment,Is this my coworker's comment
Work-based,coworker,Is this [poss] [obj],account,Is this my coworker's account
Work-based,coworker,Is this [poss] [obj],Reddit,Is this my coworker's Reddit
Work-based,coworker,Is this [poss] [obj],profile,Is this my coworker's profile
Work-based,coworker,Is this [poss] [obj],thread,Is this my coworker's thread
Work-based,coworker,Is this [poss] [obj],username,Is this my coworker's username
Work-based,coworker,I found out [subj_lower] posts on Reddit,,I found out my coworker posts on Reddit
Work-based,coworker,I found out [subj_lower] is on Reddit,,I found out my coworker is on Reddit
Work-based,coworker,I think [subj_lower] is a redditor,,I think my coworker is a redditor
Family,dad,I found [poss] [obj],post,I found my dad's post
Family,dad,I found [poss] [obj],posts,I found my dad's posts
Family,dad,I found [poss] [obj],comment,I found my dad's comment
Family,dad,I found [poss] [obj],account,I found my dad's account
Family,dad,I found [poss] [obj],Reddit,I found my dad's Reddit
Family,dad,I found [poss] [obj],profile,I found my dad's profile
Family,dad,I found [poss] [obj],thread,I found my dad's thread
Family,dad,I found [poss] [obj],username,I found my dad's username
Family,dad,Found [poss] [obj],post,Found my dad's post
Family,dad,Found [poss] [obj],posts,Found my dad's posts
Family,dad,Found [poss] [obj],comment,Found my dad's comment
Family,dad,Found [poss] [obj],account,Found my dad's account
Family,dad,Found [poss] [obj],Reddit,Found my dad's Reddit
Family,dad,Found [poss] [obj],profile,Found my dad's profile
Family,dad,Found [poss] [obj],thread,Found my dad's thread
Family,dad,Found [poss] [obj],username,Found my dad's username
Family,dad,I saw [poss] [obj],post,I saw my dad's post
Family,dad,I saw [poss] [obj],posts,I saw my dad's posts
Family,dad,I saw [poss] [obj],comment,I saw my dad's comment
Family,dad,I saw [poss] [obj],account,I saw my dad's account
Family,dad,I saw [poss] [obj],Reddit,I saw my dad's Reddit
Family,dad,I saw [poss] [obj],profile,I saw my dad's profile
Family,dad,I saw [poss] [obj],thread,I saw my dad's thread
Family,dad,I saw [poss] [obj],username,I saw my dad's username
Family,dad,I recognized [poss] [obj],post,I recognized my dad's post
Family,dad,I recognized [poss] [obj],posts,I recognized my dad's posts
Family,dad,I recognized [poss] [obj],comment,I recognized my dad's comment
Family,dad,I recognized [poss] [obj],account,I recognized my dad's account
Family,dad,I recognized [poss] [obj],Reddit,I recognized my dad's Reddit
Family,dad,I recognized [poss] [obj],profile,I recognized my dad's profile
Family,dad,I recognized [poss] [obj],thread,I recognized my dad's thread
Family,dad,I recognized [poss] [obj],username,I recognized my dad's username
Family,dad,I came across [poss] [obj],post,I came across my dad's post
Family,dad,I came across [poss] [obj],posts,I came across my dad's posts
Family,dad,I came across [poss] [obj],comment,I came across my dad's comment
Family,dad,I came across [poss] [obj],account,I came across my dad's account
Family,dad,I came across [poss] [obj],Reddit,I came across my dad's Reddit
Family,dad,I came across [poss] [obj],profile,I came across my dad's profile
Family,dad,I came across [poss] [obj],thread,I came across my dad's thread
Family,dad,I came across [poss] [obj],username,I came across my dad's username
Family,dad,I stumbled across [poss] [obj],post,I stumbled across my dad's post
Family,dad,I stumbled across [poss] [obj],posts,I stumbled across my dad's posts
Family,dad,I stumbled across [poss] [obj],comment,I stumbled across my dad's comment
Family,dad,I stumbled across [poss] [obj],account,I stumbled across my dad's account
Family,dad,I stumbled across [poss] [obj],Reddit,I stumbled across my dad's Reddit
Family,dad,I stumbled across [poss] [obj],profile,I stumbled across my dad's profile
Family,dad,I stumbled across [poss] [obj],thread,I stumbled across my dad's thread
Family,dad,I stumbled across [poss] [obj],username,I stumbled across my dad's username
Family,dad,Is this [poss] [obj],post,Is this my dad's post
Family,dad,Is this [poss] [obj],posts,Is this my dad's posts
Family,dad,Is this [poss] [obj],comment,Is this my dad's comment
Family,dad,Is this [poss] [obj],account,Is this my dad's account
Family,dad,Is this [poss] [obj],Reddit,Is this my dad's Reddit
Family,dad,Is this [poss] [obj],profile,Is this my dad's profile
Family,dad,Is this [poss] [obj],thread,Is this my dad's thread
Family,dad,Is this [poss] [obj],username,Is this my dad's username
Family,dad,I found out [subj_lower] posts on Reddit,,I found out my dad posts on Reddit
Family,dad,I found out [subj_lower] is on Reddit,,I found out my dad is on Reddit
Family,dad,I think [subj_lower] is a redditor,,I think my dad is a redditor
School-based,dean,I found [poss] [obj],post,I found the dean's post
School-based,dean,I found [poss] [obj],posts,I found the dean's posts
School-based,dean,I found [poss] [obj],comment,I found the dean's comment
School-based,dean,I found [poss] [obj],account,I found the dean's account
School-based,dean,I found [poss] [obj],Reddit,I found the dean's Reddit
School-based,dean,I found [poss] [obj],profile,I found the dean's profile
School-based,dean,I found [poss] [obj],thread,I found the dean's thread
School-based,dean,I found [poss] [obj],username,I found the dean's username
School-based,dean,Found [poss] [obj],post,Found the dean's post
School-based,dean,Found [poss] [obj],posts,Found the dean's posts
School-based,dean,Found [poss] [obj],comment,Found the dean's comment
School-based,dean,Found [poss] [obj],account,Found the dean's account
School-based,dean,Found [poss] [obj],Reddit,Found the dean's Reddit
School-based,dean,Found [poss] [obj],profile,Found the dean's profile
School-based,dean,Found [poss] [obj],thread,Found the dean's thread
School-based,dean,Found [poss] [obj],username,Found the dean's username
School-based,dean,I saw [poss] [obj],post,I saw the dean's post
School-based,dean,I saw [poss] [obj],posts,I saw the dean's posts
School-based,dean,I saw [poss] [obj],comment,I saw the dean's comment
School-based,dean,I saw [poss] [obj],account,I saw the dean's account
School-based,dean,I saw [poss] [obj],Reddit,I saw the dean's Reddit
School-based,dean,I saw [poss] [obj],profile,I saw the dean's profile
School-based,dean,I saw [poss] [obj],thread,I saw the dean's thread
School-based,dean,I saw [poss] [obj],username,I saw the dean's username
School-based,dean,I recognized [poss] [obj],post,I recognized the dean's post
School-based,dean,I recognized [poss] [obj],posts,I recognized the dean's posts
School-based,dean,I recognized [poss] [obj],comment,I recognized the dean's comment
School-based,dean,I recognized [poss] [obj],account,I recognized the dean's account
School-based,dean,I recognized [poss] [obj],Reddit,I recognized the dean's Reddit
School-based,dean,I recognized [poss] [obj],profile,I recognized the dean's profile
School-based,dean,I recognized [poss] [obj],thread,I recognized the dean's thread
School-based,dean,I recognized [poss] [obj],username,I recognized the dean's username
School-based,dean,I came across [poss] [obj],post,I came across the dean's post
School-based,dean,I came across [poss] [obj],posts,I came across the dean's posts
School-based,dean,I came across [poss] [obj],comment,I came across the dean's comment
School-based,dean,I came across [poss] [obj],account,I came across the dean's account
School-based,dean,I came across [poss] [obj],Reddit,I came across the dean's Reddit
School-based,dean,I came across [poss] [obj],profile,I came across the dean's profile
School-based,dean,I came across [poss] [obj],thread,I came across the dean's thread
School-based,dean,I came across [poss] [obj],username,I came across the dean's username
School-based,dean,I stumbled across [poss] [obj],post,I stumbled across the dean's post
School-based,dean,I stumbled across [poss] [obj],posts,I stumbled across the dean's posts
School-based,dean,I stumbled across [poss] [obj],comment,I stumbled across the dean's comment
School-based,dean,I stumbled across [poss] [obj],account,I stumbled across the dean's account
School-based,dean,I stumbled across [poss] [obj],Reddit,I stumbled across the dean's Reddit
School-based,dean,I stumbled across [poss] [obj],profile,I stumbled across the dean's profile
School-based,dean,I stumbled across [poss] [obj],thread,I stumbled across the dean's thread
School-based,dean,I stumbled across [poss] [obj],username,I stumbled across the dean's username
School-based,dean,Is this [poss] [obj],post,Is this the dean's post
School-based,dean,Is this [poss] [obj],posts,Is this the dean's posts
School-based,dean,Is this [poss] [obj],comment,Is this the dean's comment
School-based,dean,Is this [poss] [obj],account,Is this the dean's account
School-based,dean,Is this [poss] [obj],Reddit,Is this the dean's Reddit
School-based,dean,Is this [poss] [obj],profile,Is this the dean's profile
School-based,dean,Is this [poss] [obj],thread,Is this the dean's thread
School-based,dean,Is this [poss] [obj],username,Is this the dean's username
School-based,dean,I found out [subj_lower] posts on Reddit,,I found out the dean posts on Reddit
School-based,dean,I found out [subj_lower] is on Reddit,,I found out the dean is on Reddit
School-based,dean,I think [subj_lower] is a redditor,,I think the dean is a redditor
Work-based,employee,I found [poss] [obj],post,I found an employee's post
Work-based,employee,I found [poss] [obj],posts,I found an employee's posts
Work-based,employee,I found [poss] [obj],comment,I found an employee's comment
Work-based,employee,I found [poss] [obj],account,I found an employee's account
Work-based,employee,I found [poss] [obj],Reddit,I found an employee's Reddit
Work-based,employee,I found [poss] [obj],profile,I found an employee's profile
Work-based,employee,I found [poss] [obj],thread,I found an employee's thread
Work-based,employee,I found [poss] [obj],username,I found an employee's username
Work-based,employee,Found [poss] [obj],post,Found an employee's post
Work-based,employee,Found [poss] [obj],posts,Found an employee's posts
Work-based,employee,Found [poss] [obj],comment,Found an employee's comment
Work-based,employee,Found [poss] [obj],account,Found an employee's account
Work-based,employee,Found [poss] [obj],Reddit,Found an employee's Reddit
Work-based,employee,Found [poss] [obj],profile,Found an employee's profile
Work-based,employee,Found [poss] [obj],thread,Found an employee's thread
Work-based,employee,Found [poss] [obj],username,Found an employee's username
Work-based,employee,I saw [poss] [obj],post,I saw an employee's post
Work-based,employee,I saw [poss] [obj],posts,I saw an employee's posts
Work-based,employee,I saw [poss] [obj],comment,I saw an employee's comment
Work-based,employee,I saw [poss] [obj],account,I saw an employee's account
Work-based,employee,I saw [poss] [obj],Reddit,I saw an employee's Reddit
Work-based,employee,I saw [poss] [obj],profile,I saw an employee's profile
Work-based,employee,I saw [poss] [obj],thread,I saw an employee's thread
Work-based,employee,I saw [poss] [obj],username,I saw an employee's username
Work-based,employee,I recognized [poss] [obj],post,I recognized an employee's post
Work-based,employee,I recognized [poss] [obj],posts,I recognized an employee's posts
Work-based,employee,I recognized [poss] [obj],comment,I recognized an employee's comment
Work-based,employee,I recognized [poss] [obj],account,I recognized an employee's account
Work-based,employee,I recognized [poss] [obj],Reddit,I recognized an employee's Reddit
Work-based,employee,I recognized [poss] [obj],profile,I recognized an employee's profile
Work-based,employee,I recognized [poss] [obj],thread,I recognized an employee's thread
Work-based,employee,I recognized [poss] [obj],username,I recognized an employee's username
Work-based,employee,I came across [poss] [obj],post,I came across an employee's post
Work-based,employee,I came across [poss] [obj],posts,I came across an employee's posts
Work-based,employee,I came across [poss] [obj],comment,I came across an employee's comment
Work-based,employee,I came across [poss] [obj],account,I came across an employee's account
Work-based,employee,I came across [poss] [obj],Reddit,I came across an employee's Reddit
Work-based,employee,I came across [poss] [obj],profile,I came across an employee's profile
Work-based,employee,I came across [poss] [obj],thread,I came across an employee's thread
Work-based,employee,I came across [poss] [obj],username,I came across an employee's username
Work-based,employee,I stumbled across [poss] [obj],post,I stumbled across an employee's post
Work-based,employee,I stumbled across [poss] [obj],posts,I stumbled across an employee's posts
Work-based,employee,I stumbled across [poss] [obj],comment,I stumbled across an employee's comment
Work-based,employee,I stumbled across [poss] [obj],account,I stumbled across an employee's account
Work-based,employee,I stumbled across [poss] [obj],Reddit,I stumbled across an employee's Reddit
Work-based,employee,I stumbled across [poss] [obj],profile,I stumbled across an employee's profile
Work-based,employee,I stumbled across [poss] [obj],thread,I stumbled across an employee's thread
Work-based,employee,I stumbled across [poss] [obj],username,I stumbled across an employee's username
Work-based,employee,Is this [poss] [obj],post,Is this an employee's post
Work-based,employee,Is this [poss] [obj],posts,Is this an employee's posts
Work-based,employee,Is this [poss] [obj],comment,Is this an employee's comment
Work-based,employee,Is this [poss] [obj],account,Is this an employee's account
Work-based,employee,Is this [poss] [obj],Reddit,Is this an employee's Reddit
Work-based,employee,Is this [poss] [obj],profile,Is this an employee's profile
Work-based,employee,Is this [poss] [obj],thread,Is this an employee's thread
Work-based,employee,Is this [poss] [obj],username,Is this an employee's username
Work-based,employee,I found out [subj_lower] posts on Reddit,,I found out an employee posts on Reddit
Work-based,employee,I found out [subj_lower] is on Reddit,,I found out an employee is on Reddit
Work-based,employee,I think [subj_lower] is a redditor,,I think an employee is a redditor
Work-based,employer,I found [poss] [obj],post,I found my employer's post
Work-based,employer,I found [poss] [obj],posts,I found my employer's posts
Work-based,employer,I found [poss] [obj],comment,I found my employer's comment
Work-based,employer,I found [poss] [obj],account,I found my employer's account
Work-based,employer,I found [poss] [obj],Reddit,I found my employer's Reddit
Work-based,employer,I found [poss] [obj],profile,I found my employer's profile
Work-based,employer,I found [poss] [obj],thread,I found my employer's thread
Work-based,employer,I found [poss] [obj],username,I found my employer's username
Work-based,employer,Found [poss] [obj],post,Found my employer's post
Work-based,employer,Found [poss] [obj],posts,Found my employer's posts
Work-based,employer,Found [poss] [obj],comment,Found my employer's comment
Work-based,employer,Found [poss] [obj],account,Found my employer's account
Work-based,employer,Found [poss] [obj],Reddit,Found my employer's Reddit
Work-based,employer,Found [poss] [obj],profile,Found my employer's profile
Work-based,employer,Found [poss] [obj],thread,Found my employer's thread
Work-based,employer,Found [poss] [obj],username,Found my employer's username
Work-based,employer,I saw [poss] [obj],post,I saw my employer's post
Work-based,employer,I saw [poss] [obj],posts,I saw my employer's posts
Work-based,employer,I saw [poss] [obj],comment,I saw my employer's comment
Work-based,employer,I saw [poss] [obj],account,I saw my employer's account
Work-based,employer,I saw [poss] [obj],Reddit,I saw my employer's Reddit
Work-based,employer,I saw [poss] [obj],profile,I saw my employer's profile
Work-based,employer,I saw [poss] [obj],thread,I saw my employer's thread
Work-based,employer,I saw [poss] [obj],username,I saw my employer's username
Work-based,employer,I recognized [poss] [obj],post,I recognized my employer's post
Work-based,employer,I recognized [poss] [obj],posts,I recognized my employer's posts
Work-based,employer,I recognized [poss] [obj],comment,I recognized my employer's comment
Work-based,employer,I recognized [poss] [obj],account,I recognized my employer's account
Work-based,employer,I recognized [poss] [obj],Reddit,I recognized my employer's Reddit
Work-based,employer,I recognized [poss] [obj],profile,I recognized my employer's profile
Work-based,employer,I recognized [poss] [obj],thread,I recognized my employer's thread
Work-based,employer,I recognized [poss] [obj],username,I recognized my employer's username
Work-based,employer,I came across [poss] [obj],post,I came across my employer's post
Work-based,employer,I came across [poss] [obj],posts,I came across my employer's posts
Work-based,employer,I came across [poss] [obj],comment,I came across my employer's comment
Work-based,employer,I came across [poss] [obj],account,I came across my employer's account
Work-based,employer,I came across [poss] [obj],Reddit,I came across my employer's Reddit
Work-based,employer,I came across [poss] [obj],profile,I came across my employer's profile
Work-based,employer,I came across [poss] [obj],thread,I came across my employer's thread
Work-based,employer,I came across [poss] [obj],username,I came across my employer's username
Work-based,employer,I stumbled across [poss] [obj],post,I stumbled across my employer's post
Work-based,employer,I stumbled across [poss] [obj],posts,I stumbled across my employer's posts
Work-based,employer,I stumbled across [poss] [obj],comment,I stumbled across my employer's comment
Work-based,employer,I stumbled across [poss] [obj],account,I stumbled across my employer's account
Work-based,employer,I stumbled across [poss] [obj],Reddit,I stumbled across my employer's Reddit
Work-based,employer,I stumbled across [poss] [obj],profile,I stumbled across my employer's profile
Work-based,employer,I stumbled across [poss] [obj],thread,I stumbled across my employer's thread
Work-based,employer,I stumbled across [poss] [obj],username,I stumbled across my employer's username
Work-based,employer,Is this [poss] [obj],post,Is this my employer's post
Work-based,employer,Is this [poss] [obj],posts,Is this my employer's posts
Work-based,employer,Is this [poss] [obj],comment,Is this my employer's comment
Work-based,employer,Is this [poss] [obj],account,Is this my employer's account
Work-based,employer,Is this [poss] [obj],Reddit,Is this my employer's Reddit
Work-based,employer,Is this [poss] [obj],profile,Is this my employer's profile
Work-based,employer,Is this [poss] [obj],thread,Is this my employer's thread
Work-based,employer,Is this [poss] [obj],username,Is this my employer's username
Work-based,employer,I found out [subj_lower] posts on Reddit,,I found out my employer posts on Reddit
Work-based,employer,I found out [subj_lower] is on Reddit,,I found out my employer is on Reddit
Work-based,employer,I think [subj_lower] is a redditor,,I think my employer is a redditor
Romantic partner,ex,I found [poss] [obj],post,I found my ex's post
Romantic partner,ex,I found [poss] [obj],posts,I found my ex's posts
Romantic partner,ex,I found [poss] [obj],comment,I found my ex's comment
Romantic partner,ex,I found [poss] [obj],account,I found my ex's account
Romantic partner,ex,I found [poss] [obj],Reddit,I found my ex's Reddit
Romantic partner,ex,I found [poss] [obj],profile,I found my ex's profile
Romantic partner,ex,I found [poss] [obj],thread,I found my ex's thread
Romantic partner,ex,I found [poss] [obj],username,I found my ex's username
Romantic partner,ex,Found [poss] [obj],post,Found my ex's post
Romantic partner,ex,Found [poss] [obj],posts,Found my ex's posts
Romantic partner,ex,Found [poss] [obj],comment,Found my ex's comment
Romantic partner,ex,Found [poss] [obj],account,Found my ex's account
Romantic partner,ex,Found [poss] [obj],Reddit,Found my ex's Reddit
Romantic partner,ex,Found [poss] [obj],profile,Found my ex's profile
Romantic partner,ex,Found [poss] [obj],thread,Found my ex's thread
Romantic partner,ex,Found [poss] [obj],username,Found my ex's username
Romantic partner,ex,I saw [poss] [obj],post,I saw my ex's post
Romantic partner,ex,I saw [poss] [obj],posts,I saw my ex's posts
Romantic partner,ex,I saw [poss] [obj],comment,I saw my ex's comment
Romantic partner,ex,I saw [poss] [obj],account,I saw my ex's account
Romantic partner,ex,I saw [poss] [obj],Reddit,I saw my ex's Reddit
Romantic partner,ex,I saw [poss] [obj],profile,I saw my ex's profile
Romantic partner,ex,I saw [poss] [obj],thread,I saw my ex's thread
Romantic partner,ex,I saw [poss] [obj],username,I saw my ex's username
Romantic partner,ex,I recognized [poss] [obj],post,I recognized my ex's post
Romantic partner,ex,I recognized [poss] [obj],posts,I recognized my ex's posts
Romantic partner,ex,I recognized [poss] [obj],comment,I recognized my ex's comment
Romantic partner,ex,I recognized [poss] [obj],account,I recognized my ex's account
Romantic partner,ex,I recognized [poss] [obj],Reddit,I recognized my ex's Reddit
Romantic partner,ex,I recognized [poss] [obj],profile,I recognized my ex's profile
Romantic partner,ex,I recognized [poss] [obj],thread,I recognized my ex's thread
Romantic partner,ex,I recognized [poss] [obj],username,I recognized my ex's username
Romantic partner,ex,I came across [poss] [obj],post,I came across my ex's post
Romantic partner,ex,I came across [poss] [obj],posts,I came across my ex's posts
Romantic partner,ex,I came across [poss] [obj],comment,I came across my ex's comment
Romantic partner,ex,I came across [poss] [obj],account,I came across my ex's account
Romantic partner,ex,I came across [poss] [obj],Reddit,I came across my ex's Reddit
Romantic partner,ex,I came across [poss] [obj],profile,I came across my ex's profile
Romantic partner,ex,I came across [poss] [obj],thread,I came across my ex's thread
Romantic partner,ex,I came across [poss] [obj],username,I came across my ex's username
Romantic partner,ex,I stumbled across [poss] [obj],post,I stumbled across my ex's post
Romantic partner,ex,I stumbled across [poss] [obj],posts,I stumbled across my ex's posts
Romantic partner,ex,I stumbled across [poss] [obj],comment,I stumbled across my ex's comment
Romantic partner,ex,I stumbled across [poss] [obj],account,I stumbled across my ex's account
Romantic partner,ex,I stumbled across [poss] [obj],Reddit,I stumbled across my ex's Reddit
Romantic partner,ex,I stumbled across [poss] [obj],profile,I stumbled across my ex's profile
Romantic partner,ex,I stumbled across [poss] [obj],thread,I stumbled across my ex's thread
Romantic partner,ex,I stumbled across [poss] [obj],username,I stumbled across my ex's username
Romantic partner,ex,Is this [poss] [obj],post,Is this my ex's post
Romantic partner,ex,Is this [poss] [obj],posts,Is this my ex's posts
Romantic partner,ex,Is this [poss] [obj],comment,Is this my ex's comment
Romantic partner,ex,Is this [poss] [obj],account,Is this my ex's account
Romantic partner,ex,Is this [poss] [obj],Reddit,Is this my ex's Reddit
Romantic partner,ex,Is this [poss] [obj],profile,Is this my ex's profile
Romantic partner,ex,Is this [poss] [obj],thread,Is this my ex's thread
Romantic partner,ex,Is this [poss] [obj],username,Is this my ex's username
Romantic partner,ex,I found out [subj_lower] posts on Reddit,,I found out my ex posts on Reddit
Romantic partner,ex,I found out [subj_lower] is on Reddit,,I found out my ex is on Reddit
Romantic partner,ex,I think [subj_lower] is a redditor,,I think my ex is a redditor
Friend,ex-friend,I found [poss] [obj],post,I found my ex-friend's post
Friend,ex-friend,I found [poss] [obj],posts,I found my ex-friend's posts
Friend,ex-friend,I found [poss] [obj],comment,I found my ex-friend's comment
Friend,ex-friend,I found [poss] [obj],account,I found my ex-friend's account
Friend,ex-friend,I found [poss] [obj],Reddit,I found my ex-friend's Reddit
Friend,ex-friend,I found [poss] [obj],profile,I found my ex-friend's profile
Friend,ex-friend,I found [poss] [obj],thread,I found my ex-friend's thread
Friend,ex-friend,I found [poss] [obj],username,I found my ex-friend's username
Friend,ex-friend,Found [poss] [obj],post,Found my ex-friend's post
Friend,ex-friend,Found [poss] [obj],posts,Found my ex-friend's posts
Friend,ex-friend,Found [poss] [obj],comment,Found my ex-friend's comment
Friend,ex-friend,Found [poss] [obj],account,Found my ex-friend's account
Friend,ex-friend,Found [poss] [obj],Reddit,Found my ex-friend's Reddit
Friend,ex-friend,Found [poss] [obj],profile,Found my ex-friend's profile
Friend,ex-friend,Found [poss] [obj],thread,Found my ex-friend's thread
Friend,ex-friend,Found [poss] [obj],username,Found my ex-friend's username
Friend,ex-friend,I saw [poss] [obj],post,I saw my ex-friend's post
Friend,ex-friend,I saw [poss] [obj],posts,I saw my ex-friend's posts
Friend,ex-friend,I saw [poss] [obj],comment,I saw my ex-friend's comment
Friend,ex-friend,I saw [poss] [obj],account,I saw my ex-friend's account
Friend,ex-friend,I saw [poss] [obj],Reddit,I saw my ex-friend's Reddit
Friend,ex-friend,I saw [poss] [obj],profile,I saw my ex-friend's profile
Friend,ex-friend,I saw [poss] [obj],thread,I saw my ex-friend's thread
Friend,ex-friend,I saw [poss] [obj],username,I saw my ex-friend's username
Friend,ex-friend,I recognized [poss] [obj],post,I recognized my ex-friend's post
Friend,ex-friend,I recognized [poss] [obj],posts,I recognized my ex-friend's posts
Friend,ex-friend,I recognized [poss] [obj],comment,I recognized my ex-friend's comment
Friend,ex-friend,I recognized [poss] [obj],account,I recognized my ex-friend's account
Friend,ex-friend,I recognized [poss] [obj],Reddit,I recognized my ex-friend's Reddit
Friend,ex-friend,I recognized [poss] [obj],profile,I recognized my ex-friend's profile
Friend,ex-friend,I recognized [poss] [obj],thread,I recognized my ex-friend's thread
Friend,ex-friend,I recognized [poss] [obj],username,I recognized my ex-friend's username
Friend,ex-friend,I came across [poss] [obj],post,I came across my ex-friend's post
Friend,ex-friend,I came across [poss] [obj],posts,I came across my ex-friend's posts
Friend,ex-friend,I came across [poss] [obj],comment,I came across my ex-friend's comment
Friend,ex-friend,I came across [poss] [obj],account,I came across my ex-friend's account
Friend,ex-friend,I came across [poss] [obj],Reddit,I came across my ex-friend's Reddit
Friend,ex-friend,I came across [poss] [obj],profile,I came across my ex-friend's profile
Friend,ex-friend,I came across [poss] [obj],thread,I came across my ex-friend's thread
Friend,ex-friend,I came across [poss] [obj],username,I came across my ex-friend's username
Friend,ex-friend,I stumbled across [poss] [obj],post,I stumbled across my ex-friend's post
Friend,ex-friend,I stumbled across [poss] [obj],posts,I stumbled across my ex-friend's posts
Friend,ex-friend,I stumbled across [poss] [obj],comment,I stumbled across my ex-friend's comment
Friend,ex-friend,I stumbled across [poss] [obj],account,I stumbled across my ex-friend's account
Friend,ex-friend,I stumbled across [poss] [obj],Reddit,I stumbled across my ex-friend's Reddit
Friend,ex-friend,I stumbled across [poss] [obj],profile,I stumbled across my ex-friend's profile
Friend,ex-friend,I stumbled across [poss] [obj],thread,I stumbled across my ex-friend's thread
Friend,ex-friend,I stumbled across [poss] [obj],username,I stumbled across my ex-friend's username
Friend,ex-friend,Is this [poss] [obj],post,Is this my ex-friend's post
Friend,ex-friend,Is this [poss] [obj],posts,Is this my ex-friend's posts
Friend,ex-friend,Is this [poss] [obj],comment,Is this my ex-friend's comment
Friend,ex-friend,Is this [poss] [obj],account,Is this my ex-friend's account
Friend,ex-friend,Is this [poss] [obj],Reddit,Is this my ex-friend's Reddit
Friend,ex-friend,Is this [poss] [obj],profile,Is this my ex-friend's profile
Friend,ex-friend,Is this [poss] [obj],thread,Is this my ex-friend's thread
Friend,ex-friend,Is this [poss] [obj],username,Is this my ex-friend's username
Friend,ex-friend,I found out [subj_lower] posts on Reddit,,I found out my ex-friend posts on Reddit
Friend,ex-friend,I found out [subj_lower] is on Reddit,,I found out my ex-friend is on Reddit
Friend,ex-friend,I think [subj_lower] is a redditor,,I think my ex-friend is a redditor
Romantic partner,ex-husband,I found [poss] [obj],post,I found my ex-husband's post
Romantic partner,ex-husband,I found [poss] [obj],posts,I found my ex-husband's posts
Romantic partner,ex-husband,I found [poss] [obj],comment,I found my ex-husband's comment
Romantic partner,ex-husband,I found [poss] [obj],account,I found my ex-husband's account
Romantic partner,ex-husband,I found [poss] [obj],Reddit,I found my ex-husband's Reddit
Romantic partner,ex-husband,I found [poss] [obj],profile,I found my ex-husband's profile
Romantic partner,ex-husband,I found [poss] [obj],thread,I found my ex-husband's thread
Romantic partner,ex-husband,I found [poss] [obj],username,I found my ex-husband's username
Romantic partner,ex-husband,Found [poss] [obj],post,Found my ex-husband's post
Romantic partner,ex-husband,Found [poss] [obj],posts,Found my ex-husband's posts
Romantic partner,ex-husband,Found [poss] [obj],comment,Found my ex-husband's comment
Romantic partner,ex-husband,Found [poss] [obj],account,Found my ex-husband's account
Romantic partner,ex-husband,Found [poss] [obj],Reddit,Found my ex-husband's Reddit
Romantic partner,ex-husband,Found [poss] [obj],profile,Found my ex-husband's profile
Romantic partner,ex-husband,Found [poss] [obj],thread,Found my ex-husband's thread
Romantic partner,ex-husband,Found [poss] [obj],username,Found my ex-husband's username
Romantic partner,ex-husband,I saw [poss] [obj],post,I saw my ex-husband's post
Romantic partner,ex-husband,I saw [poss] [obj],posts,I saw my ex-husband's posts
Romantic partner,ex-husband,I saw [poss] [obj],comment,I saw my ex-husband's comment
Romantic partner,ex-husband,I saw [poss] [obj],account,I saw my ex-husband's account
Romantic partner,ex-husband,I saw [poss] [obj],Reddit,I saw my ex-husband's Reddit
Romantic partner,ex-husband,I saw [poss] [obj],profile,I saw my ex-husband's profile
Romantic partner,ex-husband,I saw [poss] [obj],thread,I saw my ex-husband's thread
Romantic partner,ex-husband,I saw [poss] [obj],username,I saw my ex-husband's username
Romantic partner,ex-husband,I recognized [poss] [obj],post,I recognized my ex-husband's post
Romantic partner,ex-husband,I recognized [poss] [obj],posts,I recognized my ex-husband's posts
Romantic partner,ex-husband,I recognized [poss] [obj],comment,I recognized my ex-husband's comment
Romantic partner,ex-husband,I recognized [poss] [obj],account,I recognized my ex-husband's account
Romantic partner,ex-husband,I recognized [poss] [obj],Reddit,I recognized my ex-husband's Reddit
Romantic partner,ex-husband,I recognized [poss] [obj],profile,I recognized my ex-husband's profile
Romantic partner,ex-husband,I recognized [poss] [obj],thread,I recognized my ex-husband's thread
Romantic partner,ex-husband,I recognized [poss] [obj],username,I recognized my ex-husband's username
Romantic partner,ex-husband,I came across [poss] [obj],post,I came across my ex-husband's post
Romantic partner,ex-husband,I came across [poss] [obj],posts,I came across my ex-husband's posts
Romantic partner,ex-husband,I came across [poss] [obj],comment,I came across my ex-husband's comment
Romantic partner,ex-husband,I came across [poss] [obj],account,I came across my ex-husband's account
Romantic partner,ex-husband,I came across [poss] [obj],Reddit,I came across my ex-husband's Reddit
Romantic partner,ex-husband,I came across [poss] [obj],profile,I came across my ex-husband's profile
Romantic partner,ex-husband,I came across [poss] [obj],thread,I came across my ex-husband's thread
Romantic partner,ex-husband,I came across [poss] [obj],username,I came across my ex-husband's username
Romantic partner,ex-husband,I stumbled across [poss] [obj],post,I stumbled across my ex-husband's post
Romantic partner,ex-husband,I stumbled across [poss] [obj],posts,I stumbled across my ex-husband's posts
Romantic partner,ex-husband,I stumbled across [poss] [obj],comment,I stumbled across my ex-husband's comment
Romantic partner,ex-husband,I stumbled across [poss] [obj],account,I stumbled across my ex-husband's account
Romantic partner,ex-husband,I stumbled across [poss] [obj],Reddit,I stumbled across my ex-husband's Reddit
Romantic partner,ex-husband,I stumbled across [poss] [obj],profile,I stumbled across my ex-husband's profile
Romantic partner,ex-husband,I stumbled across [poss] [obj],thread,I stumbled across my ex-husband's thread
Romantic partner,ex-husband,I stumbled across [poss] [obj],username,I stumbled across my ex-husband's username
Romantic partner,ex-husband,Is this [poss] [obj],post,Is this my ex-husband's post
Romantic partner,ex-husband,Is this [poss] [obj],posts,Is this my ex-husband's posts
Romantic partner,ex-husband,Is this [poss] [obj],comment,Is this my ex-husband's comment
Romantic partner,ex-husband,Is this [poss] [obj],account,Is this my ex-husband's account
Romantic partner,ex-husband,Is this [poss] [obj],Reddit,Is this my ex-husband's Reddit
Romantic partner,ex-husband,Is this [poss] [obj],profile,Is this my ex-husband's profile
Romantic partner,ex-husband,Is this [poss] [obj],thread,Is this my ex-husband's thread
Romantic partner,ex-husband,Is this [poss] [obj],username,Is this my ex-husband's username
Romantic partner,ex-husband,I found out [subj_lower] posts on Reddit,,I found out my ex-husband posts on Reddit
Romantic partner,ex-husband,I found out [subj_lower] is on Reddit,,I found out my ex-husband is on Reddit
Romantic partner,ex-husband,I think [subj_lower] is a redditor,,I think my ex-husband is a redditor
Romantic partner,ex-wife,I found [poss] [obj],post,I found my ex-wife's post
Romantic partner,ex-wife,I found [poss] [obj],posts,I found my ex-wife's posts
Romantic partner,ex-wife,I found [poss] [obj],comment,I found my ex-wife's comment
Romantic partner,ex-wife,I found [poss] [obj],account,I found my ex-wife's account
Romantic partner,ex-wife,I found [poss] [obj],Reddit,I found my ex-wife's Reddit
Romantic partner,ex-wife,I found [poss] [obj],profile,I found my ex-wife's profile
Romantic partner,ex-wife,I found [poss] [obj],thread,I found my ex-wife's thread
Romantic partner,ex-wife,I found [poss] [obj],username,I found my ex-wife's username
Romantic partner,ex-wife,Found [poss] [obj],post,Found my ex-wife's post
Romantic partner,ex-wife,Found [poss] [obj],posts,Found my ex-wife's posts
Romantic partner,ex-wife,Found [poss] [obj],comment,Found my ex-wife's comment
Romantic partner,ex-wife,Found [poss] [obj],account,Found my ex-wife's account
Romantic partner,ex-wife,Found [poss] [obj],Reddit,Found my ex-wife's Reddit
Romantic partner,ex-wife,Found [poss] [obj],profile,Found my ex-wife's profile
Romantic partner,ex-wife,Found [poss] [obj],thread,Found my ex-wife's thread
Romantic partner,ex-wife,Found [poss] [obj],username,Found my ex-wife's username
Romantic partner,ex-wife,I saw [poss] [obj],post,I saw my ex-wife's post
Romantic partner,ex-wife,I saw [poss] [obj],posts,I saw my ex-wife's posts
Romantic partner,ex-wife,I saw [poss] [obj],comment,I saw my ex-wife's comment
Romantic partner,ex-wife,I saw [poss] [obj],account,I saw my ex-wife's account
Romantic partner,ex-wife,I saw [poss] [obj],Reddit,I saw my ex-wife's Reddit
Romantic partner,ex-wife,I saw [poss] [obj],profile,I saw my ex-wife's profile
Romantic partner,ex-wife,I saw [poss] [obj],thread,I saw my ex-wife's thread
Romantic partner,ex-wife,I saw [poss] [obj],username,I saw my ex-wife's username
Romantic partner,ex-wife,I recognized [poss] [obj],post,I recognized my ex-wife's post
Romantic partner,ex-wife,I recognized [poss] [obj],posts,I recognized my ex-wife's posts
Romantic partner,ex-wife,I recognized [poss] [obj],comment,I recognized my ex-wife's comment
Romantic partner,ex-wife,I recognized [poss] [obj],account,I recognized my ex-wife's account
Romantic partner,ex-wife,I recognized [poss] [obj],Reddit,I recognized my ex-wife's Reddit
Romantic partner,ex-wife,I recognized [poss] [obj],profile,I recognized my ex-wife's profile
Romantic partner,ex-wife,I recognized [poss] [obj],thread,I recognized my ex-wife's thread
Romantic partner,ex-wife,I recognized [poss] [obj],username,I recognized my ex-wife's username
Romantic partner,ex-wife,I came across [poss] [obj],post,I came across my ex-wife's post
Romantic partner,ex-wife,I came across [poss] [obj],posts,I came across my ex-wife's posts
Romantic partner,ex-wife,I came across [poss] [obj],comment,I came across my ex-wife's comment
Romantic partner,ex-wife,I came across [poss] [obj],account,I came across my ex-wife's account
Romantic partner,ex-wife,I came across [poss] [obj],Reddit,I came across my ex-wife's Reddit
Romantic partner,ex-wife,I came across [poss] [obj],profile,I came across my ex-wife's profile
Romantic partner,ex-wife,I came across [poss] [obj],thread,I came across my ex-wife's thread
Romantic partner,ex-wife,I came across [poss] [obj],username,I came across my ex-wife's username
Romantic partner,ex-wife,I stumbled across [poss] [obj],post,I stumbled across my ex-wife's post
Romantic partner,ex-wife,I stumbled across [poss] [obj],posts,I stumbled across my ex-wife's posts
Romantic partner,ex-wife,I stumbled across [poss] [obj],comment,I stumbled across my ex-wife's comment
Romantic partner,ex-wife,I stumbled across [poss] [obj],account,I stumbled across my ex-wife's account
Romantic partner,ex-wife,I stumbled across [poss] [obj],Reddit,I stumbled across my ex-wife's Reddit
Romantic partner,ex-wife,I stumbled across [poss] [obj],profile,I stumbled across my ex-wife's profile
Romantic partner,ex-wife,I stumbled across [poss] [obj],thread,I stumbled across my ex-wife's thread
Romantic partner,ex-wife,I stumbled across [poss] [obj],username,I stumbled across my ex-wife's username
Romantic partner,ex-wife,Is this [poss] [obj],post,Is this my ex-wife's post
Romantic partner,ex-wife,Is this [poss] [obj],posts,Is this my ex-wife's posts
Romantic partner,ex-wife,Is this [poss] [obj],comment,Is this my ex-wife's comment
Romantic partner,ex-wife,Is this [poss] [obj],account,Is this my ex-wife's account
Romantic partner,ex-wife,Is this [poss] [obj],Reddit,Is this my ex-wife's Reddit
Romantic partner,ex-wife,Is this [poss] [obj],profile,Is this my ex-wife's profile
Romantic partner,ex-wife,Is this [poss] [obj],thread,Is this my ex-wife's thread
Romantic partner,ex-wife,Is this [poss] [obj],username,Is this my ex-wife's username
Romantic partner,ex-wife,I found out [subj_lower] posts on Reddit,,I found out my ex-wife posts on Reddit
Romantic partner,ex-wife,I found out [subj_lower] is on Reddit,,I found out my ex-wife is on Reddit
Romantic partner,ex-wife,I think [subj_lower] is a redditor,,I think my ex-wife is a redditor
School-based,faculty,I found [poss] [obj],post,I found the faculty's post
School-based,faculty,I found [poss] [obj],posts,I found the faculty's posts
School-based,faculty,I found [poss] [obj],comment,I found the faculty's comment
School-based,faculty,I found [poss] [obj],account,I found the faculty's account
School-based,faculty,I found [poss] [obj],Reddit,I found the faculty's Reddit
School-based,faculty,I found [poss] [obj],profile,I found the faculty's profile
School-based,faculty,I found [poss] [obj],thread,I found the faculty's thread
School-based,faculty,I found [poss] [obj],username,I found the faculty's username
School-based,faculty,Found [poss] [obj],post,Found the faculty's post
School-based,faculty,Found [poss] [obj],posts,Found the faculty's posts
School-based,faculty,Found [poss] [obj],comment,Found the faculty's comment
School-based,faculty,Found [poss] [obj],account,Found the faculty's account
School-based,faculty,Found [poss] [obj],Reddit,Found the faculty's Reddit
School-based,faculty,Found [poss] [obj],profile,Found the faculty's profile
School-based,faculty,Found [poss] [obj],thread,Found the faculty's thread
School-based,faculty,Found [poss] [obj],username,Found the faculty's username
School-based,faculty,I saw [poss] [obj],post,I saw the faculty's post
School-based,faculty,I saw [poss] [obj],posts,I saw the faculty's posts
School-based,faculty,I saw [poss] [obj],comment,I saw the faculty's comment
School-based,faculty,I saw [poss] [obj],account,I saw the faculty's account
School-based,faculty,I saw [poss] [obj],Reddit,I saw the faculty's Reddit
School-based,faculty,I saw [poss] [obj],profile,I saw the faculty's profile
School-based,faculty,I saw [poss] [obj],thread,I saw the faculty's thread
School-based,faculty,I saw [poss] [obj],username,I saw the faculty's username
School-based,faculty,I recognized [poss] [obj],post,I recognized the faculty's post
School-based,faculty,I recognized [poss] [obj],posts,I recognized the faculty's posts
School-based,faculty,I recognized [poss] [obj],comment,I recognized the faculty's comment
School-based,faculty,I recognized [poss] [obj],account,I recognized the faculty's account
School-based,faculty,I recognized [poss] [obj],Reddit,I recognized the faculty's Reddit
School-based,faculty,I recognized [poss] [obj],profile,I recognized the faculty's profile
School-based,faculty,I recognized [poss] [obj],thread,I recognized the faculty's thread
School-based,faculty,I recognized [poss] [obj],username,I recognized the faculty's username
School-based,faculty,I came across [poss] [obj],post,I came across the faculty's post
School-based,faculty,I came across [poss] [obj],posts,I came across the faculty's posts
School-based,faculty,I came across [poss] [obj],comment,I came across the faculty's comment
School-based,faculty,I came across [poss] [obj],account,I came across the faculty's account
School-based,faculty,I came across [poss] [obj],Reddit,I came across the faculty's Reddit
School-based,faculty,I came across [poss] [obj],profile,I came across the faculty's profile
School-based,faculty,I came across [poss] [obj],thread,I came across the faculty's thread
School-based,faculty,I came across [poss] [obj],username,I came across the faculty's username
School-based,faculty,I stumbled across [poss] [obj],post,I stumbled across the faculty's post
School-based,faculty,I stumbled across [poss] [obj],posts,I stumbled across the faculty's posts
School-based,faculty,I stumbled across [poss] [obj],comment,I stumbled across the faculty's comment
School-based,faculty,I stumbled across [poss] [obj],account,I stumbled across the faculty's account
School-based,faculty,I stumbled across [poss] [obj],Reddit,I stumbled across the faculty's Reddit
School-based,faculty,I stumbled across [poss] [obj],profile,I stumbled across the faculty's profile
School-based,faculty,I stumbled across [poss] [obj],thread,I stumbled across the faculty's thread
School-based,faculty,I stumbled across [poss] [obj],username,I stumbled across the faculty's username
School-based,faculty,Is this [poss] [obj],post,Is this the faculty's post
School-based,faculty,Is this [poss] [obj],posts,Is this the faculty's posts
School-based,faculty,Is this [poss] [obj],comment,Is this the faculty's comment
School-based,faculty,Is this [poss] [obj],account,Is this the faculty's account
School-based,faculty,Is this [poss] [obj],Reddit,Is this the faculty's Reddit
School-based,faculty,Is this [poss] [obj],profile,Is this the faculty's profile
School-based,faculty,Is this [poss] [obj],thread,Is this the faculty's thread
School-based,faculty,Is this [poss] [obj],username,Is this the faculty's username
School-based,faculty,I found out [subj_lower] posts on Reddit,,I found out the faculty posts on Reddit
School-based,faculty,I found out [subj_lower] is on Reddit,,I found out the faculty is on Reddit
School-based,faculty,I think [subj_lower] is a redditor,,I think the faculty is a redditor
Friend,friend,I found [poss] [obj],post,I found my friend's post
Friend,friend,I found [poss] [obj],posts,I found my friend's posts
Friend,friend,I found [poss] [obj],comment,I found my friend's comment
Friend,friend,I found [poss] [obj],account,I found my friend's account
Friend,friend,I found [poss] [obj],Reddit,I found my friend's Reddit
Friend,friend,I found [poss] [obj],profile,I found my friend's profile
Friend,friend,I found [poss] [obj],thread,I found my friend's thread
Friend,friend,I found [poss] [obj],username,I found my friend's username
Friend,friend,Found [poss] [obj],post,Found my friend's post
Friend,friend,Found [poss] [obj],posts,Found my friend's posts
Friend,friend,Found [poss] [obj],comment,Found my friend's comment
Friend,friend,Found [poss] [obj],account,Found my friend's account
Friend,friend,Found [poss] [obj],Reddit,Found my friend's Reddit
Friend,friend,Found [poss] [obj],profile,Found my friend's profile
Friend,friend,Found [poss] [obj],thread,Found my friend's thread
Friend,friend,Found [poss] [obj],username,Found my friend's username
Friend,friend,I saw [poss] [obj],post,I saw my friend's post
Friend,friend,I saw [poss] [obj],posts,I saw my friend's posts
Friend,friend,I saw [poss] [obj],comment,I saw my friend's comment
Friend,friend,I saw [poss] [obj],account,I saw my friend's account
Friend,friend,I saw [poss] [obj],Reddit,I saw my friend's Reddit
Friend,friend,I saw [poss] [obj],profile,I saw my friend's profile
Friend,friend,I saw [poss] [obj],thread,I saw my friend's thread
Friend,friend,I saw [poss] [obj],username,I saw my friend's username
Friend,friend,I recognized [poss] [obj],post,I recognized my friend's post
Friend,friend,I recognized [poss] [obj],posts,I recognized my friend's posts
Friend,friend,I recognized [poss] [obj],comment,I recognized my friend's comment
Friend,friend,I recognized [poss] [obj],account,I recognized my friend's account
Friend,friend,I recognized [poss] [obj],Reddit,I recognized my friend's Reddit
Friend,friend,I recognized [poss] [obj],profile,I recognized my friend's profile
Friend,friend,I recognized [poss] [obj],thread,I recognized my friend's thread
Friend,friend,I recognized [poss] [obj],username,I recognized my friend's username
Friend,friend,I came across [poss] [obj],post,I came across my friend's post
Friend,friend,I came across [poss] [obj],posts,I came across my friend's posts
Friend,friend,I came across [poss] [obj],comment,I came across my friend's comment
Friend,friend,I came across [poss] [obj],account,I came across my friend's account
Friend,friend,I came across [poss] [obj],Reddit,I came across my friend's Reddit
Friend,friend,I came across [poss] [obj],profile,I came across my friend's profile
Friend,friend,I came across [poss] [obj],thread,I came across my friend's thread
Friend,friend,I came across [poss] [obj],username,I came across my friend's username
Friend,friend,I stumbled across [poss] [obj],post,I stumbled across my friend's post
Friend,friend,I stumbled across [poss] [obj],posts,I stumbled across my friend's posts
Friend,friend,I stumbled across [poss] [obj],comment,I stumbled across my friend's comment
Friend,friend,I stumbled across [poss] [obj],account,I stumbled across my friend's account
Friend,friend,I stumbled across [poss] [obj],Reddit,I stumbled across my friend's Reddit
Friend,friend,I stumbled across [poss] [obj],profile,I stumbled across my friend's profile
Friend,friend,I stumbled across [poss] [obj],thread,I stumbled across my friend's thread
Friend,friend,I stumbled across [poss] [obj],username,I stumbled across my friend's username
Friend,friend,Is this [poss] [obj],post,Is this my friend's post
Friend,friend,Is this [poss] [obj],posts,Is this my friend's posts
Friend,friend,Is this [poss] [obj],comment,Is this my friend's comment
Friend,friend,Is this [poss] [obj],account,Is this my friend's account
Friend,friend,Is this [poss] [obj],Reddit,Is this my friend's Reddit
Friend,friend,Is this [poss] [obj],profile,Is this my friend's profile
Friend,friend,Is this [poss] [obj],thread,Is this my friend's thread
Friend,friend,Is this [poss] [obj],username,Is this my friend's username
Friend,friend,I found out [subj_lower] posts on Reddit,,I found out my friend posts on Reddit
Friend,friend,I found out [subj_lower] is on Reddit,,I found out my friend is on Reddit
Friend,friend,I think [subj_lower] is a redditor,,I think my friend is a redditor
Romantic partner,gf,I found [poss] [obj],post,I found my gf's post
Romantic partner,gf,I found [poss] [obj],posts,I found my gf's posts
Romantic partner,gf,I found [poss] [obj],comment,I found my gf's comment
Romantic partner,gf,I found [poss] [obj],account,I found my gf's account
Romantic partner,gf,I found [poss] [obj],Reddit,I found my gf's Reddit
Romantic partner,gf,I found [poss] [obj],profile,I found my gf's profile
Romantic partner,gf,I found [poss] [obj],thread,I found my gf's thread
Romantic partner,gf,I found [poss] [obj],username,I found my gf's username
Romantic partner,gf,Found [poss] [obj],post,Found my gf's post
Romantic partner,gf,Found [poss] [obj],posts,Found my gf's posts
Romantic partner,gf,Found [poss] [obj],comment,Found my gf's comment
Romantic partner,gf,Found [poss] [obj],account,Found my gf's account
Romantic partner,gf,Found [poss] [obj],Reddit,Found my gf's Reddit
Romantic partner,gf,Found [poss] [obj],profile,Found my gf's profile
Romantic partner,gf,Found [poss] [obj],thread,Found my gf's thread
Romantic partner,gf,Found [poss] [obj],username,Found my gf's username
Romantic partner,gf,I saw [poss] [obj],post,I saw my gf's post
Romantic partner,gf,I saw [poss] [obj],posts,I saw my gf's posts
Romantic partner,gf,I saw [poss] [obj],comment,I saw my gf's comment
Romantic partner,gf,I saw [poss] [obj],account,I saw my gf's account
Romantic partner,gf,I saw [poss] [obj],Reddit,I saw my gf's Reddit
Romantic partner,gf,I saw [poss] [obj],profile,I saw my gf's profile
Romantic partner,gf,I saw [poss] [obj],thread,I saw my gf's thread
Romantic partner,gf,I saw [poss] [obj],username,I saw my gf's username
Romantic partner,gf,I recognized [poss] [obj],post,I recognized my gf's post
Romantic partner,gf,I recognized [poss] [obj],posts,I recognized my gf's posts
Romantic partner,gf,I recognized [poss] [obj],comment,I recognized my gf's comment
Romantic partner,gf,I recognized [poss] [obj],account,I recognized my gf's account
Romantic partner,gf,I recognized [poss] [obj],Reddit,I recognized my gf's Reddit
Romantic partner,gf,I recognized [poss] [obj],profile,I recognized my gf's profile
Romantic partner,gf,I recognized [poss] [obj],thread,I recognized my gf's thread
Romantic partner,gf,I recognized [poss] [obj],username,I recognized my gf's username
Romantic partner,gf,I came across [poss] [obj],post,I came across my gf's post
Romantic partner,gf,I came across [poss] [obj],posts,I came across my gf's posts
Romantic partner,gf,I came across [poss] [obj],comment,I came across my gf's comment
Romantic partner,gf,I came across [poss] [obj],account,I came across my gf's account
Romantic partner,gf,I came across [poss] [obj],Reddit,I came across my gf's Reddit
Romantic partner,gf,I came across [poss] [obj],profile,I came across my gf's profile
Romantic partner,gf,I came across [poss] [obj],thread,I came across my gf's thread
Romantic partner,gf,I came across [poss] [obj],username,I came across my gf's username
Romantic partner,gf,I stumbled across [poss] [obj],post,I stumbled across my gf's post
Romantic partner,gf,I stumbled across [poss] [obj],posts,I stumbled across my gf's posts
Romantic partner,gf,I stumbled across [poss] [obj],comment,I stumbled across my gf's comment
Romantic partner,gf,I stumbled across [poss] [obj],account,I stumbled across my gf's account
Romantic partner,gf,I stumbled across [poss] [obj],Reddit,I stumbled across my gf's Reddit
Romantic partner,gf,I stumbled across [poss] [obj],profile,I stumbled across my gf's profile
Romantic partner,gf,I stumbled across [poss] [obj],thread,I stumbled across my gf's thread
Romantic partner,gf,I stumbled across [poss] [obj],username,I stumbled across my gf's username
Romantic partner,gf,Is this [poss] [obj],post,Is this my gf's post
Romantic partner,gf,Is this [poss] [obj],posts,Is this my gf's posts
Romantic partner,gf,Is this [poss] [obj],comment,Is this my gf's comment
Romantic partner,gf,Is this [poss] [obj],account,Is this my gf's account
Romantic partner,gf,Is this [poss] [obj],Reddit,Is this my gf's Reddit
Romantic partner,gf,Is this [poss] [obj],profile,Is this my gf's profile
Romantic partner,gf,Is this [poss] [obj],thread,Is this my gf's thread
Romantic partner,gf,Is this [poss] [obj],username,Is this my gf's username
Romantic partner,gf,I found out [subj_lower] posts on Reddit,,I found out my gf posts on Reddit
Romantic partner,gf,I found out [subj_lower] is on Reddit,,I found out my gf is on Reddit
Romantic partner,gf,I think [subj_lower] is a redditor,,I think my gf is a redditor
Romantic partner,girlfriend,I found [poss] [obj],post,I found my girlfriend's post
Romantic partner,girlfriend,I found [poss] [obj],posts,I found my girlfriend's posts
Romantic partner,girlfriend,I found [poss] [obj],comment,I found my girlfriend's comment
Romantic partner,girlfriend,I found [poss] [obj],account,I found my girlfriend's account
Romantic partner,girlfriend,I found [poss] [obj],Reddit,I found my girlfriend's Reddit
Romantic partner,girlfriend,I found [poss] [obj],profile,I found my girlfriend's profile
Romantic partner,girlfriend,I found [poss] [obj],thread,I found my girlfriend's thread
Romantic partner,girlfriend,I found [poss] [obj],username,I found my girlfriend's username
Romantic partner,girlfriend,Found [poss] [obj],post,Found my girlfriend's post
Romantic partner,girlfriend,Found [poss] [obj],posts,Found my girlfriend's posts
Romantic partner,girlfriend,Found [poss] [obj],comment,Found my girlfriend's comment
Romantic partner,girlfriend,Found [poss] [obj],account,Found my girlfriend's account
Romantic partner,girlfriend,Found [poss] [obj],Reddit,Found my girlfriend's Reddit
Romantic partner,girlfriend,Found [poss] [obj],profile,Found my girlfriend's profile
Romantic partner,girlfriend,Found [poss] [obj],thread,Found my girlfriend's thread
Romantic partner,girlfriend,Found [poss] [obj],username,Found my girlfriend's username
Romantic partner,girlfriend,I saw [poss] [obj],post,I saw my girlfriend's post
Romantic partner,girlfriend,I saw [poss] [obj],posts,I saw my girlfriend's posts
Romantic partner,girlfriend,I saw [poss] [obj],comment,I saw my girlfriend's comment
Romantic partner,girlfriend,I saw [poss] [obj],account,I saw my girlfriend's account
Romantic partner,girlfriend,I saw [poss] [obj],Reddit,I saw my girlfriend's Reddit
Romantic partner,girlfriend,I saw [poss] [obj],profile,I saw my girlfriend's profile
Romantic partner,girlfriend,I saw [poss] [obj],thread,I saw my girlfriend's thread
Romantic partner,girlfriend,I saw [poss] [obj],username,I saw my girlfriend's username
Romantic partner,girlfriend,I recognized [poss] [obj],post,I recognized my girlfriend's post
Romantic partner,girlfriend,I recognized [poss] [obj],posts,I recognized my girlfriend's posts
Romantic partner,girlfriend,I recognized [poss] [obj],comment,I recognized my girlfriend's comment
Romantic partner,girlfriend,I recognized [poss] [obj],account,I recognized my girlfriend's account
Romantic partner,girlfriend,I recognized [poss] [obj],Reddit,I recognized my girlfriend's Reddit
Romantic partner,girlfriend,I recognized [poss] [obj],profile,I recognized my girlfriend's profile
Romantic partner,girlfriend,I recognized [poss] [obj],thread,I recognized my girlfriend's thread
Romantic partner,girlfriend,I recognized [poss] [obj],username,I recognized my girlfriend's username
Romantic partner,girlfriend,I came across [poss] [obj],post,I came across my girlfriend's post
Romantic partner,girlfriend,I came across [poss] [obj],posts,I came across my girlfriend's posts
Romantic partner,girlfriend,I came across [poss] [obj],comment,I came across my girlfriend's comment
Romantic partner,girlfriend,I came across [poss] [obj],account,I came across my girlfriend's account
Romantic partner,girlfriend,I came across [poss] [obj],Reddit,I came across my girlfriend's Reddit
Romantic partner,girlfriend,I came across [poss] [obj],profile,I came across my girlfriend's profile
Romantic partner,girlfriend,I came across [poss] [obj],thread,I came across my girlfriend's thread
Romantic partner,girlfriend,I came across [poss] [obj],username,I came across my girlfriend's username
Romantic partner,girlfriend,I stumbled across [poss] [obj],post,I stumbled across my girlfriend's post
Romantic partner,girlfriend,I stumbled across [poss] [obj],posts,I stumbled across my girlfriend's posts
Romantic partner,girlfriend,I stumbled across [poss] [obj],comment,I stumbled across my girlfriend's comment
Romantic partner,girlfriend,I stumbled across [poss] [obj],account,I stumbled across my girlfriend's account
Romantic partner,girlfriend,I stumbled across [poss] [obj],Reddit,I stumbled across my girlfriend's Reddit
Romantic partner,girlfriend,I stumbled across [poss] [obj],profile,I stumbled across my girlfriend's profile
Romantic partner,girlfriend,I stumbled across [poss] [obj],thread,I stumbled across my girlfriend's thread
Romantic partner,girlfriend,I stumbled across [poss] [obj],username,I stumbled across my girlfriend's username
Romantic partner,girlfriend,Is this [poss] [obj],post,Is this my girlfriend's post
Romantic partner,girlfriend,Is this [poss] [obj],posts,Is this my girlfriend's posts
Romantic partner,girlfriend,Is this [poss] [obj],comment,Is this my girlfriend's comment
Romantic partner,girlfriend,Is this [poss] [obj],account,Is this my girlfriend's account
Romantic partner,girlfriend,Is this [poss] [obj],Reddit,Is this my girlfriend's Reddit
Romantic partner,girlfriend,Is this [poss] [obj],profile,Is this my girlfriend's profile
Romantic partner,girlfriend,Is this [poss] [obj],thread,Is this my girlfriend's thread
Romantic partner,girlfriend,Is this [poss] [obj],username,Is this my girlfriend's username
Romantic partner,girlfriend,I found out [subj_lower] posts on Reddit,,I found out my girlfriend posts on Reddit
Romantic partner,girlfriend,I found out [subj_lower] is on Reddit,,I found out my girlfriend is on Reddit
Romantic partner,girlfriend,I think [subj_lower] is a redditor,,I think my girlfriend is a redditor
Family,grandfather,I found [poss] [obj],post,I found my grandfather's post
Family,grandfather,I found [poss] [obj],posts,I found my grandfather's posts
Family,grandfather,I found [poss] [obj],comment,I found my grandfather's comment
Family,grandfather,I found [poss] [obj],account,I found my grandfather's account
Family,grandfather,I found [poss] [obj],Reddit,I found my grandfather's Reddit
Family,grandfather,I found [poss] [obj],profile,I found my grandfather's profile
Family,grandfather,I found [poss] [obj],thread,I found my grandfather's thread
Family,grandfather,I found [poss] [obj],username,I found my grandfather's username
Family,grandfather,Found [poss] [obj],post,Found my grandfather's post
Family,grandfather,Found [poss] [obj],posts,Found my grandfather's posts
Family,grandfather,Found [poss] [obj],comment,Found my grandfather's comment
Family,grandfather,Found [poss] [obj],account,Found my grandfather's account
Family,grandfather,Found [poss] [obj],Reddit,Found my grandfather's Reddit
Family,grandfather,Found [poss] [obj],profile,Found my grandfather's profile
Family,grandfather,Found [poss] [obj],thread,Found my grandfather's thread
Family,grandfather,Found [poss] [obj],username,Found my grandfather's username
Family,grandfather,I saw [poss] [obj],post,I saw my grandfather's post
Family,grandfather,I saw [poss] [obj],posts,I saw my grandfather's posts
Family,grandfather,I saw [poss] [obj],comment,I saw my grandfather's comment
Family,grandfather,I saw [poss] [obj],account,I saw my grandfather's account
Family,grandfather,I saw [poss] [obj],Reddit,I saw my grandfather's Reddit
Family,grandfather,I saw [poss] [obj],profile,I saw my grandfather's profile
Family,grandfather,I saw [poss] [obj],thread,I saw my grandfather's thread
Family,grandfather,I saw [poss] [obj],username,I saw my grandfather's username
Family,grandfather,I recognized [poss] [obj],post,I recognized my grandfather's post
Family,grandfather,I recognized [poss] [obj],posts,I recognized my grandfather's posts
Family,grandfather,I recognized [poss] [obj],comment,I recognized my grandfather's comment
Family,grandfather,I recognized [poss] [obj],account,I recognized my grandfather's account
Family,grandfather,I recognized [poss] [obj],Reddit,I recognized my grandfather's Reddit
Family,grandfather,I recognized [poss] [obj],profile,I recognized my grandfather's profile
Family,grandfather,I recognized [poss] [obj],thread,I recognized my grandfather's thread
Family,grandfather,I recognized [poss] [obj],username,I recognized my grandfather's username
Family,grandfather,I came across [poss] [obj],post,I came across my grandfather's post
Family,grandfather,I came across [poss] [obj],posts,I came across my grandfather's posts
Family,grandfather,I came across [poss] [obj],comment,I came across my grandfather's comment
Family,grandfather,I came across [poss] [obj],account,I came across my grandfather's account
Family,grandfather,I came across [poss] [obj],Reddit,I came across my grandfather's Reddit
Family,grandfather,I came across [poss] [obj],profile,I came across my grandfather's profile
Family,grandfather,I came across [poss] [obj],thread,I came across my grandfather's thread
Family,grandfather,I came across [poss] [obj],username,I came across my grandfather's username
Family,grandfather,I stumbled across [poss] [obj],post,I stumbled across my grandfather's post
Family,grandfather,I stumbled across [poss] [obj],posts,I stumbled across my grandfather's posts
Family,grandfather,I stumbled across [poss] [obj],comment,I stumbled across my grandfather's comment
Family,grandfather,I stumbled across [poss] [obj],account,I stumbled across my grandfather's account
Family,grandfather,I stumbled across [poss] [obj],Reddit,I stumbled across my grandfather's Reddit
Family,grandfather,I stumbled across [poss] [obj],profile,I stumbled across my grandfather's profile
Family,grandfather,I stumbled across [poss] [obj],thread,I stumbled across my grandfather's thread
Family,grandfather,I stumbled across [poss] [obj],username,I stumbled across my grandfather's username
Family,grandfather,Is this [poss] [obj],post,Is this my grandfather's post
Family,grandfather,Is this [poss] [obj],posts,Is this my grandfather's posts
Family,grandfather,Is this [poss] [obj],comment,Is this my grandfather's comment
Family,grandfather,Is this [poss] [obj],account,Is this my grandfather's account
Family,grandfather,Is this [poss] [obj],Reddit,Is this my grandfather's Reddit
Family,grandfather,Is this [poss] [obj],profile,Is this my grandfather's profile
Family,grandfather,Is this [poss] [obj],thread,Is this my grandfather's thread
Family,grandfather,Is this [poss] [obj],username,Is this my grandfather's username
Family,grandfather,I found out [subj_lower] posts on Reddit,,I found out my grandfather posts on Reddit
Family,grandfather,I found out [subj_lower] is on Reddit,,I found out my grandfather is on Reddit
Family,grandfather,I think [subj_lower] is a redditor,,I think my grandfather is a redditor
Family,grandmother,I found [poss] [obj],post,I found my grandmother's post
Family,grandmother,I found [poss] [obj],posts,I found my grandmother's posts
Family,grandmother,I found [poss] [obj],comment,I found my grandmother's comment
Family,grandmother,I found [poss] [obj],account,I found my grandmother's account
Family,grandmother,I found [poss] [obj],Reddit,I found my grandmother's Reddit
Family,grandmother,I found [poss] [obj],profile,I found my grandmother's profile
Family,grandmother,I found [poss] [obj],thread,I found my grandmother's thread
Family,grandmother,I found [poss] [obj],username,I found my grandmother's username
Family,grandmother,Found [poss] [obj],post,Found my grandmother's post
Family,grandmother,Found [poss] [obj],posts,Found my grandmother's posts
Family,grandmother,Found [poss] [obj],comment,Found my grandmother's comment
Family,grandmother,Found [poss] [obj],account,Found my grandmother's account
Family,grandmother,Found [poss] [obj],Reddit,Found my grandmother's Reddit
Family,grandmother,Found [poss] [obj],profile,Found my grandmother's profile
Family,grandmother,Found [poss] [obj],thread,Found my grandmother's thread
Family,grandmother,Found [poss] [obj],username,Found my grandmother's username
Family,grandmother,I saw [poss] [obj],post,I saw my grandmother's post
Family,grandmother,I saw [poss] [obj],posts,I saw my grandmother's posts
Family,grandmother,I saw [poss] [obj],comment,I saw my grandmother's comment
Family,grandmother,I saw [poss] [obj],account,I saw my grandmother's account
Family,grandmother,I saw [poss] [obj],Reddit,I saw my grandmother's Reddit
Family,grandmother,I saw [poss] [obj],profile,I saw my grandmother's profile
Family,grandmother,I saw [poss] [obj],thread,I saw my grandmother's thread
Family,grandmother,I saw [poss] [obj],username,I saw my grandmother's username
Family,grandmother,I recognized [poss] [obj],post,I recognized my grandmother's post
Family,grandmother,I recognized [poss] [obj],posts,I recognized my grandmother's posts
Family,grandmother,I recognized [poss] [obj],comment,I recognized my grandmother's comment
Family,grandmother,I recognized [poss] [obj],account,I recognized my grandmother's account
Family,grandmother,I recognized [poss] [obj],Reddit,I recognized my grandmother's Reddit
Family,grandmother,I recognized [poss] [obj],profile,I recognized my grandmother's profile
Family,grandmother,I recognized [poss] [obj],thread,I recognized my grandmother's thread
Family,grandmother,I recognized [poss] [obj],username,I recognized my grandmother's username
Family,grandmother,I came across [poss] [obj],post,I came across my grandmother's post
Family,grandmother,I came across [poss] [obj],posts,I came across my grandmother's posts
Family,grandmother,I came across [poss] [obj],comment,I came across my grandmother's comment
Family,grandmother,I came across [poss] [obj],account,I came across my grandmother's account
Family,grandmother,I came across [poss] [obj],Reddit,I came across my grandmother's Reddit
Family,grandmother,I came across [poss] [obj],profile,I came across my grandmother's profile
Family,grandmother,I came across [poss] [obj],thread,I came across my grandmother's thread
Family,grandmother,I came across [poss] [obj],username,I came across my grandmother's username
Family,grandmother,I stumbled across [poss] [obj],post,I stumbled across my grandmother's post
Family,grandmother,I stumbled across [poss] [obj],posts,I stumbled across my grandmother's posts
Family,grandmother,I stumbled across [poss] [obj],comment,I stumbled across my grandmother's comment
Family,grandmother,I stumbled across [poss] [obj],account,I stumbled across my grandmother's account
Family,grandmother,I stumbled across [poss] [obj],Reddit,I stumbled across my grandmother's Reddit
Family,grandmother,I stumbled across [poss] [obj],profile,I stumbled across my grandmother's profile
Family,grandmother,I stumbled across [poss] [obj],thread,I stumbled across my grandmother's thread
Family,grandmother,I stumbled across [poss] [obj],username,I stumbled across my grandmother's username
Family,grandmother,Is this [poss] [obj],post,Is this my grandmother's post
Family,grandmother,Is this [poss] [obj],posts,Is this my grandmother's posts
Family,grandmother,Is this [poss] [obj],comment,Is this my grandmother's comment
Family,grandmother,Is this [poss] [obj],account,Is this my grandmother's account
Family,grandmother,Is this [poss] [obj],Reddit,Is this my grandmother's Reddit
Family,grandmother,Is this [poss] [obj],profile,Is this my grandmother's profile
Family,grandmother,Is this [poss] [obj],thread,Is this my grandmother's thread
Family,grandmother,Is this [poss] [obj],username,Is this my grandmother's username
Family,grandmother,I found out [subj_lower] posts on Reddit,,I found out my grandmother posts on Reddit
Family,grandmother,I found out [subj_lower] is on Reddit,,I found out my grandmother is on Reddit
Family,grandmother,I think [subj_lower] is a redditor,,I think my grandmother is a redditor
Family,grandparents,I found [poss] [obj],post,I found my grandparents' post
Family,grandparents,I found [poss] [obj],posts,I found my grandparents' posts
Family,grandparents,I found [poss] [obj],comment,I found my grandparents' comment
Family,grandparents,I found [poss] [obj],account,I found my grandparents' account
Family,grandparents,I found [poss] [obj],Reddit,I found my grandparents' Reddit
Family,grandparents,I found [poss] [obj],profile,I found my grandparents' profile
Family,grandparents,I found [poss] [obj],thread,I found my grandparents' thread
Family,grandparents,I found [poss] [obj],username,I found my grandparents' username
Family,grandparents,Found [poss] [obj],post,Found my grandparents' post
Family,grandparents,Found [poss] [obj],posts,Found my grandparents' posts
Family,grandparents,Found [poss] [obj],comment,Found my grandparents' comment
Family,grandparents,Found [poss] [obj],account,Found my grandparents' account
Family,grandparents,Found [poss] [obj],Reddit,Found my grandparents' Reddit
Family,grandparents,Found [poss] [obj],profile,Found my grandparents' profile
Family,grandparents,Found [poss] [obj],thread,Found my grandparents' thread
Family,grandparents,Found [poss] [obj],username,Found my grandparents' username
Family,grandparents,I saw [poss] [obj],post,I saw my grandparents' post
Family,grandparents,I saw [poss] [obj],posts,I saw my grandparents' posts
Family,grandparents,I saw [poss] [obj],comment,I saw my grandparents' comment
Family,grandparents,I saw [poss] [obj],account,I saw my grandparents' account
Family,grandparents,I saw [poss] [obj],Reddit,I saw my grandparents' Reddit
Family,grandparents,I saw [poss] [obj],profile,I saw my grandparents' profile
Family,grandparents,I saw [poss] [obj],thread,I saw my grandparents' thread
Family,grandparents,I saw [poss] [obj],username,I saw my grandparents' username
Family,grandparents,I recognized [poss] [obj],post,I recognized my grandparents' post
Family,grandparents,I recognized [poss] [obj],posts,I recognized my grandparents' posts
Family,grandparents,I recognized [poss] [obj],comment,I recognized my grandparents' comment
Family,grandparents,I recognized [poss] [obj],account,I recognized my grandparents' account
Family,grandparents,I recognized [poss] [obj],Reddit,I recognized my grandparents' Reddit
Family,grandparents,I recognized [poss] [obj],profile,I recognized my grandparents' profile
Family,grandparents,I recognized [poss] [obj],thread,I recognized my grandparents' thread
Family,grandparents,I recognized [poss] [obj],username,I recognized my grandparents' username
Family,grandparents,I came across [poss] [obj],post,I came across my grandparents' post
Family,grandparents,I came across [poss] [obj],posts,I came across my grandparents' posts
Family,grandparents,I came across [poss] [obj],comment,I came across my grandparents' comment
Family,grandparents,I came across [poss] [obj],account,I came across my grandparents' account
Family,grandparents,I came across [poss] [obj],Reddit,I came across my grandparents' Reddit
Family,grandparents,I came across [poss] [obj],profile,I came across my grandparents' profile
Family,grandparents,I came across [poss] [obj],thread,I came across my grandparents' thread
Family,grandparents,I came across [poss] [obj],username,I came across my grandparents' username
Family,grandparents,I stumbled across [poss] [obj],post,I stumbled across my grandparents' post
Family,grandparents,I stumbled across [poss] [obj],posts,I stumbled across my grandparents' posts
Family,grandparents,I stumbled across [poss] [obj],comment,I stumbled across my grandparents' comment
Family,grandparents,I stumbled across [poss] [obj],account,I stumbled across my grandparents' account
Family,grandparents,I stumbled across [poss] [obj],Reddit,I stumbled across my grandparents' Reddit
Family,grandparents,I stumbled across [poss] [obj],profile,I stumbled across my grandparents' profile
Family,grandparents,I stumbled across [poss] [obj],thread,I stumbled across my grandparents' thread
Family,grandparents,I stumbled across [poss] [obj],username,I stumbled across my grandparents' username
Family,grandparents,Is this [poss] [obj],post,Is this my grandparents' post
Family,grandparents,Is this [poss] [obj],posts,Is this my grandparents' posts
Family,grandparents,Is this [poss] [obj],comment,Is this my grandparents' comment
Family,grandparents,Is this [poss] [obj],account,Is this my grandparents' account
Family,grandparents,Is this [poss] [obj],Reddit,Is this my grandparents' Reddit
Family,grandparents,Is this [poss] [obj],profile,Is this my grandparents' profile
Family,grandparents,Is this [poss] [obj],thread,Is this my grandparents' thread
Family,grandparents,Is this [poss] [obj],username,Is this my grandparents' username
Family,grandparents,I found out [subj_lower] posts on Reddit,,I found out my grandparents posts on Reddit
Family,grandparents,I found out [subj_lower] is on Reddit,,I found out my grandparents is on Reddit
Family,grandparents,I think [subj_lower] is a redditor,,I think my grandparents is a redditor
Romantic partner,hubby,I found [poss] [obj],post,I found my hubby's post
Romantic partner,hubby,I found [poss] [obj],posts,I found my hubby's posts
Romantic partner,hubby,I found [poss] [obj],comment,I found my hubby's comment
Romantic partner,hubby,I found [poss] [obj],account,I found my hubby's account
Romantic partner,hubby,I found [poss] [obj],Reddit,I found my hubby's Reddit
Romantic partner,hubby,I found [poss] [obj],profile,I found my hubby's profile
Romantic partner,hubby,I found [poss] [obj],thread,I found my hubby's thread
Romantic partner,hubby,I found [poss] [obj],username,I found my hubby's username
Romantic partner,hubby,Found [poss] [obj],post,Found my hubby's post
Romantic partner,hubby,Found [poss] [obj],posts,Found my hubby's posts
Romantic partner,hubby,Found [poss] [obj],comment,Found my hubby's comment
Romantic partner,hubby,Found [poss] [obj],account,Found my hubby's account
Romantic partner,hubby,Found [poss] [obj],Reddit,Found my hubby's Reddit
Romantic partner,hubby,Found [poss] [obj],profile,Found my hubby's profile
Romantic partner,hubby,Found [poss] [obj],thread,Found my hubby's thread
Romantic partner,hubby,Found [poss] [obj],username,Found my hubby's username
Romantic partner,hubby,I saw [poss] [obj],post,I saw my hubby's post
Romantic partner,hubby,I saw [poss] [obj],posts,I saw my hubby's posts
Romantic partner,hubby,I saw [poss] [obj],comment,I saw my hubby's comment
Romantic partner,hubby,I saw [poss] [obj],account,I saw my hubby's account
Romantic partner,hubby,I saw [poss] [obj],Reddit,I saw my hubby's Reddit
Romantic partner,hubby,I saw [poss] [obj],profile,I saw my hubby's profile
Romantic partner,hubby,I saw [poss] [obj],thread,I saw my hubby's thread
Romantic partner,hubby,I saw [poss] [obj],username,I saw my hubby's username
Romantic partner,hubby,I recognized [poss] [obj],post,I recognized my hubby's post
Romantic partner,hubby,I recognized [poss] [obj],posts,I recognized my hubby's posts
Romantic partner,hubby,I recognized [poss] [obj],comment,I recognized my hubby's comment
Romantic partner,hubby,I recognized [poss] [obj],account,I recognized my hubby's account
Romantic partner,hubby,I recognized [poss] [obj],Reddit,I recognized my hubby's Reddit
Romantic partner,hubby,I recognized [poss] [obj],profile,I recognized my hubby's profile
Romantic partner,hubby,I recognized [poss] [obj],thread,I recognized my hubby's thread
Romantic partner,hubby,I recognized [poss] [obj],username,I recognized my hubby's username
Romantic partner,hubby,I came across [poss] [obj],post,I came across my hubby's post
Romantic partner,hubby,I came across [poss] [obj],posts,I came across my hubby's posts
Romantic partner,hubby,I came across [poss] [obj],comment,I came across my hubby's comment
Romantic partner,hubby,I came across [poss] [obj],account,I came across my hubby's account
Romantic partner,hubby,I came across [poss] [obj],Reddit,I came across my hubby's Reddit
Romantic partner,hubby,I came across [poss] [obj],profile,I came across my hubby's profile
Romantic partner,hubby,I came across [poss] [obj],thread,I came across my hubby's thread
Romantic partner,hubby,I came across [poss] [obj],username,I came across my hubby's username
Romantic partner,hubby,I stumbled across [poss] [obj],post,I stumbled across my hubby's post
Romantic partner,hubby,I stumbled across [poss] [obj],posts,I stumbled across my hubby's posts
Romantic partner,hubby,I stumbled across [poss] [obj],comment,I stumbled across my hubby's comment
Romantic partner,hubby,I stumbled across [poss] [obj],account,I stumbled across my hubby's account
Romantic partner,hubby,I stumbled across [poss] [obj],Reddit,I stumbled across my hubby's Reddit
Romantic partner,hubby,I stumbled across [poss] [obj],profile,I stumbled across my hubby's profile
Romantic partner,hubby,I stumbled across [poss] [obj],thread,I stumbled across my hubby's thread
Romantic partner,hubby,I stumbled across [poss] [obj],username,I stumbled across my hubby's username
Romantic partner,hubby,Is this [poss] [obj],post,Is this my hubby's post
Romantic partner,hubby,Is this [poss] [obj],posts,Is this my hubby's posts
Romantic partner,hubby,Is this [poss] [obj],comment,Is this my hubby's comment
Romantic partner,hubby,Is this [poss] [obj],account,Is this my hubby's account
Romantic partner,hubby,Is this [poss] [obj],Reddit,Is this my hubby's Reddit
Romantic partner,hubby,Is this [poss] [obj],profile,Is this my hubby's profile
Romantic partner,hubby,Is this [poss] [obj],thread,Is this my hubby's thread
Romantic partner,hubby,Is this [poss] [obj],username,Is this my hubby's username
Romantic partner,hubby,I found out [subj_lower] posts on Reddit,,I found out my hubby posts on Reddit
Romantic partner,hubby,I found out [subj_lower] is on Reddit,,I found out my hubby is on Reddit
Romantic partner,hubby,I think [subj_lower] is a redditor,,I think my hubby is a redditor
Romantic partner,husband,I found [poss] [obj],post,I found my husband's post
Romantic partner,husband,I found [poss] [obj],posts,I found my husband's posts
Romantic partner,husband,I found [poss] [obj],comment,I found my husband's comment
Romantic partner,husband,I found [poss] [obj],account,I found my husband's account
Romantic partner,husband,I found [poss] [obj],Reddit,I found my husband's Reddit
Romantic partner,husband,I found [poss] [obj],profile,I found my husband's profile
Romantic partner,husband,I found [poss] [obj],thread,I found my husband's thread
Romantic partner,husband,I found [poss] [obj],username,I found my husband's username
Romantic partner,husband,Found [poss] [obj],post,Found my husband's post
Romantic partner,husband,Found [poss] [obj],posts,Found my husband's posts
Romantic partner,husband,Found [poss] [obj],comment,Found my husband's comment
Romantic partner,husband,Found [poss] [obj],account,Found my husband's account
Romantic partner,husband,Found [poss] [obj],Reddit,Found my husband's Reddit
Romantic partner,husband,Found [poss] [obj],profile,Found my husband's profile
Romantic partner,husband,Found [poss] [obj],thread,Found my husband's thread
Romantic partner,husband,Found [poss] [obj],username,Found my husband's username
Romantic partner,husband,I saw [poss] [obj],post,I saw my husband's post
Romantic partner,husband,I saw [poss] [obj],posts,I saw my husband's posts
Romantic partner,husband,I saw [poss] [obj],comment,I saw my husband's comment
Romantic partner,husband,I saw [poss] [obj],account,I saw my husband's account
Romantic partner,husband,I saw [poss] [obj],Reddit,I saw my husband's Reddit
Romantic partner,husband,I saw [poss] [obj],profile,I saw my husband's profile
Romantic partner,husband,I saw [poss] [obj],thread,I saw my husband's thread
Romantic partner,husband,I saw [poss] [obj],username,I saw my husband's username
Romantic partner,husband,I recognized [poss] [obj],post,I recognized my husband's post
Romantic partner,husband,I recognized [poss] [obj],posts,I recognized my husband's posts
Romantic partner,husband,I recognized [poss] [obj],comment,I recognized my husband's comment
Romantic partner,husband,I recognized [poss] [obj],account,I recognized my husband's account
Romantic partner,husband,I recognized [poss] [obj],Reddit,I recognized my husband's Reddit
Romantic partner,husband,I recognized [poss] [obj],profile,I recognized my husband's profile
Romantic partner,husband,I recognized [poss] [obj],thread,I recognized my husband's thread
Romantic partner,husband,I recognized [poss] [obj],username,I recognized my husband's username
Romantic partner,husband,I came across [poss] [obj],post,I came across my husband's post
Romantic partner,husband,I came across [poss] [obj],posts,I came across my husband's posts
Romantic partner,husband,I came across [poss] [obj],comment,I came across my husband's comment
Romantic partner,husband,I came across [poss] [obj],account,I came across my husband's account
Romantic partner,husband,I came across [poss] [obj],Reddit,I came across my husband's Reddit
Romantic partner,husband,I came across [poss] [obj],profile,I came across my husband's profile
Romantic partner,husband,I came across [poss] [obj],thread,I came across my husband's thread
Romantic partner,husband,I came across [poss] [obj],username,I came across my husband's username
Romantic partner,husband,I stumbled across [poss] [obj],post,I stumbled across my husband's post
Romantic partner,husband,I stumbled across [poss] [obj],posts,I stumbled across my husband's posts
Romantic partner,husband,I stumbled across [poss] [obj],comment,I stumbled across my husband's comment
Romantic partner,husband,I stumbled across [poss] [obj],account,I stumbled across my husband's account
Romantic partner,husband,I stumbled across [poss] [obj],Reddit,I stumbled across my husband's Reddit
Romantic partner,husband,I stumbled across [poss] [obj],profile,I stumbled across my husband's profile
Romantic partner,husband,I stumbled across [poss] [obj],thread,I stumbled across my husband's thread
Romantic partner,husband,I stumbled across [poss] [obj],username,I stumbled across my husband's username
Romantic partner,husband,Is this [poss] [obj],post,Is this my husband's post
Romantic partner,husband,Is this [poss] [obj],posts,Is this my husband's posts
Romantic partner,husband,Is this [poss] [obj],comment,Is this my husband's comment
Romantic partner,husband,Is this [poss] [obj],account,Is this my husband's account
Romantic partner,husband,Is this [poss] [obj],Reddit,Is this my husband's Reddit
Romantic partner,husband,Is this [poss] [obj],profile,Is this my husband's profile
Romantic partner,husband,Is this [poss] [obj],thread,Is this my husband's thread
Romantic partner,husband,Is this [poss] [obj],username,Is this my husband's username
Romantic partner,husband,I found out [subj_lower] posts on Reddit,,I found out my husband posts on Reddit
Romantic partner,husband,I found out [subj_lower] is on Reddit,,I found out my husband is on Reddit
Romantic partner,husband,I think [subj_lower] is a redditor,,I think my husband is a redditor
Community/Acquaintance,landlord,I found [poss] [obj],post,I found my landlord's post
Community/Acquaintance,landlord,I found [poss] [obj],posts,I found my landlord's posts
Community/Acquaintance,landlord,I found [poss] [obj],comment,I found my landlord's comment
Community/Acquaintance,landlord,I found [poss] [obj],account,I found my landlord's account
Community/Acquaintance,landlord,I found [poss] [obj],Reddit,I found my landlord's Reddit
Community/Acquaintance,landlord,I found [poss] [obj],profile,I found my landlord's profile
Community/Acquaintance,landlord,I found [poss] [obj],thread,I found my landlord's thread
Community/Acquaintance,landlord,I found [poss] [obj],username,I found my landlord's username
Community/Acquaintance,landlord,Found [poss] [obj],post,Found my landlord's post
Community/Acquaintance,landlord,Found [poss] [obj],posts,Found my landlord's posts
Community/Acquaintance,landlord,Found [poss] [obj],comment,Found my landlord's comment
Community/Acquaintance,landlord,Found [poss] [obj],account,Found my landlord's account
Community/Acquaintance,landlord,Found [poss] [obj],Reddit,Found my landlord's Reddit
Community/Acquaintance,landlord,Found [poss] [obj],profile,Found my landlord's profile
Community/Acquaintance,landlord,Found [poss] [obj],thread,Found my landlord's thread
Community/Acquaintance,landlord,Found [poss] [obj],username,Found my landlord's username
Community/Acquaintance,landlord,I saw [poss] [obj],post,I saw my landlord's post
Community/Acquaintance,landlord,I saw [poss] [obj],posts,I saw my landlord's posts
Community/Acquaintance,landlord,I saw [poss] [obj],comment,I saw my landlord's comment
Community/Acquaintance,landlord,I saw [poss] [obj],account,I saw my landlord's account
Community/Acquaintance,landlord,I saw [poss] [obj],Reddit,I saw my landlord's Reddit
Community/Acquaintance,landlord,I saw [poss] [obj],profile,I saw my landlord's profile
Community/Acquaintance,landlord,I saw [poss] [obj],thread,I saw my landlord's thread
Community/Acquaintance,landlord,I saw [poss] [obj],username,I saw my landlord's username
Community/Acquaintance,landlord,I recognized [poss] [obj],post,I recognized my landlord's post
Community/Acquaintance,landlord,I recognized [poss] [obj],posts,I recognized my landlord's posts
Community/Acquaintance,landlord,I recognized [poss] [obj],comment,I recognized my landlord's comment
Community/Acquaintance,landlord,I recognized [poss] [obj],account,I recognized my landlord's account
Community/Acquaintance,landlord,I recognized [poss] [obj],Reddit,I recognized my landlord's Reddit
Community/Acquaintance,landlord,I recognized [poss] [obj],profile,I recognized my landlord's profile
Community/Acquaintance,landlord,I recognized [poss] [obj],thread,I recognized my landlord's thread
Community/Acquaintance,landlord,I recognized [poss] [obj],username,I recognized my landlord's username
Community/Acquaintance,landlord,I came across [poss] [obj],post,I came across my landlord's post
Community/Acquaintance,landlord,I came across [poss] [obj],posts,I came across my landlord's posts
Community/Acquaintance,landlord,I came across [poss] [obj],comment,I came across my landlord's comment
Community/Acquaintance,landlord,I came across [poss] [obj],account,I came across my landlord's account
Community/Acquaintance,landlord,I came across [poss] [obj],Reddit,I came across my landlord's Reddit
Community/Acquaintance,landlord,I came across [poss] [obj],profile,I came across my landlord's profile
Community/Acquaintance,landlord,I came across [poss] [obj],thread,I came across my landlord's thread
Community/Acquaintance,landlord,I came across [poss] [obj],username,I came across my landlord's username
Community/Acquaintance,landlord,I stumbled across [poss] [obj],post,I stumbled across my landlord's post
Community/Acquaintance,landlord,I stumbled across [poss] [obj],posts,I stumbled across my landlord's posts
Community/Acquaintance,landlord,I stumbled across [poss] [obj],comment,I stumbled across my landlord's comment
Community/Acquaintance,landlord,I stumbled across [poss] [obj],account,I stumbled across my landlord's account
Community/Acquaintance,landlord,I stumbled across [poss] [obj],Reddit,I stumbled across my landlord's Reddit
Community/Acquaintance,landlord,I stumbled across [poss] [obj],profile,I stumbled across my landlord's profile
Community/Acquaintance,landlord,I stumbled across [poss] [obj],thread,I stumbled across my landlord's thread
Community/Acquaintance,landlord,I stumbled across [poss] [obj],username,I stumbled across my landlord's username
Community/Acquaintance,landlord,Is this [poss] [obj],post,Is this my landlord's post
Community/Acquaintance,landlord,Is this [poss] [obj],posts,Is this my landlord's posts
Community/Acquaintance,landlord,Is this [poss] [obj],comment,Is this my landlord's comment
Community/Acquaintance,landlord,Is this [poss] [obj],account,Is this my landlord's account
Community/Acquaintance,landlord,Is this [poss] [obj],Reddit,Is this my landlord's Reddit
Community/Acquaintance,landlord,Is this [poss] [obj],profile,Is this my landlord's profile
Community/Acquaintance,landlord,Is this [poss] [obj],thread,Is this my landlord's thread
Community/Acquaintance,landlord,Is this [poss] [obj],username,Is this my landlord's username
Community/Acquaintance,landlord,I found out [subj_lower] posts on Reddit,,I found out my landlord posts on Reddit
Community/Acquaintance,landlord,I found out [subj_lower] is on Reddit,,I found out my landlord is on Reddit
Community/Acquaintance,landlord,I think [subj_lower] is a redditor,,I think my landlord is a redditor
Community/Acquaintance,league,I found [poss] [obj],post,I found my league's post
Community/Acquaintance,league,I found [poss] [obj],posts,I found my league's posts
Community/Acquaintance,league,I found [poss] [obj],comment,I found my league's comment
Community/Acquaintance,league,I found [poss] [obj],account,I found my league's account
Community/Acquaintance,league,I found [poss] [obj],Reddit,I found my league's Reddit
Community/Acquaintance,league,I found [poss] [obj],profile,I found my league's profile
Community/Acquaintance,league,I found [poss] [obj],thread,I found my league's thread
Community/Acquaintance,league,I found [poss] [obj],username,I found my league's username
Community/Acquaintance,league,Found [poss] [obj],post,Found my league's post
Community/Acquaintance,league,Found [poss] [obj],posts,Found my league's posts
Community/Acquaintance,league,Found [poss] [obj],comment,Found my league's comment
Community/Acquaintance,league,Found [poss] [obj],account,Found my league's account
Community/Acquaintance,league,Found [poss] [obj],Reddit,Found my league's Reddit
Community/Acquaintance,league,Found [poss] [obj],profile,Found my league's profile
Community/Acquaintance,league,Found [poss] [obj],thread,Found my league's thread
Community/Acquaintance,league,Found [poss] [obj],username,Found my league's username
Community/Acquaintance,league,I saw [poss] [obj],post,I saw my league's post
Community/Acquaintance,league,I saw [poss] [obj],posts,I saw my league's posts
Community/Acquaintance,league,I saw [poss] [obj],comment,I saw my league's comment
Community/Acquaintance,league,I saw [poss] [obj],account,I saw my league's account
Community/Acquaintance,league,I saw [poss] [obj],Reddit,I saw my league's Reddit
Community/Acquaintance,league,I saw [poss] [obj],profile,I saw my league's profile
Community/Acquaintance,league,I saw [poss] [obj],thread,I saw my league's thread
Community/Acquaintance,league,I saw [poss] [obj],username,I saw my league's username
Community/Acquaintance,league,I recognized [poss] [obj],post,I recognized my league's post
Community/Acquaintance,league,I recognized [poss] [obj],posts,I recognized my league's posts
Community/Acquaintance,league,I recognized [poss] [obj],comment,I recognized my league's comment
Community/Acquaintance,league,I recognized [poss] [obj],account,I recognized my league's account
Community/Acquaintance,league,I recognized [poss] [obj],Reddit,I recognized my league's Reddit
Community/Acquaintance,league,I recognized [poss] [obj],profile,I recognized my league's profile
Community/Acquaintance,league,I recognized [poss] [obj],thread,I recognized my league's thread
Community/Acquaintance,league,I recognized [poss] [obj],username,I recognized my league's username
Community/Acquaintance,league,I came across [poss] [obj],post,I came across my league's post
Community/Acquaintance,league,I came across [poss] [obj],posts,I came across my league's posts
Community/Acquaintance,league,I came across [poss] [obj],comment,I came across my league's comment
Community/Acquaintance,league,I came across [poss] [obj],account,I came across my league's account
Community/Acquaintance,league,I came across [poss] [obj],Reddit,I came across my league's Reddit
Community/Acquaintance,league,I came across [poss] [obj],profile,I came across my league's profile
Community/Acquaintance,league,I came across [poss] [obj],thread,I came across my league's thread
Community/Acquaintance,league,I came across [poss] [obj],username,I came across my league's username
Community/Acquaintance,league,I stumbled across [poss] [obj],post,I stumbled across my league's post
Community/Acquaintance,league,I stumbled across [poss] [obj],posts,I stumbled across my league's posts
Community/Acquaintance,league,I stumbled across [poss] [obj],comment,I stumbled across my league's comment
Community/Acquaintance,league,I stumbled across [poss] [obj],account,I stumbled across my league's account
Community/Acquaintance,league,I stumbled across [poss] [obj],Reddit,I stumbled across my league's Reddit
Community/Acquaintance,league,I stumbled across [poss] [obj],profile,I stumbled across my league's profile
Community/Acquaintance,league,I stumbled across [poss] [obj],thread,I stumbled across my league's thread
Community/Acquaintance,league,I stumbled across [poss] [obj],username,I stumbled across my league's username
Community/Acquaintance,league,Is this [poss] [obj],post,Is this my league's post
Community/Acquaintance,league,Is this [poss] [obj],posts,Is this my league's posts
Community/Acquaintance,league,Is this [poss] [obj],comment,Is this my league's comment
Community/Acquaintance,league,Is this [poss] [obj],account,Is this my league's account
Community/Acquaintance,league,Is this [poss] [obj],Reddit,Is this my league's Reddit
Community/Acquaintance,league,Is this [poss] [obj],profile,Is this my league's profile
Community/Acquaintance,league,Is this [poss] [obj],thread,Is this my league's thread
Community/Acquaintance,league,Is this [poss] [obj],username,Is this my league's username
Community/Acquaintance,league,I found out [subj_lower] posts on Reddit,,I found out my league posts on Reddit
Community/Acquaintance,league,I found out [subj_lower] is on Reddit,,I found out my league is on Reddit
Community/Acquaintance,league,I think [subj_lower] is a redditor,,I think my league is a redditor
Romantic partner,lover,I found [poss] [obj],post,I found my lover's post
Romantic partner,lover,I found [poss] [obj],posts,I found my lover's posts
Romantic partner,lover,I found [poss] [obj],comment,I found my lover's comment
Romantic partner,lover,I found [poss] [obj],account,I found my lover's account
Romantic partner,lover,I found [poss] [obj],Reddit,I found my lover's Reddit
Romantic partner,lover,I found [poss] [obj],profile,I found my lover's profile
Romantic partner,lover,I found [poss] [obj],thread,I found my lover's thread
Romantic partner,lover,I found [poss] [obj],username,I found my lover's username
Romantic partner,lover,Found [poss] [obj],post,Found my lover's post
Romantic partner,lover,Found [poss] [obj],posts,Found my lover's posts
Romantic partner,lover,Found [poss] [obj],comment,Found my lover's comment
Romantic partner,lover,Found [poss] [obj],account,Found my lover's account
Romantic partner,lover,Found [poss] [obj],Reddit,Found my lover's Reddit
Romantic partner,lover,Found [poss] [obj],profile,Found my lover's profile
Romantic partner,lover,Found [poss] [obj],thread,Found my lover's thread
Romantic partner,lover,Found [poss] [obj],username,Found my lover's username
Romantic partner,lover,I saw [poss] [obj],post,I saw my lover's post
Romantic partner,lover,I saw [poss] [obj],posts,I saw my lover's posts
Romantic partner,lover,I saw [poss] [obj],comment,I saw my lover's comment
Romantic partner,lover,I saw [poss] [obj],account,I saw my lover's account
Romantic partner,lover,I saw [poss] [obj],Reddit,I saw my lover's Reddit
Romantic partner,lover,I saw [poss] [obj],profile,I saw my lover's profile
Romantic partner,lover,I saw [poss] [obj],thread,I saw my lover's thread
Romantic partner,lover,I saw [poss] [obj],username,I saw my lover's username
Romantic partner,lover,I recognized [poss] [obj],post,I recognized my lover's post
Romantic partner,lover,I recognized [poss] [obj],posts,I recognized my lover's posts
Romantic partner,lover,I recognized [poss] [obj],comment,I recognized my lover's comment
Romantic partner,lover,I recognized [poss] [obj],account,I recognized my lover's account
Romantic partner,lover,I recognized [poss] [obj],Reddit,I recognized my lover's Reddit
Romantic partner,lover,I recognized [poss] [obj],profile,I recognized my lover's profile
Romantic partner,lover,I recognized [poss] [obj],thread,I recognized my lover's thread
Romantic partner,lover,I recognized [poss] [obj],username,I recognized my lover's username
Romantic partner,lover,I came across [poss] [obj],post,I came across my lover's post
Romantic partner,lover,I came across [poss] [obj],posts,I came across my lover's posts
Romantic partner,lover,I came across [poss] [obj],comment,I came across my lover's comment
Romantic partner,lover,I came across [poss] [obj],account,I came across my lover's account
Romantic partner,lover,I came across [poss] [obj],Reddit,I came across my lover's Reddit
Romantic partner,lover,I came across [poss] [obj],profile,I came across my lover's profile
Romantic partner,lover,I came across [poss] [obj],thread,I came across my lover's thread
Romantic partner,lover,I came across [poss] [obj],username,I came across my lover's username
Romantic partner,lover,I stumbled across [poss] [obj],post,I stumbled across my lover's post
Romantic partner,lover,I stumbled across [poss] [obj],posts,I stumbled across my lover's posts
Romantic partner,lover,I stumbled across [poss] [obj],comment,I stumbled across my lover's comment
Romantic partner,lover,I stumbled across [poss] [obj],account,I stumbled across my lover's account
Romantic partner,lover,I stumbled across [poss] [obj],Reddit,I stumbled across my lover's Reddit
Romantic partner,lover,I stumbled across [poss] [obj],profile,I stumbled across my lover's profile
Romantic partner,lover,I stumbled across [poss] [obj],thread,I stumbled across my lover's thread
Romantic partner,lover,I stumbled across [poss] [obj],username,I stumbled across my lover's username
Romantic partner,lover,Is this [poss] [obj],post,Is this my lover's post
Romantic partner,lover,Is this [poss] [obj],posts,Is this my lover's posts
Romantic partner,lover,Is this [poss] [obj],comment,Is this my lover's comment
Romantic partner,lover,Is this [poss] [obj],account,Is this my lover's account
Romantic partner,lover,Is this [poss] [obj],Reddit,Is this my lover's Reddit
Romantic partner,lover,Is this [poss] [obj],profile,Is this my lover's profile
Romantic partner,lover,Is this [poss] [obj],thread,Is this my lover's thread
Romantic partner,lover,Is this [poss] [obj],username,Is this my lover's username
Romantic partner,lover,I found out [subj_lower] posts on Reddit,,I found out my lover posts on Reddit
Romantic partner,lover,I found out [subj_lower] is on Reddit,,I found out my lover is on Reddit
Romantic partner,lover,I think [subj_lower] is a redditor,,I think my lover is a redditor
Work-based,manager,I found [poss] [obj],post,I found my manager's post
Work-based,manager,I found [poss] [obj],posts,I found my manager's posts
Work-based,manager,I found [poss] [obj],comment,I found my manager's comment
Work-based,manager,I found [poss] [obj],account,I found my manager's account
Work-based,manager,I found [poss] [obj],Reddit,I found my manager's Reddit
Work-based,manager,I found [poss] [obj],profile,I found my manager's profile
Work-based,manager,I found [poss] [obj],thread,I found my manager's thread
Work-based,manager,I found [poss] [obj],username,I found my manager's username
Work-based,manager,Found [poss] [obj],post,Found my manager's post
Work-based,manager,Found [poss] [obj],posts,Found my manager's posts
Work-based,manager,Found [poss] [obj],comment,Found my manager's comment
Work-based,manager,Found [poss] [obj],account,Found my manager's account
Work-based,manager,Found [poss] [obj],Reddit,Found my manager's Reddit
Work-based,manager,Found [poss] [obj],profile,Found my manager's profile
Work-based,manager,Found [poss] [obj],thread,Found my manager's thread
Work-based,manager,Found [poss] [obj],username,Found my manager's username
Work-based,manager,I saw [poss] [obj],post,I saw my manager's post
Work-based,manager,I saw [poss] [obj],posts,I saw my manager's posts
Work-based,manager,I saw [poss] [obj],comment,I saw my manager's comment
Work-based,manager,I saw [poss] [obj],account,I saw my manager's account
Work-based,manager,I saw [poss] [obj],Reddit,I saw my manager's Reddit
Work-based,manager,I saw [poss] [obj],profile,I saw my manager's profile
Work-based,manager,I saw [poss] [obj],thread,I saw my manager's thread
Work-based,manager,I saw [poss] [obj],username,I saw my manager's username
Work-based,manager,I recognized [poss] [obj],post,I recognized my manager's post
Work-based,manager,I recognized [poss] [obj],posts,I recognized my manager's posts
Work-based,manager,I recognized [poss] [obj],comment,I recognized my manager's comment
Work-based,manager,I recognized [poss] [obj],account,I recognized my manager's account
Work-based,manager,I recognized [poss] [obj],Reddit,I recognized my manager's Reddit
Work-based,manager,I recognized [poss] [obj],profile,I recognized my manager's profile
Work-based,manager,I recognized [poss] [obj],thread,I recognized my manager's thread
Work-based,manager,I recognized [poss] [obj],username,I recognized my manager's username
Work-based,manager,I came across [poss] [obj],post,I came across my manager's post
Work-based,manager,I came across [poss] [obj],posts,I came across my manager's posts
Work-based,manager,I came across [poss] [obj],comment,I came across my manager's comment
Work-based,manager,I came across [poss] [obj],account,I came across my manager's account
Work-based,manager,I came across [poss] [obj],Reddit,I came across my manager's Reddit
Work-based,manager,I came across [poss] [obj],profile,I came across my manager's profile
Work-based,manager,I came across [poss] [obj],thread,I came across my manager's thread
Work-based,manager,I came across [poss] [obj],username,I came across my manager's username
Work-based,manager,I stumbled across [poss] [obj],post,I stumbled across my manager's post
Work-based,manager,I stumbled across [poss] [obj],posts,I stumbled across my manager's posts
Work-based,manager,I stumbled across [poss] [obj],comment,I stumbled across my manager's comment
Work-based,manager,I stumbled across [poss] [obj],account,I stumbled across my manager's account
Work-based,manager,I stumbled across [poss] [obj],Reddit,I stumbled across my manager's Reddit
Work-based,manager,I stumbled across [poss] [obj],profile,I stumbled across my manager's profile
Work-based,manager,I stumbled across [poss] [obj],thread,I stumbled across my manager's thread
Work-based,manager,I stumbled across [poss] [obj],username,I stumbled across my manager's username
Work-based,manager,Is this [poss] [obj],post,Is this my manager's post
Work-based,manager,Is this [poss] [obj],posts,Is this my manager's posts
Work-based,manager,Is this [poss] [obj],comment,Is this my manager's comment
Work-based,manager,Is this [poss] [obj],account,Is this my manager's account
Work-based,manager,Is this [poss] [obj],Reddit,Is this my manager's Reddit
Work-based,manager,Is this [poss] [obj],profile,Is this my manager's profile
Work-based,manager,Is this [poss] [obj],thread,Is this my manager's thread
Work-based,manager,Is this [poss] [obj],username,Is this my manager's username
Work-based,manager,I found out [subj_lower] posts on Reddit,,I found out my manager posts on Reddit
Work-based,manager,I found out [subj_lower] is on Reddit,,I found out my manager is on Reddit
Work-based,manager,I think [subj_lower] is a redditor,,I think my manager is a redditor
Friend,mate,I found [poss] [obj],post,I found my mate's post
Friend,mate,I found [poss] [obj],posts,I found my mate's posts
Friend,mate,I found [poss] [obj],comment,I found my mate's comment
Friend,mate,I found [poss] [obj],account,I found my mate's account
Friend,mate,I found [poss] [obj],Reddit,I found my mate's Reddit
Friend,mate,I found [poss] [obj],profile,I found my mate's profile
Friend,mate,I found [poss] [obj],thread,I found my mate's thread
Friend,mate,I found [poss] [obj],username,I found my mate's username
Friend,mate,Found [poss] [obj],post,Found my mate's post
Friend,mate,Found [poss] [obj],posts,Found my mate's posts
Friend,mate,Found [poss] [obj],comment,Found my mate's comment
Friend,mate,Found [poss] [obj],account,Found my mate's account
Friend,mate,Found [poss] [obj],Reddit,Found my mate's Reddit
Friend,mate,Found [poss] [obj],profile,Found my mate's profile
Friend,mate,Found [poss] [obj],thread,Found my mate's thread
Friend,mate,Found [poss] [obj],username,Found my mate's username
Friend,mate,I saw [poss] [obj],post,I saw my mate's post
Friend,mate,I saw [poss] [obj],posts,I saw my mate's posts
Friend,mate,I saw [poss] [obj],comment,I saw my mate's comment
Friend,mate,I saw [poss] [obj],account,I saw my mate's account
Friend,mate,I saw [poss] [obj],Reddit,I saw my mate's Reddit
Friend,mate,I saw [poss] [obj],profile,I saw my mate's profile
Friend,mate,I saw [poss] [obj],thread,I saw my mate's thread
Friend,mate,I saw [poss] [obj],username,I saw my mate's username
Friend,mate,I recognized [poss] [obj],post,I recognized my mate's post
Friend,mate,I recognized [poss] [obj],posts,I recognized my mate's posts
Friend,mate,I recognized [poss] [obj],comment,I recognized my mate's comment
Friend,mate,I recognized [poss] [obj],account,I recognized my mate's account
Friend,mate,I recognized [poss] [obj],Reddit,I recognized my mate's Reddit
Friend,mate,I recognized [poss] [obj],profile,I recognized my mate's profile
Friend,mate,I recognized [poss] [obj],thread,I recognized my mate's thread
Friend,mate,I recognized [poss] [obj],username,I recognized my mate's username
Friend,mate,I came across [poss] [obj],post,I came across my mate's post
Friend,mate,I came across [poss] [obj],posts,I came across my mate's posts
Friend,mate,I came across [poss] [obj],comment,I came across my mate's comment
Friend,mate,I came across [poss] [obj],account,I came across my mate's account
Friend,mate,I came across [poss] [obj],Reddit,I came across my mate's Reddit
Friend,mate,I came across [poss] [obj],profile,I came across my mate's profile
Friend,mate,I came across [poss] [obj],thread,I came across my mate's thread
Friend,mate,I came across [poss] [obj],username,I came across my mate's username
Friend,mate,I stumbled across [poss] [obj],post,I stumbled across my mate's post
Friend,mate,I stumbled across [poss] [obj],posts,I stumbled across my mate's posts
Friend,mate,I stumbled across [poss] [obj],comment,I stumbled across my mate's comment
Friend,mate,I stumbled across [poss] [obj],account,I stumbled across my mate's account
Friend,mate,I stumbled across [poss] [obj],Reddit,I stumbled across my mate's Reddit
Friend,mate,I stumbled across [poss] [obj],profile,I stumbled across my mate's profile
Friend,mate,I stumbled across [poss] [obj],thread,I stumbled across my mate's thread
Friend,mate,I stumbled across [poss] [obj],username,I stumbled across my mate's username
Friend,mate,Is this [poss] [obj],post,Is this my mate's post
Friend,mate,Is this [poss] [obj],posts,Is this my mate's posts
Friend,mate,Is this [poss] [obj],comment,Is this my mate's comment
Friend,mate,Is this [poss] [obj],account,Is this my mate's account
Friend,mate,Is this [poss] [obj],Reddit,Is this my mate's Reddit
Friend,mate,Is this [poss] [obj],profile,Is this my mate's profile
Friend,mate,Is this [poss] [obj],thread,Is this my mate's thread
Friend,mate,Is this [poss] [obj],username,Is this my mate's username
Friend,mate,I found out [subj_lower] posts on Reddit,,I found out my mate posts on Reddit
Friend,mate,I found out [subj_lower] is on Reddit,,I found out my mate is on Reddit
Friend,mate,I think [subj_lower] is a redditor,,I think my mate is a redditor
Family,mom,I found [poss] [obj],post,I found my mom's post
Family,mom,I found [poss] [obj],posts,I found my mom's posts
Family,mom,I found [poss] [obj],comment,I found my mom's comment
Family,mom,I found [poss] [obj],account,I found my mom's account
Family,mom,I found [poss] [obj],Reddit,I found my mom's Reddit
Family,mom,I found [poss] [obj],profile,I found my mom's profile
Family,mom,I found [poss] [obj],thread,I found my mom's thread
Family,mom,I found [poss] [obj],username,I found my mom's username
Family,mom,Found [poss] [obj],post,Found my mom's post
Family,mom,Found [poss] [obj],posts,Found my mom's posts
Family,mom,Found [poss] [obj],comment,Found my mom's comment
Family,mom,Found [poss] [obj],account,Found my mom's account
Family,mom,Found [poss] [obj],Reddit,Found my mom's Reddit
Family,mom,Found [poss] [obj],profile,Found my mom's profile
Family,mom,Found [poss] [obj],thread,Found my mom's thread
Family,mom,Found [poss] [obj],username,Found my mom's username
Family,mom,I saw [poss] [obj],post,I saw my mom's post
Family,mom,I saw [poss] [obj],posts,I saw my mom's posts
Family,mom,I saw [poss] [obj],comment,I saw my mom's comment
Family,mom,I saw [poss] [obj],account,I saw my mom's account
Family,mom,I saw [poss] [obj],Reddit,I saw my mom's Reddit
Family,mom,I saw [poss] [obj],profile,I saw my mom's profile
Family,mom,I saw [poss] [obj],thread,I saw my mom's thread
Family,mom,I saw [poss] [obj],username,I saw my mom's username
Family,mom,I recognized [poss] [obj],post,I recognized my mom's post
Family,mom,I recognized [poss] [obj],posts,I recognized my mom's posts
Family,mom,I recognized [poss] [obj],comment,I recognized my mom's comment
Family,mom,I recognized [poss] [obj],account,I recognized my mom's account
Family,mom,I recognized [poss] [obj],Reddit,I recognized my mom's Reddit
Family,mom,I recognized [poss] [obj],profile,I recognized my mom's profile
Family,mom,I recognized [poss] [obj],thread,I recognized my mom's thread
Family,mom,I recognized [poss] [obj],username,I recognized my mom's username
Family,mom,I came across [poss] [obj],post,I came across my mom's post
Family,mom,I came across [poss] [obj],posts,I came across my mom's posts
Family,mom,I came across [poss] [obj],comment,I came across my mom's comment
Family,mom,I came across [poss] [obj],account,I came across my mom's account
Family,mom,I came across [poss] [obj],Reddit,I came across my mom's Reddit
Family,mom,I came across [poss] [obj],profile,I came across my mom's profile
Family,mom,I came across [poss] [obj],thread,I came across my mom's thread
Family,mom,I came across [poss] [obj],username,I came across my mom's username
Family,mom,I stumbled across [poss] [obj],post,I stumbled across my mom's post
Family,mom,I stumbled across [poss] [obj],posts,I stumbled across my mom's posts
Family,mom,I stumbled across [poss] [obj],comment,I stumbled across my mom's comment
Family,mom,I stumbled across [poss] [obj],account,I stumbled across my mom's account
Family,mom,I stumbled across [poss] [obj],Reddit,I stumbled across my mom's Reddit
Family,mom,I stumbled across [poss] [obj],profile,I stumbled across my mom's profile
Family,mom,I stumbled across [poss] [obj],thread,I stumbled across my mom's thread
Family,mom,I stumbled across [poss] [obj],username,I stumbled across my mom's username
Family,mom,Is this [poss] [obj],post,Is this my mom's post
Family,mom,Is this [poss] [obj],posts,Is this my mom's posts
Family,mom,Is this [poss] [obj],comment,Is this my mom's comment
Family,mom,Is this [poss] [obj],account,Is this my mom's account
Family,mom,Is this [poss] [obj],Reddit,Is this my mom's Reddit
Family,mom,Is this [poss] [obj],profile,Is this my mom's profile
Family,mom,Is this [poss] [obj],thread,Is this my mom's thread
Family,mom,Is this [poss] [obj],username,Is this my mom's username
Family,mom,I found out [subj_lower] posts on Reddit,,I found out my mom posts on Reddit
Family,mom,I found out [subj_lower] is on Reddit,,I found out my mom is on Reddit
Family,mom,I think [subj_lower] is a redditor,,I think my mom is a redditor
Community/Acquaintance,neighbor,I found [poss] [obj],post,I found my neighbor's post
Community/Acquaintance,neighbor,I found [poss] [obj],posts,I found my neighbor's posts
Community/Acquaintance,neighbor,I found [poss] [obj],comment,I found my neighbor's comment
Community/Acquaintance,neighbor,I found [poss] [obj],account,I found my neighbor's account
Community/Acquaintance,neighbor,I found [poss] [obj],Reddit,I found my neighbor's Reddit
Community/Acquaintance,neighbor,I found [poss] [obj],profile,I found my neighbor's profile
Community/Acquaintance,neighbor,I found [poss] [obj],thread,I found my neighbor's thread
Community/Acquaintance,neighbor,I found [poss] [obj],username,I found my neighbor's username
Community/Acquaintance,neighbor,Found [poss] [obj],post,Found my neighbor's post
Community/Acquaintance,neighbor,Found [poss] [obj],posts,Found my neighbor's posts
Community/Acquaintance,neighbor,Found [poss] [obj],comment,Found my neighbor's comment
Community/Acquaintance,neighbor,Found [poss] [obj],account,Found my neighbor's account
Community/Acquaintance,neighbor,Found [poss] [obj],Reddit,Found my neighbor's Reddit
Community/Acquaintance,neighbor,Found [poss] [obj],profile,Found my neighbor's profile
Community/Acquaintance,neighbor,Found [poss] [obj],thread,Found my neighbor's thread
Community/Acquaintance,neighbor,Found [poss] [obj],username,Found my neighbor's username
Community/Acquaintance,neighbor,I saw [poss] [obj],post,I saw my neighbor's post
Community/Acquaintance,neighbor,I saw [poss] [obj],posts,I saw my neighbor's posts
Community/Acquaintance,neighbor,I saw [poss] [obj],comment,I saw my neighbor's comment
Community/Acquaintance,neighbor,I saw [poss] [obj],account,I saw my neighbor's account
Community/Acquaintance,neighbor,I saw [poss] [obj],Reddit,I saw my neighbor's Reddit
Community/Acquaintance,neighbor,I saw [poss] [obj],profile,I saw my neighbor's profile
Community/Acquaintance,neighbor,I saw [poss] [obj],thread,I saw my neighbor's thread
Community/Acquaintance,neighbor,I saw [poss] [obj],username,I saw my neighbor's username
Community/Acquaintance,neighbor,I recognized [poss] [obj],post,I recognized my neighbor's post
Community/Acquaintance,neighbor,I recognized [poss] [obj],posts,I recognized my neighbor's posts
Community/Acquaintance,neighbor,I recognized [poss] [obj],comment,I recognized my neighbor's comment
Community/Acquaintance,neighbor,I recognized [poss] [obj],account,I recognized my neighbor's account
Community/Acquaintance,neighbor,I recognized [poss] [obj],Reddit,I recognized my neighbor's Reddit
Community/Acquaintance,neighbor,I recognized [poss] [obj],profile,I recognized my neighbor's profile
Community/Acquaintance,neighbor,I recognized [poss] [obj],thread,I recognized my neighbor's thread
Community/Acquaintance,neighbor,I recognized [poss] [obj],username,I recognized my neighbor's username
Community/Acquaintance,neighbor,I came across [poss] [obj],post,I came across my neighbor's post
Community/Acquaintance,neighbor,I came across [poss] [obj],posts,I came across my neighbor's posts
Community/Acquaintance,neighbor,I came across [poss] [obj],comment,I came across my neighbor's comment
Community/Acquaintance,neighbor,I came across [poss] [obj],account,I came across my neighbor's account
Community/Acquaintance,neighbor,I came across [poss] [obj],Reddit,I came across my neighbor's Reddit
Community/Acquaintance,neighbor,I came across [poss] [obj],profile,I came across my neighbor's profile
Community/Acquaintance,neighbor,I came across [poss] [obj],thread,I came across my neighbor's thread
Community/Acquaintance,neighbor,I came across [poss] [obj],username,I came across my neighbor's username
Community/Acquaintance,neighbor,I stumbled across [poss] [obj],post,I stumbled across my neighbor's post
Community/Acquaintance,neighbor,I stumbled across [poss] [obj],posts,I stumbled across my neighbor's posts
Community/Acquaintance,neighbor,I stumbled across [poss] [obj],comment,I stumbled across my neighbor's comment
Community/Acquaintance,neighbor,I stumbled across [poss] [obj],account,I stumbled across my neighbor's account
Community/Acquaintance,neighbor,I stumbled across [poss] [obj],Reddit,I stumbled across my neighbor's Reddit
Community/Acquaintance,neighbor,I stumbled across [poss] [obj],profile,I stumbled across my neighbor's profile
Community/Acquaintance,neighbor,I stumbled across [poss] [obj],thread,I stumbled across my neighbor's thread
Community/Acquaintance,neighbor,I stumbled across [poss] [obj],username,I stumbled across my neighbor's username
Community/Acquaintance,neighbor,Is this [poss] [obj],post,Is this my neighbor's post
Community/Acquaintance,neighbor,Is this [poss] [obj],posts,Is this my neighbor's posts
Community/Acquaintance,neighbor,Is this [poss] [obj],comment,Is this my neighbor's comment
Community/Acquaintance,neighbor,Is this [poss] [obj],account,Is this my neighbor's account
Community/Acquaintance,neighbor,Is this [poss] [obj],Reddit,Is this my neighbor's Reddit
Community/Acquaintance,neighbor,Is this [poss] [obj],profile,Is this my neighbor's profile
Community/Acquaintance,neighbor,Is this [poss] [obj],thread,Is this my neighbor's thread
Community/Acquaintance,neighbor,Is this [poss] [obj],username,Is this my neighbor's username
Community/Acquaintance,neighbor,I found out [subj_lower] posts on Reddit,,I found out my neighbor posts on Reddit
Community/Acquaintance,neighbor,I found out [subj_lower] is on Reddit,,I found out my neighbor is on Reddit
Community/Acquaintance,neighbor,I think [subj_lower] is a redditor,,I think my neighbor is a redditor
Family,parent,I found [poss] [obj],post,I found my parent's post
Family,parent,I found [poss] [obj],posts,I found my parent's posts
Family,parent,I found [poss] [obj],comment,I found my parent's comment
Family,parent,I found [poss] [obj],account,I found my parent's account
Family,parent,I found [poss] [obj],Reddit,I found my parent's Reddit
Family,parent,I found [poss] [obj],profile,I found my parent's profile
Family,parent,I found [poss] [obj],thread,I found my parent's thread
Family,parent,I found [poss] [obj],username,I found my parent's username
Family,parent,Found [poss] [obj],post,Found my parent's post
Family,parent,Found [poss] [obj],posts,Found my parent's posts
Family,parent,Found [poss] [obj],comment,Found my parent's comment
Family,parent,Found [poss] [obj],account,Found my parent's account
Family,parent,Found [poss] [obj],Reddit,Found my parent's Reddit
Family,parent,Found [poss] [obj],profile,Found my parent's profile
Family,parent,Found [poss] [obj],thread,Found my parent's thread
Family,parent,Found [poss] [obj],username,Found my parent's username
Family,parent,I saw [poss] [obj],post,I saw my parent's post
Family,parent,I saw [poss] [obj],posts,I saw my parent's posts
Family,parent,I saw [poss] [obj],comment,I saw my parent's comment
Family,parent,I saw [poss] [obj],account,I saw my parent's account
Family,parent,I saw [poss] [obj],Reddit,I saw my parent's Reddit
Family,parent,I saw [poss] [obj],profile,I saw my parent's profile
Family,parent,I saw [poss] [obj],thread,I saw my parent's thread
Family,parent,I saw [poss] [obj],username,I saw my parent's username
Family,parent,I recognized [poss] [obj],post,I recognized my parent's post
Family,parent,I recognized [poss] [obj],posts,I recognized my parent's posts
Family,parent,I recognized [poss] [obj],comment,I recognized my parent's comment
Family,parent,I recognized [poss] [obj],account,I recognized my parent's account
Family,parent,I recognized [poss] [obj],Reddit,I recognized my parent's Reddit
Family,parent,I recognized [poss] [obj],profile,I recognized my parent's profile
Family,parent,I recognized [poss] [obj],thread,I recognized my parent's thread
Family,parent,I recognized [poss] [obj],username,I recognized my parent's username
Family,parent,I came across [poss] [obj],post,I came across my parent's post
Family,parent,I came across [poss] [obj],posts,I came across my parent's posts
Family,parent,I came across [poss] [obj],comment,I came across my parent's comment
Family,parent,I came across [poss] [obj],account,I came across my parent's account
Family,parent,I came across [poss] [obj],Reddit,I came across my parent's Reddit
Family,parent,I came across [poss] [obj],profile,I came across my parent's profile
Family,parent,I came across [poss] [obj],thread,I came across my parent's thread
Family,parent,I came across [poss] [obj],username,I came across my parent's username
Family,parent,I stumbled across [poss] [obj],post,I stumbled across my parent's post
Family,parent,I stumbled across [poss] [obj],posts,I stumbled across my parent's posts
Family,parent,I stumbled across [poss] [obj],comment,I stumbled across my parent's comment
Family,parent,I stumbled across [poss] [obj],account,I stumbled across my parent's account
Family,parent,I stumbled across [poss] [obj],Reddit,I stumbled across my parent's Reddit
Family,parent,I stumbled across [poss] [obj],profile,I stumbled across my parent's profile
Family,parent,I stumbled across [poss] [obj],thread,I stumbled across my parent's thread
Family,parent,I stumbled across [poss] [obj],username,I stumbled across my parent's username
Family,parent,Is this [poss] [obj],post,Is this my parent's post
Family,parent,Is this [poss] [obj],posts,Is this my parent's posts
Family,parent,Is this [poss] [obj],comment,Is this my parent's comment
Family,parent,Is this [poss] [obj],account,Is this my parent's account
Family,parent,Is this [poss] [obj],Reddit,Is this my parent's Reddit
Family,parent,Is this [poss] [obj],profile,Is this my parent's profile
Family,parent,Is this [poss] [obj],thread,Is this my parent's thread
Family,parent,Is this [poss] [obj],username,Is this my parent's username
Family,parent,I found out [subj_lower] posts on Reddit,,I found out my parent posts on Reddit
Family,parent,I found out [subj_lower] is on Reddit,,I found out my parent is on Reddit
Family,parent,I think [subj_lower] is a redditor,,I think my parent is a redditor
Family,parents,I found [poss] [obj],post,I found my parents' post
Family,parents,I found [poss] [obj],posts,I found my parents' posts
Family,parents,I found [poss] [obj],comment,I found my parents' comment
Family,parents,I found [poss] [obj],account,I found my parents' account
Family,parents,I found [poss] [obj],Reddit,I found my parents' Reddit
Family,parents,I found [poss] [obj],profile,I found my parents' profile
Family,parents,I found [poss] [obj],thread,I found my parents' thread
Family,parents,I found [poss] [obj],username,I found my parents' username
Family,parents,Found [poss] [obj],post,Found my parents' post
Family,parents,Found [poss] [obj],posts,Found my parents' posts
Family,parents,Found [poss] [obj],comment,Found my parents' comment
Family,parents,Found [poss] [obj],account,Found my parents' account
Family,parents,Found [poss] [obj],Reddit,Found my parents' Reddit
Family,parents,Found [poss] [obj],profile,Found my parents' profile
Family,parents,Found [poss] [obj],thread,Found my parents' thread
Family,parents,Found [poss] [obj],username,Found my parents' username
Family,parents,I saw [poss] [obj],post,I saw my parents' post
Family,parents,I saw [poss] [obj],posts,I saw my parents' posts
Family,parents,I saw [poss] [obj],comment,I saw my parents' comment
Family,parents,I saw [poss] [obj],account,I saw my parents' account
Family,parents,I saw [poss] [obj],Reddit,I saw my parents' Reddit
Family,parents,I saw [poss] [obj],profile,I saw my parents' profile
Family,parents,I saw [poss] [obj],thread,I saw my parents' thread
Family,parents,I saw [poss] [obj],username,I saw my parents' username
Family,parents,I recognized [poss] [obj],post,I recognized my parents' post
Family,parents,I recognized [poss] [obj],posts,I recognized my parents' posts
Family,parents,I recognized [poss] [obj],comment,I recognized my parents' comment
Family,parents,I recognized [poss] [obj],account,I recognized my parents' account
Family,parents,I recognized [poss] [obj],Reddit,I recognized my parents' Reddit
Family,parents,I recognized [poss] [obj],profile,I recognized my parents' profile
Family,parents,I recognized [poss] [obj],thread,I recognized my parents' thread
Family,parents,I recognized [poss] [obj],username,I recognized my parents' username
Family,parents,I came across [poss] [obj],post,I came across my parents' post
Family,parents,I came across [poss] [obj],posts,I came across my parents' posts
Family,parents,I came across [poss] [obj],comment,I came across my parents' comment
Family,parents,I came across [poss] [obj],account,I came across my parents' account
Family,parents,I came across [poss] [obj],Reddit,I came across my parents' Reddit
Family,parents,I came across [poss] [obj],profile,I came across my parents' profile
Family,parents,I came across [poss] [obj],thread,I came across my parents' thread
Family,parents,I came across [poss] [obj],username,I came across my parents' username
Family,parents,I stumbled across [poss] [obj],post,I stumbled across my parents' post
Family,parents,I stumbled across [poss] [obj],posts,I stumbled across my parents' posts
Family,parents,I stumbled across [poss] [obj],comment,I stumbled across my parents' comment
Family,parents,I stumbled across [poss] [obj],account,I stumbled across my parents' account
Family,parents,I stumbled across [poss] [obj],Reddit,I stumbled across my parents' Reddit
Family,parents,I stumbled across [poss] [obj],profile,I stumbled across my parents' profile
Family,parents,I stumbled across [poss] [obj],thread,I stumbled across my parents' thread
Family,parents,I stumbled across [poss] [obj],username,I stumbled across my parents' username
Family,parents,Is this [poss] [obj],post,Is this my parents' post
Family,parents,Is this [poss] [obj],posts,Is this my parents' posts
Family,parents,Is this [poss] [obj],comment,Is this my parents' comment
Family,parents,Is this [poss] [obj],account,Is this my parents' account
Family,parents,Is this [poss] [obj],Reddit,Is this my parents' Reddit
Family,parents,Is this [poss] [obj],profile,Is this my parents' profile
Family,parents,Is this [poss] [obj],thread,Is this my parents' thread
Family,parents,Is this [poss] [obj],username,Is this my parents' username
Family,parents,I found out [subj_lower] posts on Reddit,,I found out my parents posts on Reddit
Family,parents,I found out [subj_lower] is on Reddit,,I found out my parents is on Reddit
Family,parents,I think [subj_lower] is a redditor,,I think my parents is a redditor
Romantic partner,partner,I found [poss] [obj],post,I found my partner's post
Romantic partner,partner,I found [poss] [obj],posts,I found my partner's posts
Romantic partner,partner,I found [poss] [obj],comment,I found my partner's comment
Romantic partner,partner,I found [poss] [obj],account,I found my partner's account
Romantic partner,partner,I found [poss] [obj],Reddit,I found my partner's Reddit
Romantic partner,partner,I found [poss] [obj],profile,I found my partner's profile
Romantic partner,partner,I found [poss] [obj],thread,I found my partner's thread
Romantic partner,partner,I found [poss] [obj],username,I found my partner's username
Romantic partner,partner,Found [poss] [obj],post,Found my partner's post
Romantic partner,partner,Found [poss] [obj],posts,Found my partner's posts
Romantic partner,partner,Found [poss] [obj],comment,Found my partner's comment
Romantic partner,partner,Found [poss] [obj],account,Found my partner's account
Romantic partner,partner,Found [poss] [obj],Reddit,Found my partner's Reddit
Romantic partner,partner,Found [poss] [obj],profile,Found my partner's profile
Romantic partner,partner,Found [poss] [obj],thread,Found my partner's thread
Romantic partner,partner,Found [poss] [obj],username,Found my partner's username
Romantic partner,partner,I saw [poss] [obj],post,I saw my partner's post
Romantic partner,partner,I saw [poss] [obj],posts,I saw my partner's posts
Romantic partner,partner,I saw [poss] [obj],comment,I saw my partner's comment
Romantic partner,partner,I saw [poss] [obj],account,I saw my partner's account
Romantic partner,partner,I saw [poss] [obj],Reddit,I saw my partner's Reddit
Romantic partner,partner,I saw [poss] [obj],profile,I saw my partner's profile
Romantic partner,partner,I saw [poss] [obj],thread,I saw my partner's thread
Romantic partner,partner,I saw [poss] [obj],username,I saw my partner's username
Romantic partner,partner,I recognized [poss] [obj],post,I recognized my partner's post
Romantic partner,partner,I recognized [poss] [obj],posts,I recognized my partner's posts
Romantic partner,partner,I recognized [poss] [obj],comment,I recognized my partner's comment
Romantic partner,partner,I recognized [poss] [obj],account,I recognized my partner's account
Romantic partner,partner,I recognized [poss] [obj],Reddit,I recognized my partner's Reddit
Romantic partner,partner,I recognized [poss] [obj],profile,I recognized my partner's profile
Romantic partner,partner,I recognized [poss] [obj],thread,I recognized my partner's thread
Romantic partner,partner,I recognized [poss] [obj],username,I recognized my partner's username
Romantic partner,partner,I came across [poss] [obj],post,I came across my partner's post
Romantic partner,partner,I came across [poss] [obj],posts,I came across my partner's posts
Romantic partner,partner,I came across [poss] [obj],comment,I came across my partner's comment
Romantic partner,partner,I came across [poss] [obj],account,I came across my partner's account
Romantic partner,partner,I came across [poss] [obj],Reddit,I came across my partner's Reddit
Romantic partner,partner,I came across [poss] [obj],profile,I came across my partner's profile
Romantic partner,partner,I came across [poss] [obj],thread,I came across my partner's thread
Romantic partner,partner,I came across [poss] [obj],username,I came across my partner's username
Romantic partner,partner,I stumbled across [poss] [obj],post,I stumbled across my partner's post
Romantic partner,partner,I stumbled across [poss] [obj],posts,I stumbled across my partner's posts
Romantic partner,partner,I stumbled across [poss] [obj],comment,I stumbled across my partner's comment
Romantic partner,partner,I stumbled across [poss] [obj],account,I stumbled across my partner's account
Romantic partner,partner,I stumbled across [poss] [obj],Reddit,I stumbled across my partner's Reddit
Romantic partner,partner,I stumbled across [poss] [obj],profile,I stumbled across my partner's profile
Romantic partner,partner,I stumbled across [poss] [obj],thread,I stumbled across my partner's thread
Romantic partner,partner,I stumbled across [poss] [obj],username,I stumbled across my partner's username
Romantic partner,partner,Is this [poss] [obj],post,Is this my partner's post
Romantic partner,partner,Is this [poss] [obj],posts,Is this my partner's posts
Romantic partner,partner,Is this [poss] [obj],comment,Is this my partner's comment
Romantic partner,partner,Is this [poss] [obj],account,Is this my partner's account
Romantic partner,partner,Is this [poss] [obj],Reddit,Is this my partner's Reddit
Romantic partner,partner,Is this [poss] [obj],profile,Is this my partner's profile
Romantic partner,partner,Is this [poss] [obj],thread,Is this my partner's thread
Romantic partner,partner,Is this [poss] [obj],username,Is this my partner's username
Romantic partner,partner,I found out [subj_lower] posts on Reddit,,I found out my partner posts on Reddit
Romantic partner,partner,I found out [subj_lower] is on Reddit,,I found out my partner is on Reddit
Romantic partner,partner,I think [subj_lower] is a redditor,,I think my partner is a redditor
School-based,professor,I found [poss] [obj],post,I found my professor's post
School-based,professor,I found [poss] [obj],posts,I found my professor's posts
School-based,professor,I found [poss] [obj],comment,I found my professor's comment
School-based,professor,I found [poss] [obj],account,I found my professor's account
School-based,professor,I found [poss] [obj],Reddit,I found my professor's Reddit
School-based,professor,I found [poss] [obj],profile,I found my professor's profile
School-based,professor,I found [poss] [obj],thread,I found my professor's thread
School-based,professor,I found [poss] [obj],username,I found my professor's username
School-based,professor,Found [poss] [obj],post,Found my professor's post
School-based,professor,Found [poss] [obj],posts,Found my professor's posts
School-based,professor,Found [poss] [obj],comment,Found my professor's comment
School-based,professor,Found [poss] [obj],account,Found my professor's account
School-based,professor,Found [poss] [obj],Reddit,Found my professor's Reddit
School-based,professor,Found [poss] [obj],profile,Found my professor's profile
School-based,professor,Found [poss] [obj],thread,Found my professor's thread
School-based,professor,Found [poss] [obj],username,Found my professor's username
School-based,professor,I saw [poss] [obj],post,I saw my professor's post
School-based,professor,I saw [poss] [obj],posts,I saw my professor's posts
School-based,professor,I saw [poss] [obj],comment,I saw my professor's comment
School-based,professor,I saw [poss] [obj],account,I saw my professor's account
School-based,professor,I saw [poss] [obj],Reddit,I saw my professor's Reddit
School-based,professor,I saw [poss] [obj],profile,I saw my professor's profile
School-based,professor,I saw [poss] [obj],thread,I saw my professor's thread
School-based,professor,I saw [poss] [obj],username,I saw my professor's username
School-based,professor,I recognized [poss] [obj],post,I recognized my professor's post
School-based,professor,I recognized [poss] [obj],posts,I recognized my professor's posts
School-based,professor,I recognized [poss] [obj],comment,I recognized my professor's comment
School-based,professor,I recognized [poss] [obj],account,I recognized my professor's account
School-based,professor,I recognized [poss] [obj],Reddit,I recognized my professor's Reddit
School-based,professor,I recognized [poss] [obj],profile,I recognized my professor's profile
School-based,professor,I recognized [poss] [obj],thread,I recognized my professor's thread
School-based,professor,I recognized [poss] [obj],username,I recognized my professor's username
School-based,professor,I came across [poss] [obj],post,I came across my professor's post
School-based,professor,I came across [poss] [obj],posts,I came across my professor's posts
School-based,professor,I came across [poss] [obj],comment,I came across my professor's comment
School-based,professor,I came across [poss] [obj],account,I came across my professor's account
School-based,professor,I came across [poss] [obj],Reddit,I came across my professor's Reddit
School-based,professor,I came across [poss] [obj],profile,I came across my professor's profile
School-based,professor,I came across [poss] [obj],thread,I came across my professor's thread
School-based,professor,I came across [poss] [obj],username,I came across my professor's username
School-based,professor,I stumbled across [poss] [obj],post,I stumbled across my professor's post
School-based,professor,I stumbled across [poss] [obj],posts,I stumbled across my professor's posts
School-based,professor,I stumbled across [poss] [obj],comment,I stumbled across my professor's comment
School-based,professor,I stumbled across [poss] [obj],account,I stumbled across my professor's account
School-based,professor,I stumbled across [poss] [obj],Reddit,I stumbled across my professor's Reddit
School-based,professor,I stumbled across [poss] [obj],profile,I stumbled across my professor's profile
School-based,professor,I stumbled across [poss] [obj],thread,I stumbled across my professor's thread
School-based,professor,I stumbled across [poss] [obj],username,I stumbled across my professor's username
School-based,professor,Is this [poss] [obj],post,Is this my professor's post
School-based,professor,Is this [poss] [obj],posts,Is this my professor's posts
School-based,professor,Is this [poss] [obj],comment,Is this my professor's comment
School-based,professor,Is this [poss] [obj],account,Is this my professor's account
School-based,professor,Is this [poss] [obj],Reddit,Is this my professor's Reddit
School-based,professor,Is this [poss] [obj],profile,Is this my professor's profile
School-based,professor,Is this [poss] [obj],thread,Is this my professor's thread
School-based,professor,Is this [poss] [obj],username,Is this my professor's username
School-based,professor,I found out [subj_lower] posts on Reddit,,I found out my professor posts on Reddit
School-based,professor,I found out [subj_lower] is on Reddit,,I found out my professor is on Reddit
School-based,professor,I think [subj_lower] is a redditor,,I think my professor is a redditor
Community/Acquaintance,property manager,I found [poss] [obj],post,I found my property manager's post
Community/Acquaintance,property manager,I found [poss] [obj],posts,I found my property manager's posts
Community/Acquaintance,property manager,I found [poss] [obj],comment,I found my property manager's comment
Community/Acquaintance,property manager,I found [poss] [obj],account,I found my property manager's account
Community/Acquaintance,property manager,I found [poss] [obj],Reddit,I found my property manager's Reddit
Community/Acquaintance,property manager,I found [poss] [obj],profile,I found my property manager's profile
Community/Acquaintance,property manager,I found [poss] [obj],thread,I found my property manager's thread
Community/Acquaintance,property manager,I found [poss] [obj],username,I found my property manager's username
Community/Acquaintance,property manager,Found [poss] [obj],post,Found my property manager's post
Community/Acquaintance,property manager,Found [poss] [obj],posts,Found my property manager's posts
Community/Acquaintance,property manager,Found [poss] [obj],comment,Found my property manager's comment
Community/Acquaintance,property manager,Found [poss] [obj],account,Found my property manager's account
Community/Acquaintance,property manager,Found [poss] [obj],Reddit,Found my property manager's Reddit
Community/Acquaintance,property manager,Found [poss] [obj],profile,Found my property manager's profile
Community/Acquaintance,property manager,Found [poss] [obj],thread,Found my property manager's thread
Community/Acquaintance,property manager,Found [poss] [obj],username,Found my property manager's username
Community/Acquaintance,property manager,I saw [poss] [obj],post,I saw my property manager's post
Community/Acquaintance,property manager,I saw [poss] [obj],posts,I saw my property manager's posts
Community/Acquaintance,property manager,I saw [poss] [obj],comment,I saw my property manager's comment
Community/Acquaintance,property manager,I saw [poss] [obj],account,I saw my property manager's account
Community/Acquaintance,property manager,I saw [poss] [obj],Reddit,I saw my property manager's Reddit
Community/Acquaintance,property manager,I saw [poss] [obj],profile,I saw my property manager's profile
Community/Acquaintance,property manager,I saw [poss] [obj],thread,I saw my property manager's thread
Community/Acquaintance,property manager,I saw [poss] [obj],username,I saw my property manager's username
Community/Acquaintance,property manager,I recognized [poss] [obj],post,I recognized my property manager's post
Community/Acquaintance,property manager,I recognized [poss] [obj],posts,I recognized my property manager's posts
Community/Acquaintance,property manager,I recognized [poss] [obj],comment,I recognized my property manager's comment
Community/Acquaintance,property manager,I recognized [poss] [obj],account,I recognized my property manager's account
Community/Acquaintance,property manager,I recognized [poss] [obj],Reddit,I recognized my property manager's Reddit
Community/Acquaintance,property manager,I recognized [poss] [obj],profile,I recognized my property manager's profile
Community/Acquaintance,property manager,I recognized [poss] [obj],thread,I recognized my property manager's thread
Community/Acquaintance,property manager,I recognized [poss] [obj],username,I recognized my property manager's username
Community/Acquaintance,property manager,I came across [poss] [obj],post,I came across my property manager's post
Community/Acquaintance,property manager,I came across [poss] [obj],posts,I came across my property manager's posts
Community/Acquaintance,property manager,I came across [poss] [obj],comment,I came across my property manager's comment
Community/Acquaintance,property manager,I came across [poss] [obj],account,I came across my property manager's account
Community/Acquaintance,property manager,I came across [poss] [obj],Reddit,I came across my property manager's Reddit
Community/Acquaintance,property manager,I came across [poss] [obj],profile,I came across my property manager's profile
Community/Acquaintance,property manager,I came across [poss] [obj],thread,I came across my property manager's thread
Community/Acquaintance,property manager,I came across [poss] [obj],username,I came across my property manager's username
Community/Acquaintance,property manager,I stumbled across [poss] [obj],post,I stumbled across my property manager's post
Community/Acquaintance,property manager,I stumbled across [poss] [obj],posts,I stumbled across my property manager's posts
Community/Acquaintance,property manager,I stumbled across [poss] [obj],comment,I stumbled across my property manager's comment
Community/Acquaintance,property manager,I stumbled across [poss] [obj],account,I stumbled across my property manager's account
Community/Acquaintance,property manager,I stumbled across [poss] [obj],Reddit,I stumbled across my property manager's Reddit
Community/Acquaintance,property manager,I stumbled across [poss] [obj],profile,I stumbled across my property manager's profile
Community/Acquaintance,property manager,I stumbled across [poss] [obj],thread,I stumbled across my property manager's thread
Community/Acquaintance,property manager,I stumbled across [poss] [obj],username,I stumbled across my property manager's username
Community/Acquaintance,property manager,Is this [poss] [obj],post,Is this my property manager's post
Community/Acquaintance,property manager,Is this [poss] [obj],posts,Is this my property manager's posts
Community/Acquaintance,property manager,Is this [poss] [obj],comment,Is this my property manager's comment
Community/Acquaintance,property manager,Is this [poss] [obj],account,Is this my property manager's account
Community/Acquaintance,property manager,Is this [poss] [obj],Reddit,Is this my property manager's Reddit
Community/Acquaintance,property manager,Is this [poss] [obj],profile,Is this my property manager's profile
Community/Acquaintance,property manager,Is this [poss] [obj],thread,Is this my property manager's thread
Community/Acquaintance,property manager,Is this [poss] [obj],username,Is this my property manager's username
Community/Acquaintance,property manager,I found out [subj_lower] posts on Reddit,,I found out my property manager posts on Reddit
Community/Acquaintance,property manager,I found out [subj_lower] is on Reddit,,I found out my property manager is on Reddit
Community/Acquaintance,property manager,I think [subj_lower] is a redditor,,I think my property manager is a redditor
School-based,school,I found [poss] [obj],post,I found my school's post
School-based,school,I found [poss] [obj],posts,I found my school's posts
School-based,school,I found [poss] [obj],comment,I found my school's comment
School-based,school,I found [poss] [obj],account,I found my school's account
School-based,school,I found [poss] [obj],Reddit,I found my school's Reddit
School-based,school,I found [poss] [obj],profile,I found my school's profile
School-based,school,I found [poss] [obj],thread,I found my school's thread
School-based,school,I found [poss] [obj],username,I found my school's username
School-based,school,Found [poss] [obj],post,Found my school's post
School-based,school,Found [poss] [obj],posts,Found my school's posts
School-based,school,Found [poss] [obj],comment,Found my school's comment
School-based,school,Found [poss] [obj],account,Found my school's account
School-based,school,Found [poss] [obj],Reddit,Found my school's Reddit
School-based,school,Found [poss] [obj],profile,Found my school's profile
School-based,school,Found [poss] [obj],thread,Found my school's thread
School-based,school,Found [poss] [obj],username,Found my school's username
School-based,school,I saw [poss] [obj],post,I saw my school's post
School-based,school,I saw [poss] [obj],posts,I saw my school's posts
School-based,school,I saw [poss] [obj],comment,I saw my school's comment
School-based,school,I saw [poss] [obj],account,I saw my school's account
School-based,school,I saw [poss] [obj],Reddit,I saw my school's Reddit
School-based,school,I saw [poss] [obj],profile,I saw my school's profile
School-based,school,I saw [poss] [obj],thread,I saw my school's thread
School-based,school,I saw [poss] [obj],username,I saw my school's username
School-based,school,I recognized [poss] [obj],post,I recognized my school's post
School-based,school,I recognized [poss] [obj],posts,I recognized my school's posts
School-based,school,I recognized [poss] [obj],comment,I recognized my school's comment
School-based,school,I recognized [poss] [obj],account,I recognized my school's account
School-based,school,I recognized [poss] [obj],Reddit,I recognized my school's Reddit
School-based,school,I recognized [poss] [obj],profile,I recognized my school's profile
School-based,school,I recognized [poss] [obj],thread,I recognized my school's thread
School-based,school,I recognized [poss] [obj],username,I recognized my school's username
School-based,school,I came across [poss] [obj],post,I came across my school's post
School-based,school,I came across [poss] [obj],posts,I came across my school's posts
School-based,school,I came across [poss] [obj],comment,I came across my school's comment
School-based,school,I came across [poss] [obj],account,I came across my school's account
School-based,school,I came across [poss] [obj],Reddit,I came across my school's Reddit
School-based,school,I came across [poss] [obj],profile,I came across my school's profile
School-based,school,I came across [poss] [obj],thread,I came across my school's thread
School-based,school,I came across [poss] [obj],username,I came across my school's username
School-based,school,I stumbled across [poss] [obj],post,I stumbled across my school's post
School-based,school,I stumbled across [poss] [obj],posts,I stumbled across my school's posts
School-based,school,I stumbled across [poss] [obj],comment,I stumbled across my school's comment
School-based,school,I stumbled across [poss] [obj],account,I stumbled across my school's account
School-based,school,I stumbled across [poss] [obj],Reddit,I stumbled across my school's Reddit
School-based,school,I stumbled across [poss] [obj],profile,I stumbled across my school's profile
School-based,school,I stumbled across [poss] [obj],thread,I stumbled across my school's thread
School-based,school,I stumbled across [poss] [obj],username,I stumbled across my school's username
School-based,school,Is this [poss] [obj],post,Is this my school's post
School-based,school,Is this [poss] [obj],posts,Is this my school's posts
School-based,school,Is this [poss] [obj],comment,Is this my school's comment
School-based,school,Is this [poss] [obj],account,Is this my school's account
School-based,school,Is this [poss] [obj],Reddit,Is this my school's Reddit
School-based,school,Is this [poss] [obj],profile,Is this my school's profile
School-based,school,Is this [poss] [obj],thread,Is this my school's thread
School-based,school,Is this [poss] [obj],username,Is this my school's username
School-based,school,I found out [subj_lower] posts on Reddit,,I found out my school posts on Reddit
School-based,school,I found out [subj_lower] is on Reddit,,I found out my school is on Reddit
School-based,school,I think [subj_lower] is a redditor,,I think my school is a redditor
Family,sibling,I found [poss] [obj],post,I found my sibling's post
Family,sibling,I found [poss] [obj],posts,I found my sibling's posts
Family,sibling,I found [poss] [obj],comment,I found my sibling's comment
Family,sibling,I found [poss] [obj],account,I found my sibling's account
Family,sibling,I found [poss] [obj],Reddit,I found my sibling's Reddit
Family,sibling,I found [poss] [obj],profile,I found my sibling's profile
Family,sibling,I found [poss] [obj],thread,I found my sibling's thread
Family,sibling,I found [poss] [obj],username,I found my sibling's username
Family,sibling,Found [poss] [obj],post,Found my sibling's post
Family,sibling,Found [poss] [obj],posts,Found my sibling's posts
Family,sibling,Found [poss] [obj],comment,Found my sibling's comment
Family,sibling,Found [poss] [obj],account,Found my sibling's account
Family,sibling,Found [poss] [obj],Reddit,Found my sibling's Reddit
Family,sibling,Found [poss] [obj],profile,Found my sibling's profile
Family,sibling,Found [poss] [obj],thread,Found my sibling's thread
Family,sibling,Found [poss] [obj],username,Found my sibling's username
Family,sibling,I saw [poss] [obj],post,I saw my sibling's post
Family,sibling,I saw [poss] [obj],posts,I saw my sibling's posts
Family,sibling,I saw [poss] [obj],comment,I saw my sibling's comment
Family,sibling,I saw [poss] [obj],account,I saw my sibling's account
Family,sibling,I saw [poss] [obj],Reddit,I saw my sibling's Reddit
Family,sibling,I saw [poss] [obj],profile,I saw my sibling's profile
Family,sibling,I saw [poss] [obj],thread,I saw my sibling's thread
Family,sibling,I saw [poss] [obj],username,I saw my sibling's username
Family,sibling,I recognized [poss] [obj],post,I recognized my sibling's post
Family,sibling,I recognized [poss] [obj],posts,I recognized my sibling's posts
Family,sibling,I recognized [poss] [obj],comment,I recognized my sibling's comment
Family,sibling,I recognized [poss] [obj],account,I recognized my sibling's account
Family,sibling,I recognized [poss] [obj],Reddit,I recognized my sibling's Reddit
Family,sibling,I recognized [poss] [obj],profile,I recognized my sibling's profile
Family,sibling,I recognized [poss] [obj],thread,I recognized my sibling's thread
Family,sibling,I recognized [poss] [obj],username,I recognized my sibling's username
Family,sibling,I came across [poss] [obj],post,I came across my sibling's post
Family,sibling,I came across [poss] [obj],posts,I came across my sibling's posts
Family,sibling,I came across [poss] [obj],comment,I came across my sibling's comment
Family,sibling,I came across [poss] [obj],account,I came across my sibling's account
Family,sibling,I came across [poss] [obj],Reddit,I came across my sibling's Reddit
Family,sibling,I came across [poss] [obj],profile,I came across my sibling's profile
Family,sibling,I came across [poss] [obj],thread,I came across my sibling's thread
Family,sibling,I came across [poss] [obj],username,I came across my sibling's username
Family,sibling,I stumbled across [poss] [obj],post,I stumbled across my sibling's post
Family,sibling,I stumbled across [poss] [obj],posts,I stumbled across my sibling's posts
Family,sibling,I stumbled across [poss] [obj],comment,I stumbled across my sibling's comment
Family,sibling,I stumbled across [poss] [obj],account,I stumbled across my sibling's account
Family,sibling,I stumbled across [poss] [obj],Reddit,I stumbled across my sibling's Reddit
Family,sibling,I stumbled across [poss] [obj],profile,I stumbled across my sibling's profile
Family,sibling,I stumbled across [poss] [obj],thread,I stumbled across my sibling's thread
Family,sibling,I stumbled across [poss] [obj],username,I stumbled across my sibling's username
Family,sibling,Is this [poss] [obj],post,Is this my sibling's post
Family,sibling,Is this [poss] [obj],posts,Is this my sibling's posts
Family,sibling,Is this [poss] [obj],comment,Is this my sibling's comment
Family,sibling,Is this [poss] [obj],account,Is this my sibling's account
Family,sibling,Is this [poss] [obj],Reddit,Is this my sibling's Reddit
Family,sibling,Is this [poss] [obj],profile,Is this my sibling's profile
Family,sibling,Is this [poss] [obj],thread,Is this my sibling's thread
Family,sibling,Is this [poss] [obj],username,Is this my sibling's username
Family,sibling,I found out [subj_lower] posts on Reddit,,I found out my sibling posts on Reddit
Family,sibling,I found out [subj_lower] is on Reddit,,I found out my sibling is on Reddit
Family,sibling,I think [subj_lower] is a redditor,,I think my sibling is a redditor
Family,siblings,I found [poss] [obj],post,I found my siblings' post
Family,siblings,I found [poss] [obj],posts,I found my siblings' posts
Family,siblings,I found [poss] [obj],comment,I found my siblings' comment
Family,siblings,I found [poss] [obj],account,I found my siblings' account
Family,siblings,I found [poss] [obj],Reddit,I found my siblings' Reddit
Family,siblings,I found [poss] [obj],profile,I found my siblings' profile
Family,siblings,I found [poss] [obj],thread,I found my siblings' thread
Family,siblings,I found [poss] [obj],username,I found my siblings' username
Family,siblings,Found [poss] [obj],post,Found my siblings' post
Family,siblings,Found [poss] [obj],posts,Found my siblings' posts
Family,siblings,Found [poss] [obj],comment,Found my siblings' comment
Family,siblings,Found [poss] [obj],account,Found my siblings' account
Family,siblings,Found [poss] [obj],Reddit,Found my siblings' Reddit
Family,siblings,Found [poss] [obj],profile,Found my siblings' profile
Family,siblings,Found [poss] [obj],thread,Found my siblings' thread
Family,siblings,Found [poss] [obj],username,Found my siblings' username
Family,siblings,I saw [poss] [obj],post,I saw my siblings' post
Family,siblings,I saw [poss] [obj],posts,I saw my siblings' posts
Family,siblings,I saw [poss] [obj],comment,I saw my siblings' comment
Family,siblings,I saw [poss] [obj],account,I saw my siblings' account
Family,siblings,I saw [poss] [obj],Reddit,I saw my siblings' Reddit
Family,siblings,I saw [poss] [obj],profile,I saw my siblings' profile
Family,siblings,I saw [poss] [obj],thread,I saw my siblings' thread
Family,siblings,I saw [poss] [obj],username,I saw my siblings' username
Family,siblings,I recognized [poss] [obj],post,I recognized my siblings' post
Family,siblings,I recognized [poss] [obj],posts,I recognized my siblings' posts
Family,siblings,I recognized [poss] [obj],comment,I recognized my siblings' comment
Family,siblings,I recognized [poss] [obj],account,I recognized my siblings' account
Family,siblings,I recognized [poss] [obj],Reddit,I recognized my siblings' Reddit
Family,siblings,I recognized [poss] [obj],profile,I recognized my siblings' profile
Family,siblings,I recognized [poss] [obj],thread,I recognized my siblings' thread
Family,siblings,I recognized [poss] [obj],username,I recognized my siblings' username
Family,siblings,I came across [poss] [obj],post,I came across my siblings' post
Family,siblings,I came across [poss] [obj],posts,I came across my siblings' posts
Family,siblings,I came across [poss] [obj],comment,I came across my siblings' comment
Family,siblings,I came across [poss] [obj],account,I came across my siblings' account
Family,siblings,I came across [poss] [obj],Reddit,I came across my siblings' Reddit
Family,siblings,I came across [poss] [obj],profile,I came across my siblings' profile
Family,siblings,I came across [poss] [obj],thread,I came across my siblings' thread
Family,siblings,I came across [poss] [obj],username,I came across my siblings' username
Family,siblings,I stumbled across [poss] [obj],post,I stumbled across my siblings' post
Family,siblings,I stumbled across [poss] [obj],posts,I stumbled across my siblings' posts
Family,siblings,I stumbled across [poss] [obj],comment,I stumbled across my siblings' comment
Family,siblings,I stumbled across [poss] [obj],account,I stumbled across my siblings' account
Family,siblings,I stumbled across [poss] [obj],Reddit,I stumbled across my siblings' Reddit
Family,siblings,I stumbled across [poss] [obj],profile,I stumbled across my siblings' profile
Family,siblings,I stumbled across [poss] [obj],thread,I stumbled across my siblings' thread
Family,siblings,I stumbled across [poss] [obj],username,I stumbled across my siblings' username
Family,siblings,Is this [poss] [obj],post,Is this my siblings' post
Family,siblings,Is this [poss] [obj],posts,Is this my siblings' posts
Family,siblings,Is this [poss] [obj],comment,Is this my siblings' comment
Family,siblings,Is this [poss] [obj],account,Is this my siblings' account
Family,siblings,Is this [poss] [obj],Reddit,Is this my siblings' Reddit
Family,siblings,Is this [poss] [obj],profile,Is this my siblings' profile
Family,siblings,Is this [poss] [obj],thread,Is this my siblings' thread
Family,siblings,Is this [poss] [obj],username,Is this my siblings' username
Family,siblings,I found out [subj_lower] posts on Reddit,,I found out my siblings posts on Reddit
Family,siblings,I found out [subj_lower] is on Reddit,,I found out my siblings is on Reddit
Family,siblings,I think [subj_lower] is a redditor,,I think my siblings is a redditor
Romantic partner,significant other,I found [poss] [obj],post,I found my significant other's post
Romantic partner,significant other,I found [poss] [obj],posts,I found my significant other's posts
Romantic partner,significant other,I found [poss] [obj],comment,I found my significant other's comment
Romantic partner,significant other,I found [poss] [obj],account,I found my significant other's account
Romantic partner,significant other,I found [poss] [obj],Reddit,I found my significant other's Reddit
Romantic partner,significant other,I found [poss] [obj],profile,I found my significant other's profile
Romantic partner,significant other,I found [poss] [obj],thread,I found my significant other's thread
Romantic partner,significant other,I found [poss] [obj],username,I found my significant other's username
Romantic partner,significant other,Found [poss] [obj],post,Found my significant other's post
Romantic partner,significant other,Found [poss] [obj],posts,Found my significant other's posts
Romantic partner,significant other,Found [poss] [obj],comment,Found my significant other's comment
Romantic partner,significant other,Found [poss] [obj],account,Found my significant other's account
Romantic partner,significant other,Found [poss] [obj],Reddit,Found my significant other's Reddit
Romantic partner,significant other,Found [poss] [obj],profile,Found my significant other's profile
Romantic partner,significant other,Found [poss] [obj],thread,Found my significant other's thread
Romantic partner,significant other,Found [poss] [obj],username,Found my significant other's username
Romantic partner,significant other,I saw [poss] [obj],post,I saw my significant other's post
Romantic partner,significant other,I saw [poss] [obj],posts,I saw my significant other's posts
Romantic partner,significant other,I saw [poss] [obj],comment,I saw my significant other's comment
Romantic partner,significant other,I saw [poss] [obj],account,I saw my significant other's account
Romantic partner,significant other,I saw [poss] [obj],Reddit,I saw my significant other's Reddit
Romantic partner,significant other,I saw [poss] [obj],profile,I saw my significant other's profile
Romantic partner,significant other,I saw [poss] [obj],thread,I saw my significant other's thread
Romantic partner,significant other,I saw [poss] [obj],username,I saw my significant other's username
Romantic partner,significant other,I recognized [poss] [obj],post,I recognized my significant other's post
Romantic partner,significant other,I recognized [poss] [obj],posts,I recognized my significant other's posts
Romantic partner,significant other,I recognized [poss] [obj],comment,I recognized my significant other's comment
Romantic partner,significant other,I recognized [poss] [obj],account,I recognized my significant other's account
Romantic partner,significant other,I recognized [poss] [obj],Reddit,I recognized my significant other's Reddit
Romantic partner,significant other,I recognized [poss] [obj],profile,I recognized my significant other's profile
Romantic partner,significant other,I recognized [poss] [obj],thread,I recognized my significant other's thread
Romantic partner,significant other,I recognized [poss] [obj],username,I recognized my significant other's username
Romantic partner,significant other,I came across [poss] [obj],post,I came across my significant other's post
Romantic partner,significant other,I came across [poss] [obj],posts,I came across my significant other's posts
Romantic partner,significant other,I came across [poss] [obj],comment,I came across my significant other's comment
Romantic partner,significant other,I came across [poss] [obj],account,I came across my significant other's account
Romantic partner,significant other,I came across [poss] [obj],Reddit,I came across my significant other's Reddit
Romantic partner,significant other,I came across [poss] [obj],profile,I came across my significant other's profile
Romantic partner,significant other,I came across [poss] [obj],thread,I came across my significant other's thread
Romantic partner,significant other,I came across [poss] [obj],username,I came across my significant other's username
Romantic partner,significant other,I stumbled across [poss] [obj],post,I stumbled across my significant other's post
Romantic partner,significant other,I stumbled across [poss] [obj],posts,I stumbled across my significant other's posts
Romantic partner,significant other,I stumbled across [poss] [obj],comment,I stumbled across my significant other's comment
Romantic partner,significant other,I stumbled across [poss] [obj],account,I stumbled across my significant other's account
Romantic partner,significant other,I stumbled across [poss] [obj],Reddit,I stumbled across my significant other's Reddit
Romantic partner,significant other,I stumbled across [poss] [obj],profile,I stumbled across my significant other's profile
Romantic partner,significant other,I stumbled across [poss] [obj],thread,I stumbled across my significant other's thread
Romantic partner,significant other,I stumbled across [poss] [obj],username,I stumbled across my significant other's username
Romantic partner,significant other,Is this [poss] [obj],post,Is this my significant other's post
Romantic partner,significant other,Is this [poss] [obj],posts,Is this my significant other's posts
Romantic partner,significant other,Is this [poss] [obj],comment,Is this my significant other's comment
Romantic partner,significant other,Is this [poss] [obj],account,Is this my significant other's account
Romantic partner,significant other,Is this [poss] [obj],Reddit,Is this my significant other's Reddit
Romantic partner,significant other,Is this [poss] [obj],profile,Is this my significant other's profile
Romantic partner,significant other,Is this [poss] [obj],thread,Is this my significant other's thread
Romantic partner,significant other,Is this [poss] [obj],username,Is this my significant other's username
Romantic partner,significant other,I found out [subj_lower] posts on Reddit,,I found out my significant other posts on Reddit
Romantic partner,significant other,I found out [subj_lower] is on Reddit,,I found out my significant other is on Reddit
Romantic partner,significant other,I think [subj_lower] is a redditor,,I think my significant other is a redditor
Family,sister,I found [poss] [obj],post,I found my sister's post
Family,sister,I found [poss] [obj],posts,I found my sister's posts
Family,sister,I found [poss] [obj],comment,I found my sister's comment
Family,sister,I found [poss] [obj],account,I found my sister's account
Family,sister,I found [poss] [obj],Reddit,I found my sister's Reddit
Family,sister,I found [poss] [obj],profile,I found my sister's profile
Family,sister,I found [poss] [obj],thread,I found my sister's thread
Family,sister,I found [poss] [obj],username,I found my sister's username
Family,sister,Found [poss] [obj],post,Found my sister's post
Family,sister,Found [poss] [obj],posts,Found my sister's posts
Family,sister,Found [poss] [obj],comment,Found my sister's comment
Family,sister,Found [poss] [obj],account,Found my sister's account
Family,sister,Found [poss] [obj],Reddit,Found my sister's Reddit
Family,sister,Found [poss] [obj],profile,Found my sister's profile
Family,sister,Found [poss] [obj],thread,Found my sister's thread
Family,sister,Found [poss] [obj],username,Found my sister's username
Family,sister,I saw [poss] [obj],post,I saw my sister's post
Family,sister,I saw [poss] [obj],posts,I saw my sister's posts
Family,sister,I saw [poss] [obj],comment,I saw my sister's comment
Family,sister,I saw [poss] [obj],account,I saw my sister's account
Family,sister,I saw [poss] [obj],Reddit,I saw my sister's Reddit
Family,sister,I saw [poss] [obj],profile,I saw my sister's profile
Family,sister,I saw [poss] [obj],thread,I saw my sister's thread
Family,sister,I saw [poss] [obj],username,I saw my sister's username
Family,sister,I recognized [poss] [obj],post,I recognized my sister's post
Family,sister,I recognized [poss] [obj],posts,I recognized my sister's posts
Family,sister,I recognized [poss] [obj],comment,I recognized my sister's comment
Family,sister,I recognized [poss] [obj],account,I recognized my sister's account
Family,sister,I recognized [poss] [obj],Reddit,I recognized my sister's Reddit
Family,sister,I recognized [poss] [obj],profile,I recognized my sister's profile
Family,sister,I recognized [poss] [obj],thread,I recognized my sister's thread
Family,sister,I recognized [poss] [obj],username,I recognized my sister's username
Family,sister,I came across [poss] [obj],post,I came across my sister's post
Family,sister,I came across [poss] [obj],posts,I came across my sister's posts
Family,sister,I came across [poss] [obj],comment,I came across my sister's comment
Family,sister,I came across [poss] [obj],account,I came across my sister's account
Family,sister,I came across [poss] [obj],Reddit,I came across my sister's Reddit
Family,sister,I came across [poss] [obj],profile,I came across my sister's profile
Family,sister,I came across [poss] [obj],thread,I came across my sister's thread
Family,sister,I came across [poss] [obj],username,I came across my sister's username
Family,sister,I stumbled across [poss] [obj],post,I stumbled across my sister's post
Family,sister,I stumbled across [poss] [obj],posts,I stumbled across my sister's posts
Family,sister,I stumbled across [poss] [obj],comment,I stumbled across my sister's comment
Family,sister,I stumbled across [poss] [obj],account,I stumbled across my sister's account
Family,sister,I stumbled across [poss] [obj],Reddit,I stumbled across my sister's Reddit
Family,sister,I stumbled across [poss] [obj],profile,I stumbled across my sister's profile
Family,sister,I stumbled across [poss] [obj],thread,I stumbled across my sister's thread
Family,sister,I stumbled across [poss] [obj],username,I stumbled across my sister's username
Family,sister,Is this [poss] [obj],post,Is this my sister's post
Family,sister,Is this [poss] [obj],posts,Is this my sister's posts
Family,sister,Is this [poss] [obj],comment,Is this my sister's comment
Family,sister,Is this [poss] [obj],account,Is this my sister's account
Family,sister,Is this [poss] [obj],Reddit,Is this my sister's Reddit
Family,sister,Is this [poss] [obj],profile,Is this my sister's profile
Family,sister,Is this [poss] [obj],thread,Is this my sister's thread
Family,sister,Is this [poss] [obj],username,Is this my sister's username
Family,sister,I found out [subj_lower] posts on Reddit,,I found out my sister posts on Reddit
Family,sister,I found out [subj_lower] is on Reddit,,I found out my sister is on Reddit
Family,sister,I think [subj_lower] is a redditor,,I think my sister is a redditor
Work-based,someone from work,I found [poss] [obj],post,I found someone from work's post
Work-based,someone from work,I found [poss] [obj],posts,I found someone from work's posts
Work-based,someone from work,I found [poss] [obj],comment,I found someone from work's comment
Work-based,someone from work,I found [poss] [obj],account,I found someone from work's account
Work-based,someone from work,I found [poss] [obj],Reddit,I found someone from work's Reddit
Work-based,someone from work,I found [poss] [obj],profile,I found someone from work's profile
Work-based,someone from work,I found [poss] [obj],thread,I found someone from work's thread
Work-based,someone from work,I found [poss] [obj],username,I found someone from work's username
Work-based,someone from work,Found [poss] [obj],post,Found someone from work's post
Work-based,someone from work,Found [poss] [obj],posts,Found someone from work's posts
Work-based,someone from work,Found [poss] [obj],comment,Found someone from work's comment
Work-based,someone from work,Found [poss] [obj],account,Found someone from work's account
Work-based,someone from work,Found [poss] [obj],Reddit,Found someone from work's Reddit
Work-based,someone from work,Found [poss] [obj],profile,Found someone from work's profile
Work-based,someone from work,Found [poss] [obj],thread,Found someone from work's thread
Work-based,someone from work,Found [poss] [obj],username,Found someone from work's username
Work-based,someone from work,I saw [poss] [obj],post,I saw someone from work's post
Work-based,someone from work,I saw [poss] [obj],posts,I saw someone from work's posts
Work-based,someone from work,I saw [poss] [obj],comment,I saw someone from work's comment
Work-based,someone from work,I saw [poss] [obj],account,I saw someone from work's account
Work-based,someone from work,I saw [poss] [obj],Reddit,I saw someone from work's Reddit
Work-based,someone from work,I saw [poss] [obj],profile,I saw someone from work's profile
Work-based,someone from work,I saw [poss] [obj],thread,I saw someone from work's thread
Work-based,someone from work,I saw [poss] [obj],username,I saw someone from work's username
Work-based,someone from work,I recognized [poss] [obj],post,I recognized someone from work's post
Work-based,someone from work,I recognized [poss] [obj],posts,I recognized someone from work's posts
Work-based,someone from work,I recognized [poss] [obj],comment,I recognized someone from work's comment
Work-based,someone from work,I recognized [poss] [obj],account,I recognized someone from work's account
Work-based,someone from work,I recognized [poss] [obj],Reddit,I recognized someone from work's Reddit
Work-based,someone from work,I recognized [poss] [obj],profile,I recognized someone from work's profile
Work-based,someone from work,I recognized [poss] [obj],thread,I recognized someone from work's thread
Work-based,someone from work,I recognized [poss] [obj],username,I recognized someone from work's username
Work-based,someone from work,I came across [poss] [obj],post,I came across someone from work's post
Work-based,someone from work,I came across [poss] [obj],posts,I came across someone from work's posts
Work-based,someone from work,I came across [poss] [obj],comment,I came across someone from work's comment
Work-based,someone from work,I came across [poss] [obj],account,I came across someone from work's account
Work-based,someone from work,I came across [poss] [obj],Reddit,I came across someone from work's Reddit
Work-based,someone from work,I came across [poss] [obj],profile,I came across someone from work's profile
Work-based,someone from work,I came across [poss] [obj],thread,I came across someone from work's thread
Work-based,someone from work,I came across [poss] [obj],username,I came across someone from work's username
Work-based,someone from work,I stumbled across [poss] [obj],post,I stumbled across someone from work's post
Work-based,someone from work,I stumbled across [poss] [obj],posts,I stumbled across someone from work's posts
Work-based,someone from work,I stumbled across [poss] [obj],comment,I stumbled across someone from work's comment
Work-based,someone from work,I stumbled across [poss] [obj],account,I stumbled across someone from work's account
Work-based,someone from work,I stumbled across [poss] [obj],Reddit,I stumbled across someone from work's Reddit
Work-based,someone from work,I stumbled across [poss] [obj],profile,I stumbled across someone from work's profile
Work-based,someone from work,I stumbled across [poss] [obj],thread,I stumbled across someone from work's thread
Work-based,someone from work,I stumbled across [poss] [obj],username,I stumbled across someone from work's username
Work-based,someone from work,Is this [poss] [obj],post,Is this someone from work's post
Work-based,someone from work,Is this [poss] [obj],posts,Is this someone from work's posts
Work-based,someone from work,Is this [poss] [obj],comment,Is this someone from work's comment
Work-based,someone from work,Is this [poss] [obj],account,Is this someone from work's account
Work-based,someone from work,Is this [poss] [obj],Reddit,Is this someone from work's Reddit
Work-based,someone from work,Is this [poss] [obj],profile,Is this someone from work's profile
Work-based,someone from work,Is this [poss] [obj],thread,Is this someone from work's thread
Work-based,someone from work,Is this [poss] [obj],username,Is this someone from work's username
Work-based,someone from work,I found out [subj_lower] posts on Reddit,,I found out someone from work posts on Reddit
Work-based,someone from work,I found out [subj_lower] is on Reddit,,I found out someone from work is on Reddit
Work-based,someone from work,I think [subj_lower] is a redditor,,I think someone from work is a redditor
Romantic partner,spouse,I found [poss] [obj],post,I found my spouse's post
Romantic partner,spouse,I found [poss] [obj],posts,I found my spouse's posts
Romantic partner,spouse,I found [poss] [obj],comment,I found my spouse's comment
Romantic partner,spouse,I found [poss] [obj],account,I found my spouse's account
Romantic partner,spouse,I found [poss] [obj],Reddit,I found my spouse's Reddit
Romantic partner,spouse,I found [poss] [obj],profile,I found my spouse's profile
Romantic partner,spouse,I found [poss] [obj],thread,I found my spouse's thread
Romantic partner,spouse,I found [poss] [obj],username,I found my spouse's username
Romantic partner,spouse,Found [poss] [obj],post,Found my spouse's post
Romantic partner,spouse,Found [poss] [obj],posts,Found my spouse's posts
Romantic partner,spouse,Found [poss] [obj],comment,Found my spouse's comment
Romantic partner,spouse,Found [poss] [obj],account,Found my spouse's account
Romantic partner,spouse,Found [poss] [obj],Reddit,Found my spouse's Reddit
Romantic partner,spouse,Found [poss] [obj],profile,Found my spouse's profile
Romantic partner,spouse,Found [poss] [obj],thread,Found my spouse's thread
Romantic partner,spouse,Found [poss] [obj],username,Found my spouse's username
Romantic partner,spouse,I saw [poss] [obj],post,I saw my spouse's post
Romantic partner,spouse,I saw [poss] [obj],posts,I saw my spouse's posts
Romantic partner,spouse,I saw [poss] [obj],comment,I saw my spouse's comment
Romantic partner,spouse,I saw [poss] [obj],account,I saw my spouse's account
Romantic partner,spouse,I saw [poss] [obj],Reddit,I saw my spouse's Reddit
Romantic partner,spouse,I saw [poss] [obj],profile,I saw my spouse's profile
Romantic partner,spouse,I saw [poss] [obj],thread,I saw my spouse's thread
Romantic partner,spouse,I saw [poss] [obj],username,I saw my spouse's username
Romantic partner,spouse,I recognized [poss] [obj],post,I recognized my spouse's post
Romantic partner,spouse,I recognized [poss] [obj],posts,I recognized my spouse's posts
Romantic partner,spouse,I recognized [poss] [obj],comment,I recognized my spouse's comment
Romantic partner,spouse,I recognized [poss] [obj],account,I recognized my spouse's account
Romantic partner,spouse,I recognized [poss] [obj],Reddit,I recognized my spouse's Reddit
Romantic partner,spouse,I recognized [poss] [obj],profile,I recognized my spouse's profile
Romantic partner,spouse,I recognized [poss] [obj],thread,I recognized my spouse's thread
Romantic partner,spouse,I recognized [poss] [obj],username,I recognized my spouse's username
Romantic partner,spouse,I came across [poss] [obj],post,I came across my spouse's post
Romantic partner,spouse,I came across [poss] [obj],posts,I came across my spouse's posts
Romantic partner,spouse,I came across [poss] [obj],comment,I came across my spouse's comment
Romantic partner,spouse,I came across [poss] [obj],account,I came across my spouse's account
Romantic partner,spouse,I came across [poss] [obj],Reddit,I came across my spouse's Reddit
Romantic partner,spouse,I came across [poss] [obj],profile,I came across my spouse's profile
Romantic partner,spouse,I came across [poss] [obj],thread,I came across my spouse's thread
Romantic partner,spouse,I came across [poss] [obj],username,I came across my spouse's username
Romantic partner,spouse,I stumbled across [poss] [obj],post,I stumbled across my spouse's post
Romantic partner,spouse,I stumbled across [poss] [obj],posts,I stumbled across my spouse's posts
Romantic partner,spouse,I stumbled across [poss] [obj],comment,I stumbled across my spouse's comment
Romantic partner,spouse,I stumbled across [poss] [obj],account,I stumbled across my spouse's account
Romantic partner,spouse,I stumbled across [poss] [obj],Reddit,I stumbled across my spouse's Reddit
Romantic partner,spouse,I stumbled across [poss] [obj],profile,I stumbled across my spouse's profile
Romantic partner,spouse,I stumbled across [poss] [obj],thread,I stumbled across my spouse's thread
Romantic partner,spouse,I stumbled across [poss] [obj],username,I stumbled across my spouse's username
Romantic partner,spouse,Is this [poss] [obj],post,Is this my spouse's post
Romantic partner,spouse,Is this [poss] [obj],posts,Is this my spouse's posts
Romantic partner,spouse,Is this [poss] [obj],comment,Is this my spouse's comment
Romantic partner,spouse,Is this [poss] [obj],account,Is this my spouse's account
Romantic partner,spouse,Is this [poss] [obj],Reddit,Is this my spouse's Reddit
Romantic partner,spouse,Is this [poss] [obj],profile,Is this my spouse's profile
Romantic partner,spouse,Is this [poss] [obj],thread,Is this my spouse's thread
Romantic partner,spouse,Is this [poss] [obj],username,Is this my spouse's username
Romantic partner,spouse,I found out [subj_lower] posts on Reddit,,I found out my spouse posts on Reddit
Romantic partner,spouse,I found out [subj_lower] is on Reddit,,I found out my spouse is on Reddit
Romantic partner,spouse,I think [subj_lower] is a redditor,,I think my spouse is a redditor
Work-based,staff,I found [poss] [obj],post,I found the staff's post
Work-based,staff,I found [poss] [obj],posts,I found the staff's posts
Work-based,staff,I found [poss] [obj],comment,I found the staff's comment
Work-based,staff,I found [poss] [obj],account,I found the staff's account
Work-based,staff,I found [poss] [obj],Reddit,I found the staff's Reddit
Work-based,staff,I found [poss] [obj],profile,I found the staff's profile
Work-based,staff,I found [poss] [obj],thread,I found the staff's thread
Work-based,staff,I found [poss] [obj],username,I found the staff's username
Work-based,staff,Found [poss] [obj],post,Found the staff's post
Work-based,staff,Found [poss] [obj],posts,Found the staff's posts
Work-based,staff,Found [poss] [obj],comment,Found the staff's comment
Work-based,staff,Found [poss] [obj],account,Found the staff's account
Work-based,staff,Found [poss] [obj],Reddit,Found the staff's Reddit
Work-based,staff,Found [poss] [obj],profile,Found the staff's profile
Work-based,staff,Found [poss] [obj],thread,Found the staff's thread
Work-based,staff,Found [poss] [obj],username,Found the staff's username
Work-based,staff,I saw [poss] [obj],post,I saw the staff's post
Work-based,staff,I saw [poss] [obj],posts,I saw the staff's posts
Work-based,staff,I saw [poss] [obj],comment,I saw the staff's comment
Work-based,staff,I saw [poss] [obj],account,I saw the staff's account
Work-based,staff,I saw [poss] [obj],Reddit,I saw the staff's Reddit
Work-based,staff,I saw [poss] [obj],profile,I saw the staff's profile
Work-based,staff,I saw [poss] [obj],thread,I saw the staff's thread
Work-based,staff,I saw [poss] [obj],username,I saw the staff's username
Work-based,staff,I recognized [poss] [obj],post,I recognized the staff's post
Work-based,staff,I recognized [poss] [obj],posts,I recognized the staff's posts
Work-based,staff,I recognized [poss] [obj],comment,I recognized the staff's comment
Work-based,staff,I recognized [poss] [obj],account,I recognized the staff's account
Work-based,staff,I recognized [poss] [obj],Reddit,I recognized the staff's Reddit
Work-based,staff,I recognized [poss] [obj],profile,I recognized the staff's profile
Work-based,staff,I recognized [poss] [obj],thread,I recognized the staff's thread
Work-based,staff,I recognized [poss] [obj],username,I recognized the staff's username
Work-based,staff,I came across [poss] [obj],post,I came across the staff's post
Work-based,staff,I came across [poss] [obj],posts,I came across the staff's posts
Work-based,staff,I came across [poss] [obj],comment,I came across the staff's comment
Work-based,staff,I came across [poss] [obj],account,I came across the staff's account
Work-based,staff,I came across [poss] [obj],Reddit,I came across the staff's Reddit
Work-based,staff,I came across [poss] [obj],profile,I came across the staff's profile
Work-based,staff,I came across [poss] [obj],thread,I came across the staff's thread
Work-based,staff,I came across [poss] [obj],username,I came across the staff's username
Work-based,staff,I stumbled across [poss] [obj],post,I stumbled across the staff's post
Work-based,staff,I stumbled across [poss] [obj],posts,I stumbled across the staff's posts
Work-based,staff,I stumbled across [poss] [obj],comment,I stumbled across the staff's comment
Work-based,staff,I stumbled across [poss] [obj],account,I stumbled across the staff's account
Work-based,staff,I stumbled across [poss] [obj],Reddit,I stumbled across the staff's Reddit
Work-based,staff,I stumbled across [poss] [obj],profile,I stumbled across the staff's profile
Work-based,staff,I stumbled across [poss] [obj],thread,I stumbled across the staff's thread
Work-based,staff,I stumbled across [poss] [obj],username,I stumbled across the staff's username
Work-based,staff,Is this [poss] [obj],post,Is this the staff's post
Work-based,staff,Is this [poss] [obj],posts,Is this the staff's posts
Work-based,staff,Is this [poss] [obj],comment,Is this the staff's comment
Work-based,staff,Is this [poss] [obj],account,Is this the staff's account
Work-based,staff,Is this [poss] [obj],Reddit,Is this the staff's Reddit
Work-based,staff,Is this [poss] [obj],profile,Is this the staff's profile
Work-based,staff,Is this [poss] [obj],thread,Is this the staff's thread
Work-based,staff,Is this [poss] [obj],username,Is this the staff's username
Work-based,staff,I found out [subj_lower] posts on Reddit,,I found out the staff posts on Reddit
Work-based,staff,I found out [subj_lower] is on Reddit,,I found out the staff is on Reddit
Work-based,staff,I think [subj_lower] is a redditor,,I think the staff is a redditor
Work-based,staff member,I found [poss] [obj],post,I found a staff member's post
Work-based,staff member,I found [poss] [obj],posts,I found a staff member's posts
Work-based,staff member,I found [poss] [obj],comment,I found a staff member's comment
Work-based,staff member,I found [poss] [obj],account,I found a staff member's account
Work-based,staff member,I found [poss] [obj],Reddit,I found a staff member's Reddit
Work-based,staff member,I found [poss] [obj],profile,I found a staff member's profile
Work-based,staff member,I found [poss] [obj],thread,I found a staff member's thread
Work-based,staff member,I found [poss] [obj],username,I found a staff member's username
Work-based,staff member,Found [poss] [obj],post,Found a staff member's post
Work-based,staff member,Found [poss] [obj],posts,Found a staff member's posts
Work-based,staff member,Found [poss] [obj],comment,Found a staff member's comment
Work-based,staff member,Found [poss] [obj],account,Found a staff member's account
Work-based,staff member,Found [poss] [obj],Reddit,Found a staff member's Reddit
Work-based,staff member,Found [poss] [obj],profile,Found a staff member's profile
Work-based,staff member,Found [poss] [obj],thread,Found a staff member's thread
Work-based,staff member,Found [poss] [obj],username,Found a staff member's username
Work-based,staff member,I saw [poss] [obj],post,I saw a staff member's post
Work-based,staff member,I saw [poss] [obj],posts,I saw a staff member's posts
Work-based,staff member,I saw [poss] [obj],comment,I saw a staff member's comment
Work-based,staff member,I saw [poss] [obj],account,I saw a staff member's account
Work-based,staff member,I saw [poss] [obj],Reddit,I saw a staff member's Reddit
Work-based,staff member,I saw [poss] [obj],profile,I saw a staff member's profile
Work-based,staff member,I saw [poss] [obj],thread,I saw a staff member's thread
Work-based,staff member,I saw [poss] [obj],username,I saw a staff member's username
Work-based,staff member,I recognized [poss] [obj],post,I recognized a staff member's post
Work-based,staff member,I recognized [poss] [obj],posts,I recognized a staff member's posts
Work-based,staff member,I recognized [poss] [obj],comment,I recognized a staff member's comment
Work-based,staff member,I recognized [poss] [obj],account,I recognized a staff member's account
Work-based,staff member,I recognized [poss] [obj],Reddit,I recognized a staff member's Reddit
Work-based,staff member,I recognized [poss] [obj],profile,I recognized a staff member's profile
Work-based,staff member,I recognized [poss] [obj],thread,I recognized a staff member's thread
Work-based,staff member,I recognized [poss] [obj],username,I recognized a staff member's username
Work-based,staff member,I came across [poss] [obj],post,I came across a staff member's post
Work-based,staff member,I came across [poss] [obj],posts,I came across a staff member's posts
Work-based,staff member,I came across [poss] [obj],comment,I came across a staff member's comment
Work-based,staff member,I came across [poss] [obj],account,I came across a staff member's account
Work-based,staff member,I came across [poss] [obj],Reddit,I came across a staff member's Reddit
Work-based,staff member,I came across [poss] [obj],profile,I came across a staff member's profile
Work-based,staff member,I came across [poss] [obj],thread,I came across a staff member's thread
Work-based,staff member,I came across [poss] [obj],username,I came across a staff member's username
Work-based,staff member,I stumbled across [poss] [obj],post,I stumbled across a staff member's post
Work-based,staff member,I stumbled across [poss] [obj],posts,I stumbled across a staff member's posts
Work-based,staff member,I stumbled across [poss] [obj],comment,I stumbled across a staff member's comment
Work-based,staff member,I stumbled across [poss] [obj],account,I stumbled across a staff member's account
Work-based,staff member,I stumbled across [poss] [obj],Reddit,I stumbled across a staff member's Reddit
Work-based,staff member,I stumbled across [poss] [obj],profile,I stumbled across a staff member's profile
Work-based,staff member,I stumbled across [poss] [obj],thread,I stumbled across a staff member's thread
Work-based,staff member,I stumbled across [poss] [obj],username,I stumbled across a staff member's username
Work-based,staff member,Is this [poss] [obj],post,Is this a staff member's post
Work-based,staff member,Is this [poss] [obj],posts,Is this a staff member's posts
Work-based,staff member,Is this [poss] [obj],comment,Is this a staff member's comment
Work-based,staff member,Is this [poss] [obj],account,Is this a staff member's account
Work-based,staff member,Is this [poss] [obj],Reddit,Is this a staff member's Reddit
Work-based,staff member,Is this [poss] [obj],profile,Is this a staff member's profile
Work-based,staff member,Is this [poss] [obj],thread,Is this a staff member's thread
Work-based,staff member,Is this [poss] [obj],username,Is this a staff member's username
Work-based,staff member,I found out [subj_lower] posts on Reddit,,I found out a staff member posts on Reddit
Work-based,staff member,I found out [subj_lower] is on Reddit,,I found out a staff member is on Reddit
Work-based,staff member,I think [subj_lower] is a redditor,,I think a staff member is a redditor
Family,step-dad,I found [poss] [obj],post,I found my step-dad's post
Family,step-dad,I found [poss] [obj],posts,I found my step-dad's posts
Family,step-dad,I found [poss] [obj],comment,I found my step-dad's comment
Family,step-dad,I found [poss] [obj],account,I found my step-dad's account
Family,step-dad,I found [poss] [obj],Reddit,I found my step-dad's Reddit
Family,step-dad,I found [poss] [obj],profile,I found my step-dad's profile
Family,step-dad,I found [poss] [obj],thread,I found my step-dad's thread
Family,step-dad,I found [poss] [obj],username,I found my step-dad's username
Family,step-dad,Found [poss] [obj],post,Found my step-dad's post
Family,step-dad,Found [poss] [obj],posts,Found my step-dad's posts
Family,step-dad,Found [poss] [obj],comment,Found my step-dad's comment
Family,step-dad,Found [poss] [obj],account,Found my step-dad's account
Family,step-dad,Found [poss] [obj],Reddit,Found my step-dad's Reddit
Family,step-dad,Found [poss] [obj],profile,Found my step-dad's profile
Family,step-dad,Found [poss] [obj],thread,Found my step-dad's thread
Family,step-dad,Found [poss] [obj],username,Found my step-dad's username
Family,step-dad,I saw [poss] [obj],post,I saw my step-dad's post
Family,step-dad,I saw [poss] [obj],posts,I saw my step-dad's posts
Family,step-dad,I saw [poss] [obj],comment,I saw my step-dad's comment
Family,step-dad,I saw [poss] [obj],account,I saw my step-dad's account
Family,step-dad,I saw [poss] [obj],Reddit,I saw my step-dad's Reddit
Family,step-dad,I saw [poss] [obj],profile,I saw my step-dad's profile
Family,step-dad,I saw [poss] [obj],thread,I saw my step-dad's thread
Family,step-dad,I saw [poss] [obj],username,I saw my step-dad's username
Family,step-dad,I recognized [poss] [obj],post,I recognized my step-dad's post
Family,step-dad,I recognized [poss] [obj],posts,I recognized my step-dad's posts
Family,step-dad,I recognized [poss] [obj],comment,I recognized my step-dad's comment
Family,step-dad,I recognized [poss] [obj],account,I recognized my step-dad's account
Family,step-dad,I recognized [poss] [obj],Reddit,I recognized my step-dad's Reddit
Family,step-dad,I recognized [poss] [obj],profile,I recognized my step-dad's profile
Family,step-dad,I recognized [poss] [obj],thread,I recognized my step-dad's thread
Family,step-dad,I recognized [poss] [obj],username,I recognized my step-dad's username
Family,step-dad,I came across [poss] [obj],post,I came across my step-dad's post
Family,step-dad,I came across [poss] [obj],posts,I came across my step-dad's posts
Family,step-dad,I came across [poss] [obj],comment,I came across my step-dad's comment
Family,step-dad,I came across [poss] [obj],account,I came across my step-dad's account
Family,step-dad,I came across [poss] [obj],Reddit,I came across my step-dad's Reddit
Family,step-dad,I came across [poss] [obj],profile,I came across my step-dad's profile
Family,step-dad,I came across [poss] [obj],thread,I came across my step-dad's thread
Family,step-dad,I came across [poss] [obj],username,I came across my step-dad's username
Family,step-dad,I stumbled across [poss] [obj],post,I stumbled across my step-dad's post
Family,step-dad,I stumbled across [poss] [obj],posts,I stumbled across my step-dad's posts
Family,step-dad,I stumbled across [poss] [obj],comment,I stumbled across my step-dad's comment
Family,step-dad,I stumbled across [poss] [obj],account,I stumbled across my step-dad's account
Family,step-dad,I stumbled across [poss] [obj],Reddit,I stumbled across my step-dad's Reddit
Family,step-dad,I stumbled across [poss] [obj],profile,I stumbled across my step-dad's profile
Family,step-dad,I stumbled across [poss] [obj],thread,I stumbled across my step-dad's thread
Family,step-dad,I stumbled across [poss] [obj],username,I stumbled across my step-dad's username
Family,step-dad,Is this [poss] [obj],post,Is this my step-dad's post
Family,step-dad,Is this [poss] [obj],posts,Is this my step-dad's posts
Family,step-dad,Is this [poss] [obj],comment,Is this my step-dad's comment
Family,step-dad,Is this [poss] [obj],account,Is this my step-dad's account
Family,step-dad,Is this [poss] [obj],Reddit,Is this my step-dad's Reddit
Family,step-dad,Is this [poss] [obj],profile,Is this my step-dad's profile
Family,step-dad,Is this [poss] [obj],thread,Is this my step-dad's thread
Family,step-dad,Is this [poss] [obj],username,Is this my step-dad's username
Family,step-dad,I found out [subj_lower] posts on Reddit,,I found out my step-dad posts on Reddit
Family,step-dad,I found out [subj_lower] is on Reddit,,I found out my step-dad is on Reddit
Family,step-dad,I think [subj_lower] is a redditor,,I think my step-dad is a redditor
Family,step-father,I found [poss] [obj],post,I found my step-father's post
Family,step-father,I found [poss] [obj],posts,I found my step-father's posts
Family,step-father,I found [poss] [obj],comment,I found my step-father's comment
Family,step-father,I found [poss] [obj],account,I found my step-father's account
Family,step-father,I found [poss] [obj],Reddit,I found my step-father's Reddit
Family,step-father,I found [poss] [obj],profile,I found my step-father's profile
Family,step-father,I found [poss] [obj],thread,I found my step-father's thread
Family,step-father,I found [poss] [obj],username,I found my step-father's username
Family,step-father,Found [poss] [obj],post,Found my step-father's post
Family,step-father,Found [poss] [obj],posts,Found my step-father's posts
Family,step-father,Found [poss] [obj],comment,Found my step-father's comment
Family,step-father,Found [poss] [obj],account,Found my step-father's account
Family,step-father,Found [poss] [obj],Reddit,Found my step-father's Reddit
Family,step-father,Found [poss] [obj],profile,Found my step-father's profile
Family,step-father,Found [poss] [obj],thread,Found my step-father's thread
Family,step-father,Found [poss] [obj],username,Found my step-father's username
Family,step-father,I saw [poss] [obj],post,I saw my step-father's post
Family,step-father,I saw [poss] [obj],posts,I saw my step-father's posts
Family,step-father,I saw [poss] [obj],comment,I saw my step-father's comment
Family,step-father,I saw [poss] [obj],account,I saw my step-father's account
Family,step-father,I saw [poss] [obj],Reddit,I saw my step-father's Reddit
Family,step-father,I saw [poss] [obj],profile,I saw my step-father's profile
Family,step-father,I saw [poss] [obj],thread,I saw my step-father's thread
Family,step-father,I saw [poss] [obj],username,I saw my step-father's username
Family,step-father,I recognized [poss] [obj],post,I recognized my step-father's post
Family,step-father,I recognized [poss] [obj],posts,I recognized my step-father's posts
Family,step-father,I recognized [poss] [obj],comment,I recognized my step-father's comment
Family,step-father,I recognized [poss] [obj],account,I recognized my step-father's account
Family,step-father,I recognized [poss] [obj],Reddit,I recognized my step-father's Reddit
Family,step-father,I recognized [poss] [obj],profile,I recognized my step-father's profile
Family,step-father,I recognized [poss] [obj],thread,I recognized my step-father's thread
Family,step-father,I recognized [poss] [obj],username,I recognized my step-father's username
Family,step-father,I came across [poss] [obj],post,I came across my step-father's post
Family,step-father,I came across [poss] [obj],posts,I came across my step-father's posts
Family,step-father,I came across [poss] [obj],comment,I came across my step-father's comment
Family,step-father,I came across [poss] [obj],account,I came across my step-father's account
Family,step-father,I came across [poss] [obj],Reddit,I came across my step-father's Reddit
Family,step-father,I came across [poss] [obj],profile,I came across my step-father's profile
Family,step-father,I came across [poss] [obj],thread,I came across my step-father's thread
Family,step-father,I came across [poss] [obj],username,I came across my step-father's username
Family,step-father,I stumbled across [poss] [obj],post,I stumbled across my step-father's post
Family,step-father,I stumbled across [poss] [obj],posts,I stumbled across my step-father's posts
Family,step-father,I stumbled across [poss] [obj],comment,I stumbled across my step-father's comment
Family,step-father,I stumbled across [poss] [obj],account,I stumbled across my step-father's account
Family,step-father,I stumbled across [poss] [obj],Reddit,I stumbled across my step-father's Reddit
Family,step-father,I stumbled across [poss] [obj],profile,I stumbled across my step-father's profile
Family,step-father,I stumbled across [poss] [obj],thread,I stumbled across my step-father's thread
Family,step-father,I stumbled across [poss] [obj],username,I stumbled across my step-father's username
Family,step-father,Is this [poss] [obj],post,Is this my step-father's post
Family,step-father,Is this [poss] [obj],posts,Is this my step-father's posts
Family,step-father,Is this [poss] [obj],comment,Is this my step-father's comment
Family,step-father,Is this [poss] [obj],account,Is this my step-father's account
Family,step-father,Is this [poss] [obj],Reddit,Is this my step-father's Reddit
Family,step-father,Is this [poss] [obj],profile,Is this my step-father's profile
Family,step-father,Is this [poss] [obj],thread,Is this my step-father's thread
Family,step-father,Is this [poss] [obj],username,Is this my step-father's username
Family,step-father,I found out [subj_lower] posts on Reddit,,I found out my step-father posts on Reddit
Family,step-father,I found out [subj_lower] is on Reddit,,I found out my step-father is on Reddit
Family,step-father,I think [subj_lower] is a redditor,,I think my step-father is a redditor
Family,step-mom,I found [poss] [obj],post,I found my step-mom's post
Family,step-mom,I found [poss] [obj],posts,I found my step-mom's posts
Family,step-mom,I found [poss] [obj],comment,I found my step-mom's comment
Family,step-mom,I found [poss] [obj],account,I found my step-mom's account
Family,step-mom,I found [poss] [obj],Reddit,I found my step-mom's Reddit
Family,step-mom,I found [poss] [obj],profile,I found my step-mom's profile
Family,step-mom,I found [poss] [obj],thread,I found my step-mom's thread
Family,step-mom,I found [poss] [obj],username,I found my step-mom's username
Family,step-mom,Found [poss] [obj],post,Found my step-mom's post
Family,step-mom,Found [poss] [obj],posts,Found my step-mom's posts
Family,step-mom,Found [poss] [obj],comment,Found my step-mom's comment
Family,step-mom,Found [poss] [obj],account,Found my step-mom's account
Family,step-mom,Found [poss] [obj],Reddit,Found my step-mom's Reddit
Family,step-mom,Found [poss] [obj],profile,Found my step-mom's profile
Family,step-mom,Found [poss] [obj],thread,Found my step-mom's thread
Family,step-mom,Found [poss] [obj],username,Found my step-mom's username
Family,step-mom,I saw [poss] [obj],post,I saw my step-mom's post
Family,step-mom,I saw [poss] [obj],posts,I saw my step-mom's posts
Family,step-mom,I saw [poss] [obj],comment,I saw my step-mom's comment
Family,step-mom,I saw [poss] [obj],account,I saw my step-mom's account
Family,step-mom,I saw [poss] [obj],Reddit,I saw my step-mom's Reddit
Family,step-mom,I saw [poss] [obj],profile,I saw my step-mom's profile
Family,step-mom,I saw [poss] [obj],thread,I saw my step-mom's thread
Family,step-mom,I saw [poss] [obj],username,I saw my step-mom's username
Family,step-mom,I recognized [poss] [obj],post,I recognized my step-mom's post
Family,step-mom,I recognized [poss] [obj],posts,I recognized my step-mom's posts
Family,step-mom,I recognized [poss] [obj],comment,I recognized my step-mom's comment
Family,step-mom,I recognized [poss] [obj],account,I recognized my step-mom's account
Family,step-mom,I recognized [poss] [obj],Reddit,I recognized my step-mom's Reddit
Family,step-mom,I recognized [poss] [obj],profile,I recognized my step-mom's profile
Family,step-mom,I recognized [poss] [obj],thread,I recognized my step-mom's thread
Family,step-mom,I recognized [poss] [obj],username,I recognized my step-mom's username
Family,step-mom,I came across [poss] [obj],post,I came across my step-mom's post
Family,step-mom,I came across [poss] [obj],posts,I came across my step-mom's posts
Family,step-mom,I came across [poss] [obj],comment,I came across my step-mom's comment
Family,step-mom,I came across [poss] [obj],account,I came across my step-mom's account
Family,step-mom,I came across [poss] [obj],Reddit,I came across my step-mom's Reddit
Family,step-mom,I came across [poss] [obj],profile,I came across my step-mom's profile
Family,step-mom,I came across [poss] [obj],thread,I came across my step-mom's thread
Family,step-mom,I came across [poss] [obj],username,I came across my step-mom's username
Family,step-mom,I stumbled across [poss] [obj],post,I stumbled across my step-mom's post
Family,step-mom,I stumbled across [poss] [obj],posts,I stumbled across my step-mom's posts
Family,step-mom,I stumbled across [poss] [obj],comment,I stumbled across my step-mom's comment
Family,step-mom,I stumbled across [poss] [obj],account,I stumbled across my step-mom's account
Family,step-mom,I stumbled across [poss] [obj],Reddit,I stumbled across my step-mom's Reddit
Family,step-mom,I stumbled across [poss] [obj],profile,I stumbled across my step-mom's profile
Family,step-mom,I stumbled across [poss] [obj],thread,I stumbled across my step-mom's thread
Family,step-mom,I stumbled across [poss] [obj],username,I stumbled across my step-mom's username
Family,step-mom,Is this [poss] [obj],post,Is this my step-mom's post
Family,step-mom,Is this [poss] [obj],posts,Is this my step-mom's posts
Family,step-mom,Is this [poss] [obj],comment,Is this my step-mom's comment
Family,step-mom,Is this [poss] [obj],account,Is this my step-mom's account
Family,step-mom,Is this [poss] [obj],Reddit,Is this my step-mom's Reddit
Family,step-mom,Is this [poss] [obj],profile,Is this my step-mom's profile
Family,step-mom,Is this [poss] [obj],thread,Is this my step-mom's thread
Family,step-mom,Is this [poss] [obj],username,Is this my step-mom's username
Family,step-mom,I found out [subj_lower] posts on Reddit,,I found out my step-mom posts on Reddit
Family,step-mom,I found out [subj_lower] is on Reddit,,I found out my step-mom is on Reddit
Family,step-mom,I think [subj_lower] is a redditor,,I think my step-mom is a redditor
Family,step-mother,I found [poss] [obj],post,I found my step-mother's post
Family,step-mother,I found [poss] [obj],posts,I found my step-mother's posts
Family,step-mother,I found [poss] [obj],comment,I found my step-mother's comment
Family,step-mother,I found [poss] [obj],account,I found my step-mother's account
Family,step-mother,I found [poss] [obj],Reddit,I found my step-mother's Reddit
Family,step-mother,I found [poss] [obj],profile,I found my step-mother's profile
Family,step-mother,I found [poss] [obj],thread,I found my step-mother's thread
Family,step-mother,I found [poss] [obj],username,I found my step-mother's username
Family,step-mother,Found [poss] [obj],post,Found my step-mother's post
Family,step-mother,Found [poss] [obj],posts,Found my step-mother's posts
Family,step-mother,Found [poss] [obj],comment,Found my step-mother's comment
Family,step-mother,Found [poss] [obj],account,Found my step-mother's account
Family,step-mother,Found [poss] [obj],Reddit,Found my step-mother's Reddit
Family,step-mother,Found [poss] [obj],profile,Found my step-mother's profile
Family,step-mother,Found [poss] [obj],thread,Found my step-mother's thread
Family,step-mother,Found [poss] [obj],username,Found my step-mother's username
Family,step-mother,I saw [poss] [obj],post,I saw my step-mother's post
Family,step-mother,I saw [poss] [obj],posts,I saw my step-mother's posts
Family,step-mother,I saw [poss] [obj],comment,I saw my step-mother's comment
Family,step-mother,I saw [poss] [obj],account,I saw my step-mother's account
Family,step-mother,I saw [poss] [obj],Reddit,I saw my step-mother's Reddit
Family,step-mother,I saw [poss] [obj],profile,I saw my step-mother's profile
Family,step-mother,I saw [poss] [obj],thread,I saw my step-mother's thread
Family,step-mother,I saw [poss] [obj],username,I saw my step-mother's username
Family,step-mother,I recognized [poss] [obj],post,I recognized my step-mother's post
Family,step-mother,I recognized [poss] [obj],posts,I recognized my step-mother's posts
Family,step-mother,I recognized [poss] [obj],comment,I recognized my step-mother's comment
Family,step-mother,I recognized [poss] [obj],account,I recognized my step-mother's account
Family,step-mother,I recognized [poss] [obj],Reddit,I recognized my step-mother's Reddit
Family,step-mother,I recognized [poss] [obj],profile,I recognized my step-mother's profile
Family,step-mother,I recognized [poss] [obj],thread,I recognized my step-mother's thread
Family,step-mother,I recognized [poss] [obj],username,I recognized my step-mother's username
Family,step-mother,I came across [poss] [obj],post,I came across my step-mother's post
Family,step-mother,I came across [poss] [obj],posts,I came across my step-mother's posts
Family,step-mother,I came across [poss] [obj],comment,I came across my step-mother's comment
Family,step-mother,I came across [poss] [obj],account,I came across my step-mother's account
Family,step-mother,I came across [poss] [obj],Reddit,I came across my step-mother's Reddit
Family,step-mother,I came across [poss] [obj],profile,I came across my step-mother's profile
Family,step-mother,I came across [poss] [obj],thread,I came across my step-mother's thread
Family,step-mother,I came across [poss] [obj],username,I came across my step-mother's username
Family,step-mother,I stumbled across [poss] [obj],post,I stumbled across my step-mother's post
Family,step-mother,I stumbled across [poss] [obj],posts,I stumbled across my step-mother's posts
Family,step-mother,I stumbled across [poss] [obj],comment,I stumbled across my step-mother's comment
Family,step-mother,I stumbled across [poss] [obj],account,I stumbled across my step-mother's account
Family,step-mother,I stumbled across [poss] [obj],Reddit,I stumbled across my step-mother's Reddit
Family,step-mother,I stumbled across [poss] [obj],profile,I stumbled across my step-mother's profile
Family,step-mother,I stumbled across [poss] [obj],thread,I stumbled across my step-mother's thread
Family,step-mother,I stumbled across [poss] [obj],username,I stumbled across my step-mother's username
Family,step-mother,Is this [poss] [obj],post,Is this my step-mother's post
Family,step-mother,Is this [poss] [obj],posts,Is this my step-mother's posts
Family,step-mother,Is this [poss] [obj],comment,Is this my step-mother's comment
Family,step-mother,Is this [poss] [obj],account,Is this my step-mother's account
Family,step-mother,Is this [poss] [obj],Reddit,Is this my step-mother's Reddit
Family,step-mother,Is this [poss] [obj],profile,Is this my step-mother's profile
Family,step-mother,Is this [poss] [obj],thread,Is this my step-mother's thread
Family,step-mother,Is this [poss] [obj],username,Is this my step-mother's username
Family,step-mother,I found out [subj_lower] posts on Reddit,,I found out my step-mother posts on Reddit
Family,step-mother,I found out [subj_lower] is on Reddit,,I found out my step-mother is on Reddit
Family,step-mother,I think [subj_lower] is a redditor,,I think my step-mother is a redditor
Family,step-parent,I found [poss] [obj],post,I found my step-parent's post
Family,step-parent,I found [poss] [obj],posts,I found my step-parent's posts
Family,step-parent,I found [poss] [obj],comment,I found my step-parent's comment
Family,step-parent,I found [poss] [obj],account,I found my step-parent's account
Family,step-parent,I found [poss] [obj],Reddit,I found my step-parent's Reddit
Family,step-parent,I found [poss] [obj],profile,I found my step-parent's profile
Family,step-parent,I found [poss] [obj],thread,I found my step-parent's thread
Family,step-parent,I found [poss] [obj],username,I found my step-parent's username
Family,step-parent,Found [poss] [obj],post,Found my step-parent's post
Family,step-parent,Found [poss] [obj],posts,Found my step-parent's posts
Family,step-parent,Found [poss] [obj],comment,Found my step-parent's comment
Family,step-parent,Found [poss] [obj],account,Found my step-parent's account
Family,step-parent,Found [poss] [obj],Reddit,Found my step-parent's Reddit
Family,step-parent,Found [poss] [obj],profile,Found my step-parent's profile
Family,step-parent,Found [poss] [obj],thread,Found my step-parent's thread
Family,step-parent,Found [poss] [obj],username,Found my step-parent's username
Family,step-parent,I saw [poss] [obj],post,I saw my step-parent's post
Family,step-parent,I saw [poss] [obj],posts,I saw my step-parent's posts
Family,step-parent,I saw [poss] [obj],comment,I saw my step-parent's comment
Family,step-parent,I saw [poss] [obj],account,I saw my step-parent's account
Family,step-parent,I saw [poss] [obj],Reddit,I saw my step-parent's Reddit
Family,step-parent,I saw [poss] [obj],profile,I saw my step-parent's profile
Family,step-parent,I saw [poss] [obj],thread,I saw my step-parent's thread
Family,step-parent,I saw [poss] [obj],username,I saw my step-parent's username
Family,step-parent,I recognized [poss] [obj],post,I recognized my step-parent's post
Family,step-parent,I recognized [poss] [obj],posts,I recognized my step-parent's posts
Family,step-parent,I recognized [poss] [obj],comment,I recognized my step-parent's comment
Family,step-parent,I recognized [poss] [obj],account,I recognized my step-parent's account
Family,step-parent,I recognized [poss] [obj],Reddit,I recognized my step-parent's Reddit
Family,step-parent,I recognized [poss] [obj],profile,I recognized my step-parent's profile
Family,step-parent,I recognized [poss] [obj],thread,I recognized my step-parent's thread
Family,step-parent,I recognized [poss] [obj],username,I recognized my step-parent's username
Family,step-parent,I came across [poss] [obj],post,I came across my step-parent's post
Family,step-parent,I came across [poss] [obj],posts,I came across my step-parent's posts
Family,step-parent,I came across [poss] [obj],comment,I came across my step-parent's comment
Family,step-parent,I came across [poss] [obj],account,I came across my step-parent's account
Family,step-parent,I came across [poss] [obj],Reddit,I came across my step-parent's Reddit
Family,step-parent,I came across [poss] [obj],profile,I came across my step-parent's profile
Family,step-parent,I came across [poss] [obj],thread,I came across my step-parent's thread
Family,step-parent,I came across [poss] [obj],username,I came across my step-parent's username
Family,step-parent,I stumbled across [poss] [obj],post,I stumbled across my step-parent's post
Family,step-parent,I stumbled across [poss] [obj],posts,I stumbled across my step-parent's posts
Family,step-parent,I stumbled across [poss] [obj],comment,I stumbled across my step-parent's comment
Family,step-parent,I stumbled across [poss] [obj],account,I stumbled across my step-parent's account
Family,step-parent,I stumbled across [poss] [obj],Reddit,I stumbled across my step-parent's Reddit
Family,step-parent,I stumbled across [poss] [obj],profile,I stumbled across my step-parent's profile
Family,step-parent,I stumbled across [poss] [obj],thread,I stumbled across my step-parent's thread
Family,step-parent,I stumbled across [poss] [obj],username,I stumbled across my step-parent's username
Family,step-parent,Is this [poss] [obj],post,Is this my step-parent's post
Family,step-parent,Is this [poss] [obj],posts,Is this my step-parent's posts
Family,step-parent,Is this [poss] [obj],comment,Is this my step-parent's comment
Family,step-parent,Is this [poss] [obj],account,Is this my step-parent's account
Family,step-parent,Is this [poss] [obj],Reddit,Is this my step-parent's Reddit
Family,step-parent,Is this [poss] [obj],profile,Is this my step-parent's profile
Family,step-parent,Is this [poss] [obj],thread,Is this my step-parent's thread
Family,step-parent,Is this [poss] [obj],username,Is this my step-parent's username
Family,step-parent,I found out [subj_lower] posts on Reddit,,I found out my step-parent posts on Reddit
Family,step-parent,I found out [subj_lower] is on Reddit,,I found out my step-parent is on Reddit
Family,step-parent,I think [subj_lower] is a redditor,,I think my step-parent is a redditor
Work-based,supervisor,I found [poss] [obj],post,I found my supervisor's post
Work-based,supervisor,I found [poss] [obj],posts,I found my supervisor's posts
Work-based,supervisor,I found [poss] [obj],comment,I found my supervisor's comment
Work-based,supervisor,I found [poss] [obj],account,I found my supervisor's account
Work-based,supervisor,I found [poss] [obj],Reddit,I found my supervisor's Reddit
Work-based,supervisor,I found [poss] [obj],profile,I found my supervisor's profile
Work-based,supervisor,I found [poss] [obj],thread,I found my supervisor's thread
Work-based,supervisor,I found [poss] [obj],username,I found my supervisor's username
Work-based,supervisor,Found [poss] [obj],post,Found my supervisor's post
Work-based,supervisor,Found [poss] [obj],posts,Found my supervisor's posts
Work-based,supervisor,Found [poss] [obj],comment,Found my supervisor's comment
Work-based,supervisor,Found [poss] [obj],account,Found my supervisor's account
Work-based,supervisor,Found [poss] [obj],Reddit,Found my supervisor's Reddit
Work-based,supervisor,Found [poss] [obj],profile,Found my supervisor's profile
Work-based,supervisor,Found [poss] [obj],thread,Found my supervisor's thread
Work-based,supervisor,Found [poss] [obj],username,Found my supervisor's username
Work-based,supervisor,I saw [poss] [obj],post,I saw my supervisor's post
Work-based,supervisor,I saw [poss] [obj],posts,I saw my supervisor's posts
Work-based,supervisor,I saw [poss] [obj],comment,I saw my supervisor's comment
Work-based,supervisor,I saw [poss] [obj],account,I saw my supervisor's account
Work-based,supervisor,I saw [poss] [obj],Reddit,I saw my supervisor's Reddit
Work-based,supervisor,I saw [poss] [obj],profile,I saw my supervisor's profile
Work-based,supervisor,I saw [poss] [obj],thread,I saw my supervisor's thread
Work-based,supervisor,I saw [poss] [obj],username,I saw my supervisor's username
Work-based,supervisor,I recognized [poss] [obj],post,I recognized my supervisor's post
Work-based,supervisor,I recognized [poss] [obj],posts,I recognized my supervisor's posts
Work-based,supervisor,I recognized [poss] [obj],comment,I recognized my supervisor's comment
Work-based,supervisor,I recognized [poss] [obj],account,I recognized my supervisor's account
Work-based,supervisor,I recognized [poss] [obj],Reddit,I recognized my supervisor's Reddit
Work-based,supervisor,I recognized [poss] [obj],profile,I recognized my supervisor's profile
Work-based,supervisor,I recognized [poss] [obj],thread,I recognized my supervisor's thread
Work-based,supervisor,I recognized [poss] [obj],username,I recognized my supervisor's username
Work-based,supervisor,I came across [poss] [obj],post,I came across my supervisor's post
Work-based,supervisor,I came across [poss] [obj],posts,I came across my supervisor's posts
Work-based,supervisor,I came across [poss] [obj],comment,I came across my supervisor's comment
Work-based,supervisor,I came across [poss] [obj],account,I came across my supervisor's account
Work-based,supervisor,I came across [poss] [obj],Reddit,I came across my supervisor's Reddit
Work-based,supervisor,I came across [poss] [obj],profile,I came across my supervisor's profile
Work-based,supervisor,I came across [poss] [obj],thread,I came across my supervisor's thread
Work-based,supervisor,I came across [poss] [obj],username,I came across my supervisor's username
Work-based,supervisor,I stumbled across [poss] [obj],post,I stumbled across my supervisor's post
Work-based,supervisor,I stumbled across [poss] [obj],posts,I stumbled across my supervisor's posts
Work-based,supervisor,I stumbled across [poss] [obj],comment,I stumbled across my supervisor's comment
Work-based,supervisor,I stumbled across [poss] [obj],account,I stumbled across my supervisor's account
Work-based,supervisor,I stumbled across [poss] [obj],Reddit,I stumbled across my supervisor's Reddit
Work-based,supervisor,I stumbled across [poss] [obj],profile,I stumbled across my supervisor's profile
Work-based,supervisor,I stumbled across [poss] [obj],thread,I stumbled across my supervisor's thread
Work-based,supervisor,I stumbled across [poss] [obj],username,I stumbled across my supervisor's username
Work-based,supervisor,Is this [poss] [obj],post,Is this my supervisor's post
Work-based,supervisor,Is this [poss] [obj],posts,Is this my supervisor's posts
Work-based,supervisor,Is this [poss] [obj],comment,Is this my supervisor's comment
Work-based,supervisor,Is this [poss] [obj],account,Is this my supervisor's account
Work-based,supervisor,Is this [poss] [obj],Reddit,Is this my supervisor's Reddit
Work-based,supervisor,Is this [poss] [obj],profile,Is this my supervisor's profile
Work-based,supervisor,Is this [poss] [obj],thread,Is this my supervisor's thread
Work-based,supervisor,Is this [poss] [obj],username,Is this my supervisor's username
Work-based,supervisor,I found out [subj_lower] posts on Reddit,,I found out my supervisor posts on Reddit
Work-based,supervisor,I found out [subj_lower] is on Reddit,,I found out my supervisor is on Reddit
Work-based,supervisor,I think [subj_lower] is a redditor,,I think my supervisor is a redditor
School-based,teacher,I found [poss] [obj],post,I found my teacher's post
School-based,teacher,I found [poss] [obj],posts,I found my teacher's posts
School-based,teacher,I found [poss] [obj],comment,I found my teacher's comment
School-based,teacher,I found [poss] [obj],account,I found my teacher's account
School-based,teacher,I found [poss] [obj],Reddit,I found my teacher's Reddit
School-based,teacher,I found [poss] [obj],profile,I found my teacher's profile
School-based,teacher,I found [poss] [obj],thread,I found my teacher's thread
School-based,teacher,I found [poss] [obj],username,I found my teacher's username
School-based,teacher,Found [poss] [obj],post,Found my teacher's post
School-based,teacher,Found [poss] [obj],posts,Found my teacher's posts
School-based,teacher,Found [poss] [obj],comment,Found my teacher's comment
School-based,teacher,Found [poss] [obj],account,Found my teacher's account
School-based,teacher,Found [poss] [obj],Reddit,Found my teacher's Reddit
School-based,teacher,Found [poss] [obj],profile,Found my teacher's profile
School-based,teacher,Found [poss] [obj],thread,Found my teacher's thread
School-based,teacher,Found [poss] [obj],username,Found my teacher's username
School-based,teacher,I saw [poss] [obj],post,I saw my teacher's post
School-based,teacher,I saw [poss] [obj],posts,I saw my teacher's posts
School-based,teacher,I saw [poss] [obj],comment,I saw my teacher's comment
School-based,teacher,I saw [poss] [obj],account,I saw my teacher's account
School-based,teacher,I saw [poss] [obj],Reddit,I saw my teacher's Reddit
School-based,teacher,I saw [poss] [obj],profile,I saw my teacher's profile
School-based,teacher,I saw [poss] [obj],thread,I saw my teacher's thread
School-based,teacher,I saw [poss] [obj],username,I saw my teacher's username
School-based,teacher,I recognized [poss] [obj],post,I recognized my teacher's post
School-based,teacher,I recognized [poss] [obj],posts,I recognized my teacher's posts
School-based,teacher,I recognized [poss] [obj],comment,I recognized my teacher's comment
School-based,teacher,I recognized [poss] [obj],account,I recognized my teacher's account
School-based,teacher,I recognized [poss] [obj],Reddit,I recognized my teacher's Reddit
School-based,teacher,I recognized [poss] [obj],profile,I recognized my teacher's profile
School-based,teacher,I recognized [poss] [obj],thread,I recognized my teacher's thread
School-based,teacher,I recognized [poss] [obj],username,I recognized my teacher's username
School-based,teacher,I came across [poss] [obj],post,I came across my teacher's post
School-based,teacher,I came across [poss] [obj],posts,I came across my teacher's posts
School-based,teacher,I came across [poss] [obj],comment,I came across my teacher's comment
School-based,teacher,I came across [poss] [obj],account,I came across my teacher's account
School-based,teacher,I came across [poss] [obj],Reddit,I came across my teacher's Reddit
School-based,teacher,I came across [poss] [obj],profile,I came across my teacher's profile
School-based,teacher,I came across [poss] [obj],thread,I came across my teacher's thread
School-based,teacher,I came across [poss] [obj],username,I came across my teacher's username
School-based,teacher,I stumbled across [poss] [obj],post,I stumbled across my teacher's post
School-based,teacher,I stumbled across [poss] [obj],posts,I stumbled across my teacher's posts
School-based,teacher,I stumbled across [poss] [obj],comment,I stumbled across my teacher's comment
School-based,teacher,I stumbled across [poss] [obj],account,I stumbled across my teacher's account
School-based,teacher,I stumbled across [poss] [obj],Reddit,I stumbled across my teacher's Reddit
School-based,teacher,I stumbled across [poss] [obj],profile,I stumbled across my teacher's profile
School-based,teacher,I stumbled across [poss] [obj],thread,I stumbled across my teacher's thread
School-based,teacher,I stumbled across [poss] [obj],username,I stumbled across my teacher's username
School-based,teacher,Is this [poss] [obj],post,Is this my teacher's post
School-based,teacher,Is this [poss] [obj],posts,Is this my teacher's posts
School-based,teacher,Is this [poss] [obj],comment,Is this my teacher's comment
School-based,teacher,Is this [poss] [obj],account,Is this my teacher's account
School-based,teacher,Is this [poss] [obj],Reddit,Is this my teacher's Reddit
School-based,teacher,Is this [poss] [obj],profile,Is this my teacher's profile
School-based,teacher,Is this [poss] [obj],thread,Is this my teacher's thread
School-based,teacher,Is this [poss] [obj],username,Is this my teacher's username
School-based,teacher,I found out [subj_lower] posts on Reddit,,I found out my teacher posts on Reddit
School-based,teacher,I found out [subj_lower] is on Reddit,,I found out my teacher is on Reddit
School-based,teacher,I think [subj_lower] is a redditor,,I think my teacher is a redditor
Family,uncle,I found [poss] [obj],post,I found my uncle's post
Family,uncle,I found [poss] [obj],posts,I found my uncle's posts
Family,uncle,I found [poss] [obj],comment,I found my uncle's comment
Family,uncle,I found [poss] [obj],account,I found my uncle's account
Family,uncle,I found [poss] [obj],Reddit,I found my uncle's Reddit
Family,uncle,I found [poss] [obj],profile,I found my uncle's profile
Family,uncle,I found [poss] [obj],thread,I found my uncle's thread
Family,uncle,I found [poss] [obj],username,I found my uncle's username
Family,uncle,Found [poss] [obj],post,Found my uncle's post
Family,uncle,Found [poss] [obj],posts,Found my uncle's posts
Family,uncle,Found [poss] [obj],comment,Found my uncle's comment
Family,uncle,Found [poss] [obj],account,Found my uncle's account
Family,uncle,Found [poss] [obj],Reddit,Found my uncle's Reddit
Family,uncle,Found [poss] [obj],profile,Found my uncle's profile
Family,uncle,Found [poss] [obj],thread,Found my uncle's thread
Family,uncle,Found [poss] [obj],username,Found my uncle's username
Family,uncle,I saw [poss] [obj],post,I saw my uncle's post
Family,uncle,I saw [poss] [obj],posts,I saw my uncle's posts
Family,uncle,I saw [poss] [obj],comment,I saw my uncle's comment
Family,uncle,I saw [poss] [obj],account,I saw my uncle's account
Family,uncle,I saw [poss] [obj],Reddit,I saw my uncle's Reddit
Family,uncle,I saw [poss] [obj],profile,I saw my uncle's profile
Family,uncle,I saw [poss] [obj],thread,I saw my uncle's thread
Family,uncle,I saw [poss] [obj],username,I saw my uncle's username
Family,uncle,I recognized [poss] [obj],post,I recognized my uncle's post
Family,uncle,I recognized [poss] [obj],posts,I recognized my uncle's posts
Family,uncle,I recognized [poss] [obj],comment,I recognized my uncle's comment
Family,uncle,I recognized [poss] [obj],account,I recognized my uncle's account
Family,uncle,I recognized [poss] [obj],Reddit,I recognized my uncle's Reddit
Family,uncle,I recognized [poss] [obj],profile,I recognized my uncle's profile
Family,uncle,I recognized [poss] [obj],thread,I recognized my uncle's thread
Family,uncle,I recognized [poss] [obj],username,I recognized my uncle's username
Family,uncle,I came across [poss] [obj],post,I came across my uncle's post
Family,uncle,I came across [poss] [obj],posts,I came across my uncle's posts
Family,uncle,I came across [poss] [obj],comment,I came across my uncle's comment
Family,uncle,I came across [poss] [obj],account,I came across my uncle's account
Family,uncle,I came across [poss] [obj],Reddit,I came across my uncle's Reddit
Family,uncle,I came across [poss] [obj],profile,I came across my uncle's profile
Family,uncle,I came across [poss] [obj],thread,I came across my uncle's thread
Family,uncle,I came across [poss] [obj],username,I came across my uncle's username
Family,uncle,I stumbled across [poss] [obj],post,I stumbled across my uncle's post
Family,uncle,I stumbled across [poss] [obj],posts,I stumbled across my uncle's posts
Family,uncle,I stumbled across [poss] [obj],comment,I stumbled across my uncle's comment
Family,uncle,I stumbled across [poss] [obj],account,I stumbled across my uncle's account
Family,uncle,I stumbled across [poss] [obj],Reddit,I stumbled across my uncle's Reddit
Family,uncle,I stumbled across [poss] [obj],profile,I stumbled across my uncle's profile
Family,uncle,I stumbled across [poss] [obj],thread,I stumbled across my uncle's thread
Family,uncle,I stumbled across [poss] [obj],username,I stumbled across my uncle's username
Family,uncle,Is this [poss] [obj],post,Is this my uncle's post
Family,uncle,Is this [poss] [obj],posts,Is this my uncle's posts
Family,uncle,Is this [poss] [obj],comment,Is this my uncle's comment
Family,uncle,Is this [poss] [obj],account,Is this my uncle's account
Family,uncle,Is this [poss] [obj],Reddit,Is this my uncle's Reddit
Family,uncle,Is this [poss] [obj],profile,Is this my uncle's profile
Family,uncle,Is this [poss] [obj],thread,Is this my uncle's thread
Family,uncle,Is this [poss] [obj],username,Is this my uncle's username
Family,uncle,I found out [subj_lower] posts on Reddit,,I found out my uncle posts on Reddit
Family,uncle,I found out [subj_lower] is on Reddit,,I found out my uncle is on Reddit
Family,uncle,I think [subj_lower] is a redditor,,I think my uncle is a redditor
School-based,university,I found [poss] [obj],post,I found my university's post
School-based,university,I found [poss] [obj],posts,I found my university's posts
School-based,university,I found [poss] [obj],comment,I found my university's comment
School-based,university,I found [poss] [obj],account,I found my university's account
School-based,university,I found [poss] [obj],Reddit,I found my university's Reddit
School-based,university,I found [poss] [obj],profile,I found my university's profile
School-based,university,I found [poss] [obj],thread,I found my university's thread
School-based,university,I found [poss] [obj],username,I found my university's username
School-based,university,Found [poss] [obj],post,Found my university's post
School-based,university,Found [poss] [obj],posts,Found my university's posts
School-based,university,Found [poss] [obj],comment,Found my university's comment
School-based,university,Found [poss] [obj],account,Found my university's account
School-based,university,Found [poss] [obj],Reddit,Found my university's Reddit
School-based,university,Found [poss] [obj],profile,Found my university's profile
School-based,university,Found [poss] [obj],thread,Found my university's thread
School-based,university,Found [poss] [obj],username,Found my university's username
School-based,university,I saw [poss] [obj],post,I saw my university's post
School-based,university,I saw [poss] [obj],posts,I saw my university's posts
School-based,university,I saw [poss] [obj],comment,I saw my university's comment
School-based,university,I saw [poss] [obj],account,I saw my university's account
School-based,university,I saw [poss] [obj],Reddit,I saw my university's Reddit
School-based,university,I saw [poss] [obj],profile,I saw my university's profile
School-based,university,I saw [poss] [obj],thread,I saw my university's thread
School-based,university,I saw [poss] [obj],username,I saw my university's username
School-based,university,I recognized [poss] [obj],post,I recognized my university's post
School-based,university,I recognized [poss] [obj],posts,I recognized my university's posts
School-based,university,I recognized [poss] [obj],comment,I recognized my university's comment
School-based,university,I recognized [poss] [obj],account,I recognized my university's account
School-based,university,I recognized [poss] [obj],Reddit,I recognized my university's Reddit
School-based,university,I recognized [poss] [obj],profile,I recognized my university's profile
School-based,university,I recognized [poss] [obj],thread,I recognized my university's thread
School-based,university,I recognized [poss] [obj],username,I recognized my university's username
School-based,university,I came across [poss] [obj],post,I came across my university's post
School-based,university,I came across [poss] [obj],posts,I came across my university's posts
School-based,university,I came across [poss] [obj],comment,I came across my university's comment
School-based,university,I came across [poss] [obj],account,I came across my university's account
School-based,university,I came across [poss] [obj],Reddit,I came across my university's Reddit
School-based,university,I came across [poss] [obj],profile,I came across my university's profile
School-based,university,I came across [poss] [obj],thread,I came across my university's thread
School-based,university,I came across [poss] [obj],username,I came across my university's username
School-based,university,I stumbled across [poss] [obj],post,I stumbled across my university's post
School-based,university,I stumbled across [poss] [obj],posts,I stumbled across my university's posts
School-based,university,I stumbled across [poss] [obj],comment,I stumbled across my university's comment
School-based,university,I stumbled across [poss] [obj],account,I stumbled across my university's account
School-based,university,I stumbled across [poss] [obj],Reddit,I stumbled across my university's Reddit
School-based,university,I stumbled across [poss] [obj],profile,I stumbled across my university's profile
School-based,university,I stumbled across [poss] [obj],thread,I stumbled across my university's thread
School-based,university,I stumbled across [poss] [obj],username,I stumbled across my university's username
School-based,university,Is this [poss] [obj],post,Is this my university's post
School-based,university,Is this [poss] [obj],posts,Is this my university's posts
School-based,university,Is this [poss] [obj],comment,Is this my university's comment
School-based,university,Is this [poss] [obj],account,Is this my university's account
School-based,university,Is this [poss] [obj],Reddit,Is this my university's Reddit
School-based,university,Is this [poss] [obj],profile,Is this my university's profile
School-based,university,Is this [poss] [obj],thread,Is this my university's thread
School-based,university,Is this [poss] [obj],username,Is this my university's username
School-based,university,I found out [subj_lower] posts on Reddit,,I found out my university posts on Reddit
School-based,university,I found out [subj_lower] is on Reddit,,I found out my university is on Reddit
School-based,university,I think [subj_lower] is a redditor,,I think my university is a redditor
Romantic partner,wife,I found [poss] [obj],post,I found my wife's post
Romantic partner,wife,I found [poss] [obj],posts,I found my wife's posts
Romantic partner,wife,I found [poss] [obj],comment,I found my wife's comment
Romantic partner,wife,I found [poss] [obj],account,I found my wife's account
Romantic partner,wife,I found [poss] [obj],Reddit,I found my wife's Reddit
Romantic partner,wife,I found [poss] [obj],profile,I found my wife's profile
Romantic partner,wife,I found [poss] [obj],thread,I found my wife's thread
Romantic partner,wife,I found [poss] [obj],username,I found my wife's username
Romantic partner,wife,Found [poss] [obj],post,Found my wife's post
Romantic partner,wife,Found [poss] [obj],posts,Found my wife's posts
Romantic partner,wife,Found [poss] [obj],comment,Found my wife's comment
Romantic partner,wife,Found [poss] [obj],account,Found my wife's account
Romantic partner,wife,Found [poss] [obj],Reddit,Found my wife's Reddit
Romantic partner,wife,Found [poss] [obj],profile,Found my wife's profile
Romantic partner,wife,Found [poss] [obj],thread,Found my wife's thread
Romantic partner,wife,Found [poss] [obj],username,Found my wife's username
Romantic partner,wife,I saw [poss] [obj],post,I saw my wife's post
Romantic partner,wife,I saw [poss] [obj],posts,I saw my wife's posts
Romantic partner,wife,I saw [poss] [obj],comment,I saw my wife's comment
Romantic partner,wife,I saw [poss] [obj],account,I saw my wife's account
Romantic partner,wife,I saw [poss] [obj],Reddit,I saw my wife's Reddit
Romantic partner,wife,I saw [poss] [obj],profile,I saw my wife's profile
Romantic partner,wife,I saw [poss] [obj],thread,I saw my wife's thread
Romantic partner,wife,I saw [poss] [obj],username,I saw my wife's username
Romantic partner,wife,I recognized [poss] [obj],post,I recognized my wife's post
Romantic partner,wife,I recognized [poss] [obj],posts,I recognized my wife's posts
Romantic partner,wife,I recognized [poss] [obj],comment,I recognized my wife's comment
Romantic partner,wife,I recognized [poss] [obj],account,I recognized my wife's account
Romantic partner,wife,I recognized [poss] [obj],Reddit,I recognized my wife's Reddit
Romantic partner,wife,I recognized [poss] [obj],profile,I recognized my wife's profile
Romantic partner,wife,I recognized [poss] [obj],thread,I recognized my wife's thread
Romantic partner,wife,I recognized [poss] [obj],username,I recognized my wife's username
Romantic partner,wife,I came across [poss] [obj],post,I came across my wife's post
Romantic partner,wife,I came across [poss] [obj],posts,I came across my wife's posts
Romantic partner,wife,I came across [poss] [obj],comment,I came across my wife's comment
Romantic partner,wife,I came across [poss] [obj],account,I came across my wife's account
Romantic partner,wife,I came across [poss] [obj],Reddit,I came across my wife's Reddit
Romantic partner,wife,I came across [poss] [obj],profile,I came across my wife's profile
Romantic partner,wife,I came across [poss] [obj],thread,I came across my wife's thread
Romantic partner,wife,I came across [poss] [obj],username,I came across my wife's username
Romantic partner,wife,I stumbled across [poss] [obj],post,I stumbled across my wife's post
Romantic partner,wife,I stumbled across [poss] [obj],posts,I stumbled across my wife's posts
Romantic partner,wife,I stumbled across [poss] [obj],comment,I stumbled across my wife's comment
Romantic partner,wife,I stumbled across [poss] [obj],account,I stumbled across my wife's account
Romantic partner,wife,I stumbled across [poss] [obj],Reddit,I stumbled across my wife's Reddit
Romantic partner,wife,I stumbled across [poss] [obj],profile,I stumbled across my wife's profile
Romantic partner,wife,I stumbled across [poss] [obj],thread,I stumbled across my wife's thread
Romantic partner,wife,I stumbled across [poss] [obj],username,I stumbled across my wife's username
Romantic partner,wife,Is this [poss] [obj],post,Is this my wife's post
Romantic partner,wife,Is this [poss] [obj],posts,Is this my wife's posts
Romantic partner,wife,Is this [poss] [obj],comment,Is this my wife's comment
Romantic partner,wife,Is this [poss] [obj],account,Is this my wife's account
Romantic partner,wife,Is this [poss] [obj],Reddit,Is this my wife's Reddit
Romantic partner,wife,Is this [poss] [obj],profile,Is this my wife's profile
Romantic partner,wife,Is this [poss] [obj],thread,Is this my wife's thread
Romantic partner,wife,Is this [poss] [obj],username,Is this my wife's username
Romantic partner,wife,I found out [subj_lower] posts on Reddit,,I found out my wife posts on Reddit
Romantic partner,wife,I found out [subj_lower] is on Reddit,,I found out my wife is on Reddit
Romantic partner,wife,I think [subj_lower] is a redditor,,I think my wife is a redditor
Work-based,work,I found [poss] [obj],post,I found work's post
Work-based,work,I found [poss] [obj],posts,I found work's posts
Work-based,work,I found [poss] [obj],comment,I found work's comment
Work-based,work,I found [poss] [obj],account,I found work's account
Work-based,work,I found [poss] [obj],Reddit,I found work's Reddit
Work-based,work,I found [poss] [obj],profile,I found work's profile
Work-based,work,I found [poss] [obj],thread,I found work's thread
Work-based,work,I found [poss] [obj],username,I found work's username
Work-based,work,Found [poss] [obj],post,Found work's post
Work-based,work,Found [poss] [obj],posts,Found work's posts
Work-based,work,Found [poss] [obj],comment,Found work's comment
Work-based,work,Found [poss] [obj],account,Found work's account
Work-based,work,Found [poss] [obj],Reddit,Found work's Reddit
Work-based,work,Found [poss] [obj],profile,Found work's profile
Work-based,work,Found [poss] [obj],thread,Found work's thread
Work-based,work,Found [poss] [obj],username,Found work's username
Work-based,work,I saw [poss] [obj],post,I saw work's post
Work-based,work,I saw [poss] [obj],posts,I saw work's posts
Work-based,work,I saw [poss] [obj],comment,I saw work's comment
Work-based,work,I saw [poss] [obj],account,I saw work's account
Work-based,work,I saw [poss] [obj],Reddit,I saw work's Reddit
Work-based,work,I saw [poss] [obj],profile,I saw work's profile
Work-based,work,I saw [poss] [obj],thread,I saw work's thread
Work-based,work,I saw [poss] [obj],username,I saw work's username
Work-based,work,I recognized [poss] [obj],post,I recognized work's post
Work-based,work,I recognized [poss] [obj],posts,I recognized work's posts
Work-based,work,I recognized [poss] [obj],comment,I recognized work's comment
Work-based,work,I recognized [poss] [obj],account,I recognized work's account
Work-based,work,I recognized [poss] [obj],Reddit,I recognized work's Reddit
Work-based,work,I recognized [poss] [obj],profile,I recognized work's profile
Work-based,work,I recognized [poss] [obj],thread,I recognized work's thread
Work-based,work,I recognized [poss] [obj],username,I recognized work's username
Work-based,work,I came across [poss] [obj],post,I came across work's post
Work-based,work,I came across [poss] [obj],posts,I came across work's posts
Work-based,work,I came across [poss] [obj],comment,I came across work's comment
Work-based,work,I came across [poss] [obj],account,I came across work's account
Work-based,work,I came across [poss] [obj],Reddit,I came across work's Reddit
Work-based,work,I came across [poss] [obj],profile,I came across work's profile
Work-based,work,I came across [poss] [obj],thread,I came across work's thread
Work-based,work,I came across [poss] [obj],username,I came across work's username
Work-based,work,I stumbled across [poss] [obj],post,I stumbled across work's post
Work-based,work,I stumbled across [poss] [obj],posts,I stumbled across work's posts
Work-based,work,I stumbled across [poss] [obj],comment,I stumbled across work's comment
Work-based,work,I stumbled across [poss] [obj],account,I stumbled across work's account
Work-based,work,I stumbled across [poss] [obj],Reddit,I stumbled across work's Reddit
Work-based,work,I stumbled across [poss] [obj],profile,I stumbled across work's profile
Work-based,work,I stumbled across [poss] [obj],thread,I stumbled across work's thread
Work-based,work,I stumbled across [poss] [obj],username,I stumbled across work's username
Work-based,work,Is this [poss] [obj],post,Is this work's post
Work-based,work,Is this [poss] [obj],posts,Is this work's posts
Work-based,work,Is this [poss] [obj],comment,Is this work's comment
Work-based,work,Is this [poss] [obj],account,Is this work's account
Work-based,work,Is this [poss] [obj],Reddit,Is this work's Reddit
Work-based,work,Is this [poss] [obj],profile,Is this work's profile
Work-based,work,Is this [poss] [obj],thread,Is this work's thread
Work-based,work,Is this [poss] [obj],username,Is this work's username
Work-based,work,I found out [subj_lower] posts on Reddit,,I found out work posts on Reddit
Work-based,work,I found out [subj_lower] is on Reddit,,I found out work is on Reddit
Work-based,work,I think [subj_lower] is a redditor,,I think work is a redditor
Work-based,worker,I found [poss] [obj],post,I found a worker's post
Work-based,worker,I found [poss] [obj],posts,I found a worker's posts
Work-based,worker,I found [poss] [obj],comment,I found a worker's comment
Work-based,worker,I found [poss] [obj],account,I found a worker's account
Work-based,worker,I found [poss] [obj],Reddit,I found a worker's Reddit
Work-based,worker,I found [poss] [obj],profile,I found a worker's profile
Work-based,worker,I found [poss] [obj],thread,I found a worker's thread
Work-based,worker,I found [poss] [obj],username,I found a worker's username
Work-based,worker,Found [poss] [obj],post,Found a worker's post
Work-based,worker,Found [poss] [obj],posts,Found a worker's posts
Work-based,worker,Found [poss] [obj],comment,Found a worker's comment
Work-based,worker,Found [poss] [obj],account,Found a worker's account
Work-based,worker,Found [poss] [obj],Reddit,Found a worker's Reddit
Work-based,worker,Found [poss] [obj],profile,Found a worker's profile
Work-based,worker,Found [poss] [obj],thread,Found a worker's thread
Work-based,worker,Found [poss] [obj],username,Found a worker's username
Work-based,worker,I saw [poss] [obj],post,I saw a worker's post
Work-based,worker,I saw [poss] [obj],posts,I saw a worker's posts
Work-based,worker,I saw [poss] [obj],comment,I saw a worker's comment
Work-based,worker,I saw [poss] [obj],account,I saw a worker's account
Work-based,worker,I saw [poss] [obj],Reddit,I saw a worker's Reddit
Work-based,worker,I saw [poss] [obj],profile,I saw a worker's profile
Work-based,worker,I saw [poss] [obj],thread,I saw a worker's thread
Work-based,worker,I saw [poss] [obj],username,I saw a worker's username
Work-based,worker,I recognized [poss] [obj],post,I recognized a worker's post
Work-based,worker,I recognized [poss] [obj],posts,I recognized a worker's posts
Work-based,worker,I recognized [poss] [obj],comment,I recognized a worker's comment
Work-based,worker,I recognized [poss] [obj],account,I recognized a worker's account
Work-based,worker,I recognized [poss] [obj],Reddit,I recognized a worker's Reddit
Work-based,worker,I recognized [poss] [obj],profile,I recognized a worker's profile
Work-based,worker,I recognized [poss] [obj],thread,I recognized a worker's thread
Work-based,worker,I recognized [poss] [obj],username,I recognized a worker's username
Work-based,worker,I came across [poss] [obj],post,I came across a worker's post
Work-based,worker,I came across [poss] [obj],posts,I came across a worker's posts
Work-based,worker,I came across [poss] [obj],comment,I came across a worker's comment
Work-based,worker,I came across [poss] [obj],account,I came across a worker's account
Work-based,worker,I came across [poss] [obj],Reddit,I came across a worker's Reddit
Work-based,worker,I came across [poss] [obj],profile,I came across a worker's profile
Work-based,worker,I came across [poss] [obj],thread,I came across a worker's thread
Work-based,worker,I came across [poss] [obj],username,I came across a worker's username
Work-based,worker,I stumbled across [poss] [obj],post,I stumbled across a worker's post
Work-based,worker,I stumbled across [poss] [obj],posts,I stumbled across a worker's posts
Work-based,worker,I stumbled across [poss] [obj],comment,I stumbled across a worker's comment
Work-based,worker,I stumbled across [poss] [obj],account,I stumbled across a worker's account
Work-based,worker,I stumbled across [poss] [obj],Reddit,I stumbled across a worker's Reddit
Work-based,worker,I stumbled across [poss] [obj],profile,I stumbled across a worker's profile
Work-based,worker,I stumbled across [poss] [obj],thread,I stumbled across a worker's thread
Work-based,worker,I stumbled across [poss] [obj],username,I stumbled across a worker's username
Work-based,worker,Is this [poss] [obj],post,Is this a worker's post
Work-based,worker,Is this [poss] [obj],posts,Is this a worker's posts
Work-based,worker,Is this [poss] [obj],comment,Is this a worker's comment
Work-based,worker,Is this [poss] [obj],account,Is this a worker's account
Work-based,worker,Is this [poss] [obj],Reddit,Is this a worker's Reddit
Work-based,worker,Is this [poss] [obj],profile,Is this a worker's profile
Work-based,worker,Is this [poss] [obj],thread,Is this a worker's thread
Work-based,worker,Is this [poss] [obj],username,Is this a worker's username
Work-based,worker,I found out [subj_lower] posts on Reddit,,I found out a worker posts on Reddit
Work-based,worker,I found out [subj_lower] is on Reddit,,I found out a worker is on Reddit
Work-based,worker,I think [subj_lower] is a redditor,,I think a worker is a redditor
Work-based,workplace,I found [poss] [obj],post,I found my workplace's post
Work-based,workplace,I found [poss] [obj],posts,I found my workplace's posts
Work-based,workplace,I found [poss] [obj],comment,I found my workplace's comment
Work-based,workplace,I found [poss] [obj],account,I found my workplace's account
Work-based,workplace,I found [poss] [obj],Reddit,I found my workplace's Reddit
Work-based,workplace,I found [poss] [obj],profile,I found my workplace's profile
Work-based,workplace,I found [poss] [obj],thread,I found my workplace's thread
Work-based,workplace,I found [poss] [obj],username,I found my workplace's username
Work-based,workplace,Found [poss] [obj],post,Found my workplace's post
Work-based,workplace,Found [poss] [obj],posts,Found my workplace's posts
Work-based,workplace,Found [poss] [obj],comment,Found my workplace's comment
Work-based,workplace,Found [poss] [obj],account,Found my workplace's account
Work-based,workplace,Found [poss] [obj],Reddit,Found my workplace's Reddit
Work-based,workplace,Found [poss] [obj],profile,Found my workplace's profile
Work-based,workplace,Found [poss] [obj],thread,Found my workplace's thread
Work-based,workplace,Found [poss] [obj],username,Found my workplace's username
Work-based,workplace,I saw [poss] [obj],post,I saw my workplace's post
Work-based,workplace,I saw [poss] [obj],posts,I saw my workplace's posts
Work-based,workplace,I saw [poss] [obj],comment,I saw my workplace's comment
Work-based,workplace,I saw [poss] [obj],account,I saw my workplace's account
Work-based,workplace,I saw [poss] [obj],Reddit,I saw my workplace's Reddit
Work-based,workplace,I saw [poss] [obj],profile,I saw my workplace's profile
Work-based,workplace,I saw [poss] [obj],thread,I saw my workplace's thread
Work-based,workplace,I saw [poss] [obj],username,I saw my workplace's username
Work-based,workplace,I recognized [poss] [obj],post,I recognized my workplace's post
Work-based,workplace,I recognized [poss] [obj],posts,I recognized my workplace's posts
Work-based,workplace,I recognized [poss] [obj],comment,I recognized my workplace's comment
Work-based,workplace,I recognized [poss] [obj],account,I recognized my workplace's account
Work-based,workplace,I recognized [poss] [obj],Reddit,I recognized my workplace's Reddit
Work-based,workplace,I recognized [poss] [obj],profile,I recognized my workplace's profile
Work-based,workplace,I recognized [poss] [obj],thread,I recognized my workplace's thread
Work-based,workplace,I recognized [poss] [obj],username,I recognized my workplace's username
Work-based,workplace,I came across [poss] [obj],post,I came across my workplace's post
Work-based,workplace,I came across [poss] [obj],posts,I came across my workplace's posts
Work-based,workplace,I came across [poss] [obj],comment,I came across my workplace's comment
Work-based,workplace,I came across [poss] [obj],account,I came across my workplace's account
Work-based,workplace,I came across [poss] [obj],Reddit,I came across my workplace's Reddit
Work-based,workplace,I came across [poss] [obj],profile,I came across my workplace's profile
Work-based,workplace,I came across [poss] [obj],thread,I came across my workplace's thread
Work-based,workplace,I came across [poss] [obj],username,I came across my workplace's username
Work-based,workplace,I stumbled across [poss] [obj],post,I stumbled across my workplace's post
Work-based,workplace,I stumbled across [poss] [obj],posts,I stumbled across my workplace's posts
Work-based,workplace,I stumbled across [poss] [obj],comment,I stumbled across my workplace's comment
Work-based,workplace,I stumbled across [poss] [obj],account,I stumbled across my workplace's account
Work-based,workplace,I stumbled across [poss] [obj],Reddit,I stumbled across my workplace's Reddit
Work-based,workplace,I stumbled across [poss] [obj],profile,I stumbled across my workplace's profile
Work-based,workplace,I stumbled across [poss] [obj],thread,I stumbled across my workplace's thread
Work-based,workplace,I stumbled across [poss] [obj],username,I stumbled across my workplace's username
Work-based,workplace,Is this [poss] [obj],post,Is this my workplace's post
Work-based,workplace,Is this [poss] [obj],posts,Is this my workplace's posts
Work-based,workplace,Is this [poss] [obj],comment,Is this my workplace's comment
Work-based,workplace,Is this [poss] [obj],account,Is this my workplace's account
Work-based,workplace,Is this [poss] [obj],Reddit,Is this my workplace's Reddit
Work-based,workplace,Is this [poss] [obj],profile,Is this my workplace's profile
Work-based,workplace,Is this [poss] [obj],thread,Is this my workplace's thread
Work-based,workplace,Is this [poss] [obj],username,Is this my workplace's username
Work-based,workplace,I found out [subj_lower] posts on Reddit,,I found out my workplace posts on Reddit
Work-based,workplace,I found out [subj_lower] is on Reddit,,I found out my workplace is on Reddit
Work-based,workplace,I think [subj_lower] is a redditor,,I think my workplace is a redditor
